0,0.0,0.0,0.18980169971671387,-0.06232294617563739,0.28611898016997167,-0.23796033994334279,0.31444759206798867,-0.42209631728045327,0.35127478753541075,-0.5694050991501416,0.1813031161473088,-0.46458923512747874,0.20679886685552407,-0.6572237960339944,0.20113314447592068,-0.7875354107648725,0.1954674220963173,-0.9065155807365439,0.0708215297450425,-0.48158640226628896,0.09631728045325778,-0.7110481586402266,0.1048158640226629,-0.8640226628895185,0.11898016997167139,-1.0,-0.036827195467422094,-0.45609065155807366,-0.019830028328611898,-0.6685552407932012,0.0,-0.8073654390934845,0.028328611898016998,-0.9263456090651558,-0.14730878186968838,-0.3909348441926346,-0.14730878186968838,-0.546742209631728,-0.13031161473087818,-0.6543909348441926,-0.10198300283286119,-0.7592067988668555
0,0.0,0.0,0.2005813953488372,-0.046511627906976744,0.29651162790697677,-0.22674418604651161,0.3226744186046512,-0.4127906976744186,0.36046511627906974,-0.5697674418604651,0.18023255813953487,-0.45348837209302323,0.20348837209302326,-0.6569767441860465,0.2005813953488372,-0.7877906976744186,0.19186046511627908,-0.9098837209302325,0.06686046511627906,-0.47093023255813954,0.09011627906976744,-0.7034883720930233,0.09883720930232558,-0.8633720930232558,0.10755813953488372,-1.0,-0.046511627906976744,-0.438953488372093,-0.03197674418604651,-0.6569767441860465,-0.011627906976744186,-0.7994186046511628,0.011627906976744186,-0.9215116279069767,-0.15988372093023256,-0.3691860465116279,-0.15988372093023256,-0.5319767441860465,-0.14244186046511628,-0.6424418604651163,-0.11337209302325581,-0.747093023255814
0,0.0,0.0,0.20474777448071216,-0.01483679525222552,0.3115727002967359,-0.19881305637982197,0.34124629080118696,-0.3916913946587537,0.37091988130563797,-0.5548961424332344,0.18991097922848665,-0.4332344213649852,0.21364985163204747,-0.6439169139465876,0.20771513353115728,-0.7804154302670623,0.20178041543026706,-0.9080118694362018,0.06824925816023739,-0.44807121661721067,0.09198813056379822,-0.6943620178041543,0.10089020771513353,-0.857566765578635,0.10979228486646884,-1.0,-0.04747774480712166,-0.41543026706231456,-0.03560830860534125,-0.6439169139465876,-0.01483679525222552,-0.7922848664688428,0.008902077151335312,-0.9198813056379822,-0.1661721068249258,-0.34421364985163205,-0.1661721068249258,-0.5133531157270029,-0.14836795252225518,-0.6261127596439169,-0.12166172106824925,-0.7359050445103857
0,0.0,0.0,0.20294117647058824,-0.023529411764705882,0.31176470588235294,-0.20294117647058824,0.3382352941176471,-0.3911764705882353,0.36470588235294116,-0.55,0.19117647058823528,-0.43823529411764706,0.22058823529411764,-0.6411764705882353,0.21470588235294116,-0.7794117647058824,0.20588235294117646,-0.9029411764705882,0.07352941176470588,-0.45588235294117646,0.09705882352941177,-0.6941176470588235,0.10588235294117647,-0.8558823529411764,0.11176470588235295,-1.0,-0.041176470588235294,-0.4235294117647059,-0.026470588235294117,-0.65,-0.008823529411764706,-0.7941176470588235,0.01764705882352941,-0.9235294117647059,-0.1588235294117647,-0.35294117647058826,-0.16176470588235295,-0.5147058823529411,-0.14411764705882352,-0.6264705882352941,-0.11764705882352941,-0.7382352941176471
0,0.0,0.0,0.19602272727272727,-0.05965909090909091,0.3096590909090909,-0.2471590909090909,0.32954545454545453,-0.4318181818181818,0.35795454545454547,-0.5710227272727273,0.19886363636363635,-0.4715909090909091,0.22443181818181818,-0.6704545454545454,0.2215909090909091,-0.8011363636363636,0.21306818181818182,-0.9176136363636364,0.08522727272727272,-0.48863636363636365,0.10795454545454546,-0.7159090909090909,0.11647727272727272,-0.8693181818181818,0.12215909090909091,-1.0,-0.02556818181818182,-0.4602272727272727,-0.008522727272727272,-0.6761363636363636,0.008522727272727272,-0.8096590909090909,0.028409090909090908,-0.9289772727272727,-0.13920454545454544,-0.39488636363636365,-0.13920454545454544,-0.5568181818181818,-0.12215909090909091,-0.6619318181818182,-0.09943181818181818,-0.7613636363636364
0,0.0,0.0,0.1917808219178082,-0.07671232876712329,0.29315068493150687,-0.27123287671232876,0.3232876712328767,-0.4520547945205479,0.36164383561643837,-0.589041095890411,0.19726027397260273,-0.4931506849315068,0.2328767123287671,-0.673972602739726,0.2328767123287671,-0.7945205479452054,0.2273972602739726,-0.9041095890410958,0.0958904109589041,-0.5150684931506849,0.12602739726027398,-0.7287671232876712,0.13972602739726028,-0.873972602739726,0.14794520547945206,-1.0,-0.005479452054794521,-0.4931506849315068,0.0136986301369863,-0.6958904109589041,0.03561643835616438,-0.821917808219178,0.057534246575342465,-0.936986301369863,-0.11506849315068493,-0.43561643835616437,-0.1095890410958904,-0.589041095890411,-0.09041095890410959,-0.6904109589041096,-0.06301369863013699,-0.7890410958904109
0,0.0,0.0,0.184,-0.104,0.288,-0.29333333333333333,0.312,-0.4693333333333333,0.3546666666666667,-0.6,0.208,-0.5173333333333333,0.23733333333333334,-0.6906666666666667,0.23733333333333334,-0.8026666666666666,0.22933333333333333,-0.9093333333333333,0.10666666666666667,-0.5386666666666666,0.136,-0.7386666666666667,0.14666666666666667,-0.8746666666666667,0.15733333333333333,-1.0,0.008,-0.5173333333333333,0.029333333333333333,-0.7093333333333334,0.050666666666666665,-0.8293333333333334,0.072,-0.9386666666666666,-0.096,-0.4613333333333333,-0.088,-0.608,-0.06666666666666667,-0.704,-0.04,-0.8
0,0.0,0.0,0.19230769230769232,-0.10164835164835165,0.2967032967032967,-0.2967032967032967,0.3241758241758242,-0.4697802197802198,0.35714285714285715,-0.5989010989010989,0.21703296703296704,-0.5137362637362637,0.25,-0.6868131868131868,0.25274725274725274,-0.7994505494505495,0.25274725274725274,-0.9065934065934066,0.11813186813186813,-0.5384615384615384,0.1510989010989011,-0.7417582417582418,0.16758241758241757,-0.8763736263736264,0.17582417582417584,-1.0,0.02197802197802198,-0.5192307692307693,0.04395604395604396,-0.7115384615384616,0.06868131868131869,-0.8324175824175825,0.08791208791208792,-0.9395604395604396,-0.08241758241758242,-0.4697802197802198,-0.07142857142857142,-0.6153846153846154,-0.04945054945054945,-0.7142857142857143,-0.024725274725274724,-0.8076923076923077
0,0.0,0.0,0.18904109589041096,-0.10136986301369863,0.2876712328767123,-0.3013698630136986,0.30684931506849317,-0.473972602739726,0.34794520547945207,-0.6,0.20821917808219179,-0.5150684931506849,0.23835616438356164,-0.6904109589041096,0.24383561643835616,-0.8027397260273973,0.24383561643835616,-0.9095890410958904,0.1095890410958904,-0.536986301369863,0.14520547945205478,-0.7424657534246575,0.1589041095890411,-0.8767123287671232,0.16986301369863013,-1.0,0.0136986301369863,-0.5178082191780822,0.038356164383561646,-0.7123287671232876,0.06027397260273973,-0.8328767123287671,0.0821917808219178,-0.9397260273972603,-0.08767123287671233,-0.4657534246575342,-0.07671232876712329,-0.6136986301369863,-0.052054794520547946,-0.7123287671232876,-0.024657534246575342,-0.8082191780821918
0,0.0,0.0,0.1907356948228883,-0.09809264305177112,0.29427792915531337,-0.2970027247956403,0.3188010899182561,-0.4713896457765668,0.36239782016348776,-0.5994550408719346,0.21525885558583105,-0.5204359673024523,0.2506811989100817,-0.6948228882833788,0.25340599455040874,-0.8065395095367848,0.2506811989100817,-0.9128065395095368,0.11989100817438691,-0.5422343324250681,0.15258855585831063,-0.7411444141689373,0.16893732970027248,-0.8773841961852861,0.18256130790190736,-1.0,0.02452316076294278,-0.5231607629427792,0.051771117166212535,-0.7138964577656676,0.07356948228882834,-0.8337874659400545,0.09809264305177112,-0.9427792915531336,-0.07901907356948229,-0.46866485013623976,-0.0653950953678474,-0.6185286103542235,-0.03814713896457766,-0.7166212534059946,-0.005449591280653951,-0.8147138964577657
0,0.0,0.0,0.18867924528301888,-0.1105121293800539,0.2830188679245283,-0.3045822102425876,0.30727762803234504,-0.477088948787062,0.3504043126684636,-0.6064690026954178,0.1967654986522911,-0.5067385444743935,0.23180592991913745,-0.6819407008086253,0.2398921832884097,-0.7951482479784366,0.2398921832884097,-0.9056603773584906,0.10242587601078167,-0.5283018867924528,0.14016172506738545,-0.7331536388140162,0.15902964959568733,-0.8706199460916442,0.1725067385444744,-1.0,0.01078167115902965,-0.5094339622641509,0.04043126684636118,-0.7035040431266847,0.0646900269541779,-0.8274932614555256,0.0862533692722372,-0.9380053908355795,-0.0889487870619946,-0.4582210242587601,-0.07277628032345014,-0.6064690026954178,-0.04582210242587601,-0.7088948787061995,-0.016172506738544475,-0.8113207547169812
0,0.0,0.0,0.18666666666666668,-0.10666666666666667,0.2826666666666667,-0.30133333333333334,0.30933333333333335,-0.4746666666666667,0.3546666666666667,-0.6053333333333333,0.208,-0.5173333333333333,0.23733333333333334,-0.688,0.24,-0.7973333333333333,0.24,-0.9066666666666666,0.11466666666666667,-0.5413333333333333,0.14666666666666667,-0.736,0.16266666666666665,-0.872,0.17866666666666667,-1.0,0.021333333333333333,-0.5173333333333333,0.04533333333333334,-0.7093333333333334,0.06933333333333333,-0.8266666666666667,0.09333333333333334,-0.9386666666666666,-0.07733333333333334,-0.464,-0.06133333333333333,-0.6106666666666667,-0.034666666666666665,-0.7093333333333334,-0.0026666666666666666,-0.808
0,0.0,0.0,0.18421052631578946,-0.10263157894736842,0.2868421052631579,-0.29210526315789476,0.31842105263157894,-0.46842105263157896,0.3631578947368421,-0.6026315789473684,0.21842105263157896,-0.5184210526315789,0.25,-0.6894736842105263,0.25526315789473686,-0.8,0.2578947368421053,-0.9105263157894737,0.12631578947368421,-0.5394736842105263,0.15789473684210525,-0.7368421052631579,0.1763157894736842,-0.8710526315789474,0.19210526315789472,-1.0,0.031578947368421054,-0.5184210526315789,0.060526315789473685,-0.7131578947368421,0.08421052631578947,-0.8289473684210527,0.10789473684210527,-0.9421052631578948,-0.07105263157894737,-0.4631578947368421,-0.05263157894736842,-0.6105263157894737,-0.02368421052631579,-0.7078947368421052,0.007894736842105263,-0.8078947368421052
0,0.0,0.0,0.1906005221932115,-0.09660574412532637,0.3028720626631854,-0.2845953002610966,0.3263707571801567,-0.4595300261096606,0.36553524804177545,-0.587467362924282,0.2193211488250653,-0.5195822454308094,0.2454308093994778,-0.6919060052219321,0.2506527415143603,-0.804177545691906,0.2506527415143603,-0.9112271540469974,0.1227154046997389,-0.5378590078328982,0.15404699738903394,-0.7389033942558747,0.17232375979112272,-0.8720626631853786,0.1906005221932115,-1.0,0.031331592689295036,-0.5169712793733682,0.05221932114882506,-0.7075718015665796,0.07571801566579635,-0.8276762402088773,0.09660574412532637,-0.9373368146214099,-0.07049608355091384,-0.4595300261096606,-0.05483028720626632,-0.608355091383812,-0.028720626631853787,-0.7075718015665796,0.0,-0.8093994778067886
0,0.0,0.0,0.18911917098445596,-0.10103626943005181,0.29533678756476683,-0.27979274611398963,0.32124352331606215,-0.45077720207253885,0.3549222797927461,-0.5906735751295337,0.21243523316062177,-0.5181347150259067,0.24352331606217617,-0.689119170984456,0.25129533678756477,-0.8005181347150259,0.2538860103626943,-0.9093264248704663,0.11917098445595854,-0.538860103626943,0.15284974093264247,-0.7357512953367875,0.17357512953367876,-0.8704663212435233,0.18911917098445596,-1.0,0.025906735751295335,-0.5155440414507773,0.054404145077720206,-0.7098445595854922,0.07772020725388601,-0.8290155440414507,0.10103626943005181,-0.9404145077720207,-0.07512953367875648,-0.46113989637305697,-0.05699481865284974,-0.6088082901554405,-0.02849740932642487,-0.7098445595854922,0.0051813471502590676,-0.810880829015544
0,0.0,0.0,0.18461538461538463,-0.1,0.28974358974358977,-0.2948717948717949,0.32564102564102565,-0.4666666666666667,0.36923076923076925,-0.5974358974358974,0.2153846153846154,-0.517948717948718,0.24615384615384617,-0.6897435897435897,0.25384615384615383,-0.7974358974358975,0.258974358974359,-0.9025641025641026,0.12564102564102564,-0.5384615384615384,0.1564102564102564,-0.735897435897436,0.17692307692307693,-0.8692307692307693,0.19487179487179487,-1.0,0.03333333333333333,-0.517948717948718,0.05897435897435897,-0.7128205128205128,0.08205128205128205,-0.8307692307692308,0.1076923076923077,-0.9435897435897436,-0.0641025641025641,-0.4641025641025641,-0.05128205128205128,-0.6076923076923076,-0.023076923076923078,-0.7051282051282052,0.007692307692307693,-0.8051282051282052
0,0.0,0.0,0.18181818181818182,-0.10695187165775401,0.27540106951871657,-0.31016042780748665,0.2967914438502674,-0.47593582887700536,0.339572192513369,-0.5962566844919787,0.19518716577540107,-0.5187165775401069,0.22192513368983957,-0.6898395721925134,0.22994652406417113,-0.7994652406417112,0.232620320855615,-0.9064171122994652,0.0962566844919786,-0.5401069518716578,0.12566844919786097,-0.7406417112299465,0.14171122994652408,-0.8743315508021391,0.15508021390374332,-1.0,0.00267379679144385,-0.5213903743315508,0.02406417112299465,-0.7112299465240641,0.045454545454545456,-0.8315508021390374,0.06684491978609626,-0.9411764705882353,-0.0962566844919786,-0.4679144385026738,-0.08823529411764706,-0.6149732620320856,-0.06417112299465241,-0.713903743315508,-0.0374331550802139,-0.8074866310160428
0,0.0,0.0,0.18328840970350405,-0.1105121293800539,0.2722371967654987,-0.31536388140161725,0.29649595687331537,-0.48787061994609165,0.33153638814016173,-0.6145552560646901,0.18328840970350405,-0.5256064690026954,0.21024258760107817,-0.7035040431266847,0.21293800539083557,-0.8140161725067385,0.21024258760107817,-0.9191374663072777,0.0862533692722372,-0.5444743935309974,0.11320754716981132,-0.7439353099730458,0.12398921832884097,-0.8787061994609164,0.1320754716981132,-1.0,-0.008086253369272238,-0.5256064690026954,0.008086253369272238,-0.7142857142857143,0.026954177897574125,-0.8247978436657682,0.04043126684636118,-0.9245283018867925,-0.1078167115902965,-0.4743935309973046,-0.10242587601078167,-0.6172506738544474,-0.08355795148247978,-0.7115902964959568,-0.06199460916442048,-0.8032345013477089
0,0.0,0.0,0.1897018970189702,-0.11924119241192412,0.28184281842818426,-0.31978319783197834,0.2981029810298103,-0.4959349593495935,0.32791327913279134,-0.6287262872628726,0.17344173441734417,-0.5311653116531165,0.1978319783197832,-0.7073170731707317,0.2032520325203252,-0.8184281842818428,0.2005420054200542,-0.924119241192412,0.07588075880758807,-0.5474254742547425,0.0975609756097561,-0.7479674796747967,0.10840108401084012,-0.8807588075880759,0.11653116531165311,-1.0,-0.018970189701897018,-0.5230352303523035,-0.0027100271002710027,-0.7154471544715447,0.018970189701897018,-0.8373983739837398,0.037940379403794036,-0.943089430894309,-0.11653116531165311,-0.46612466124661245,-0.11382113821138211,-0.6097560975609756,-0.0975609756097561,-0.7073170731707317,-0.07588075880758807,-0.7994579945799458
0,0.0,0.0,0.175,-0.125,0.25555555555555554,-0.32222222222222224,0.28055555555555556,-0.5,0.30277777777777776,-0.6333333333333333,0.15833333333333333,-0.5277777777777778,0.175,-0.7083333333333334,0.16944444444444445,-0.8194444444444444,0.16111111111111112,-0.925,0.058333333333333334,-0.5444444444444444,0.07222222222222222,-0.7444444444444445,0.075,-0.8777777777777778,0.07777777777777778,-1.0,-0.03888888888888889,-0.5194444444444445,-0.03333333333333333,-0.7138888888888889,-0.022222222222222223,-0.8333333333333334,-0.008333333333333333,-0.9416666666666667,-0.1388888888888889,-0.46111111111111114,-0.14444444444444443,-0.6027777777777777,-0.13055555555555556,-0.7,-0.1111111111111111,-0.7916666666666666
0,0.0,0.0,0.18233618233618235,-0.1225071225071225,0.2706552706552707,-0.32193732193732194,0.30484330484330485,-0.49572649572649574,0.3333333333333333,-0.6239316239316239,0.16809116809116809,-0.5242165242165242,0.18803418803418803,-0.7122507122507122,0.18803418803418803,-0.8290598290598291,0.18518518518518517,-0.9316239316239316,0.05982905982905983,-0.5384615384615384,0.06837606837606838,-0.7492877492877493,0.07407407407407407,-0.886039886039886,0.07977207977207977,-1.0,-0.045584045584045586,-0.50997150997151,-0.05698005698005698,-0.7065527065527065,-0.05128205128205128,-0.8290598290598291,-0.039886039886039885,-0.9344729344729344,-0.150997150997151,-0.4472934472934473,-0.17663817663817663,-0.5897435897435898,-0.17663817663817663,-0.6866096866096866,-0.17094017094017094,-0.7806267806267806
0,0.0,0.0,0.18529411764705883,-0.11470588235294117,0.29705882352941176,-0.3,0.34705882352941175,-0.4676470588235294,0.38823529411764707,-0.5941176470588235,0.1676470588235294,-0.5117647058823529,0.2,-0.7,0.20588235294117646,-0.8176470588235294,0.20588235294117646,-0.9235294117647059,0.05,-0.5264705882352941,0.06764705882352941,-0.7411764705882353,0.07352941176470588,-0.8794117647058823,0.07352941176470588,-1.0,-0.058823529411764705,-0.4970588235294118,-0.07647058823529412,-0.6970588235294117,-0.07941176470588235,-0.8235294117647058,-0.07352941176470588,-0.9323529411764706,-0.17352941176470588,-0.4323529411764706,-0.22941176470588234,-0.5735294117647058,-0.2529411764705882,-0.6705882352941176,-0.2676470588235294,-0.7676470588235295
0,0.0,0.0,0.1893491124260355,-0.10946745562130178,0.30177514792899407,-0.2988165680473373,0.35502958579881655,-0.46449704142011833,0.40236686390532544,-0.5857988165680473,0.17159763313609466,-0.514792899408284,0.20414201183431951,-0.7011834319526628,0.21301775147928995,-0.8195266272189349,0.21893491124260356,-0.9230769230769231,0.05621301775147929,-0.5295857988165681,0.07100591715976332,-0.7396449704142012,0.07988165680473373,-0.8816568047337278,0.08284023668639054,-1.0,-0.05325443786982249,-0.5,-0.07100591715976332,-0.6982248520710059,-0.07100591715976332,-0.8224852071005917,-0.06804733727810651,-0.9319526627218935,-0.16272189349112426,-0.4349112426035503,-0.21893491124260356,-0.5739644970414202,-0.24260355029585798,-0.6715976331360947,-0.257396449704142,-0.7662721893491125
0,0.0,0.0,0.19345238095238096,-0.1130952380952381,0.30952380952380953,-0.2976190476190476,0.3630952380952381,-0.46726190476190477,0.4107142857142857,-0.5863095238095238,0.17559523809523808,-0.5148809523809523,0.2113095238095238,-0.6994047619047619,0.22321428571428573,-0.8184523809523809,0.2261904761904762,-0.9255952380952381,0.0625,-0.5297619047619048,0.07738095238095238,-0.7440476190476191,0.08630952380952381,-0.8839285714285714,0.09226190476190477,-1.0,-0.050595238095238096,-0.5029761904761905,-0.06547619047619048,-0.7023809523809523,-0.06547619047619048,-0.8244047619047619,-0.05952380952380952,-0.9315476190476191,-0.16071428571428573,-0.44345238095238093,-0.21428571428571427,-0.5803571428571429,-0.23809523809523808,-0.6755952380952381,-0.25297619047619047,-0.7678571428571429
0,0.0,0.0,0.18584070796460178,-0.11209439528023599,0.30678466076696165,-0.3008849557522124,0.37168141592920356,-0.4690265486725664,0.41297935103244837,-0.5899705014749262,0.17994100294985252,-0.5162241887905604,0.22123893805309736,-0.7079646017699115,0.2359882005899705,-0.8230088495575221,0.24188790560471976,-0.9262536873156342,0.06489675516224189,-0.5339233038348082,0.08259587020648967,-0.7492625368731564,0.0943952802359882,-0.8849557522123894,0.10029498525073746,-1.0,-0.04424778761061947,-0.5103244837758112,-0.058997050147492625,-0.7138643067846607,-0.05309734513274336,-0.8348082595870207,-0.04129793510324484,-0.9410029498525073,-0.15634218289085547,-0.45132743362831856,-0.20648967551622419,-0.5929203539823009,-0.23008849557522124,-0.6902654867256637,-0.24188790560471976,-0.7846607669616519
0,0.0,0.0,0.2,-0.10434782608695652,0.3188405797101449,-0.2898550724637681,0.35942028985507246,-0.4608695652173913,0.41739130434782606,-0.5797101449275363,0.19130434782608696,-0.5159420289855072,0.2289855072463768,-0.7014492753623188,0.2463768115942029,-0.8144927536231884,0.2608695652173913,-0.9159420289855073,0.07536231884057971,-0.5362318840579711,0.0927536231884058,-0.744927536231884,0.1072463768115942,-0.881159420289855,0.11594202898550725,-1.0,-0.034782608695652174,-0.5101449275362319,-0.0463768115942029,-0.7101449275362319,-0.043478260869565216,-0.8347826086956521,-0.034782608695652174,-0.9420289855072463,-0.14492753623188406,-0.4463768115942029,-0.18840579710144928,-0.5942028985507246,-0.20579710144927535,-0.6956521739130435,-0.2144927536231884,-0.7942028985507247
0,0.0,0.0,0.2,-0.09714285714285714,0.32285714285714284,-0.29428571428571426,0.3742857142857143,-0.46285714285714286,0.4342857142857143,-0.5771428571428572,0.20285714285714285,-0.5142857142857142,0.24571428571428572,-0.7,0.26571428571428574,-0.8171428571428572,0.27714285714285714,-0.9171428571428571,0.09142857142857143,-0.5371428571428571,0.11714285714285715,-0.7457142857142857,0.13714285714285715,-0.8828571428571429,0.15142857142857144,-1.0,-0.017142857142857144,-0.5142857142857142,-0.025714285714285714,-0.7171428571428572,-0.017142857142857144,-0.84,-0.002857142857142857,-0.9514285714285714,-0.12571428571428572,-0.45714285714285713,-0.1657142857142857,-0.6028571428571429,-0.18285714285714286,-0.7028571428571428,-0.19142857142857142,-0.8028571428571428
0,0.0,0.0,0.1876750700280112,-0.09803921568627451,0.3025210084033613,-0.2913165266106443,0.3585434173669468,-0.453781512605042,0.41456582633053224,-0.5686274509803921,0.19607843137254902,-0.5126050420168067,0.24369747899159663,-0.6946778711484594,0.2605042016806723,-0.8095238095238095,0.27450980392156865,-0.9103641456582633,0.08403361344537816,-0.5378151260504201,0.11764705882352941,-0.7478991596638656,0.13725490196078433,-0.8851540616246498,0.1484593837535014,-1.0,-0.022408963585434174,-0.5154061624649859,-0.03081232492997199,-0.7142857142857143,-0.022408963585434174,-0.8403361344537815,-0.011204481792717087,-0.9495798319327731,-0.13165266106442577,-0.453781512605042,-0.16806722689075632,-0.5966386554621849,-0.18487394957983194,-0.6974789915966386,-0.19047619047619047,-0.7983193277310925
0,0.0,0.0,0.18285714285714286,-0.1,0.29714285714285715,-0.28285714285714286,0.3457142857142857,-0.44571428571428573,0.3942857142857143,-0.5685714285714286,0.18571428571428572,-0.5114285714285715,0.22857142857142856,-0.6971428571428572,0.24857142857142858,-0.8114285714285714,0.26571428571428574,-0.9142857142857143,0.07142857142857142,-0.5342857142857143,0.1,-0.7457142857142857,0.11714285714285715,-0.88,0.12857142857142856,-1.0,-0.037142857142857144,-0.5085714285714286,-0.045714285714285714,-0.7057142857142857,-0.037142857142857144,-0.8314285714285714,-0.025714285714285714,-0.9457142857142857,-0.1457142857142857,-0.44285714285714284,-0.18,-0.5857142857142857,-0.19428571428571428,-0.6885714285714286,-0.19714285714285715,-0.7914285714285715
0,0.0,0.0,0.18098159509202455,-0.10122699386503067,0.29141104294478526,-0.2822085889570552,0.34049079754601225,-0.4447852760736196,0.39263803680981596,-0.5674846625766872,0.18711656441717792,-0.5061349693251533,0.22699386503067484,-0.6932515337423313,0.24539877300613497,-0.8098159509202454,0.2607361963190184,-0.9171779141104295,0.0736196319018405,-0.5306748466257669,0.09815950920245399,-0.745398773006135,0.1165644171779141,-0.8803680981595092,0.12883435582822086,-1.0,-0.03374233128834356,-0.5061349693251533,-0.03987730061349693,-0.7055214723926381,-0.03374233128834356,-0.8343558282208589,-0.024539877300613498,-0.950920245398773,-0.13803680981595093,-0.4386503067484663,-0.17177914110429449,-0.5828220858895705,-0.18711656441717792,-0.6871165644171779,-0.19325153374233128,-0.7914110429447853
0,0.0,0.0,0.18122977346278318,-0.10355987055016182,0.2912621359223301,-0.28802588996763756,0.343042071197411,-0.44660194174757284,0.39158576051779936,-0.56957928802589,0.18770226537216828,-0.511326860841424,0.22653721682847897,-0.6893203883495146,0.24271844660194175,-0.8058252427184466,0.255663430420712,-0.912621359223301,0.0744336569579288,-0.5339805825242718,0.0970873786407767,-0.7411003236245954,0.11326860841423948,-0.8770226537216829,0.1262135922330097,-1.0,-0.03559870550161812,-0.5048543689320388,-0.045307443365695796,-0.7022653721682848,-0.042071197411003236,-0.8284789644012945,-0.032362459546925564,-0.9449838187702265,-0.1423948220064725,-0.4401294498381877,-0.17475728155339806,-0.5825242718446602,-0.19093851132686085,-0.6828478964401294,-0.19741100323624594,-0.7864077669902912
0,0.0,0.0,0.1793103448275862,-0.10344827586206896,0.2827586206896552,-0.2827586206896552,0.33448275862068966,-0.4413793103448276,0.38620689655172413,-0.5655172413793104,0.17586206896551723,-0.5103448275862069,0.21379310344827587,-0.6862068965517242,0.23103448275862068,-0.803448275862069,0.24482758620689654,-0.9103448275862069,0.06551724137931035,-0.5310344827586206,0.08620689655172414,-0.7379310344827587,0.1,-0.8758620689655172,0.1103448275862069,-1.0,-0.04482758620689655,-0.5,-0.05517241379310345,-0.7,-0.05172413793103448,-0.8241379310344827,-0.041379310344827586,-0.9448275862068966,-0.15172413793103448,-0.43448275862068964,-0.18275862068965518,-0.5793103448275863,-0.19655172413793104,-0.6827586206896552,-0.2,-0.7862068965517242
0,0.0,0.0,0.18214285714285713,-0.10357142857142858,0.2857142857142857,-0.2892857142857143,0.33214285714285713,-0.44642857142857145,0.38571428571428573,-0.5642857142857143,0.17142857142857143,-0.5107142857142857,0.21428571428571427,-0.6892857142857143,0.23214285714285715,-0.8035714285714286,0.24642857142857144,-0.9071428571428571,0.060714285714285714,-0.5321428571428571,0.08571428571428572,-0.7392857142857143,0.10357142857142858,-0.8785714285714286,0.11428571428571428,-1.0,-0.04285714285714286,-0.5035714285714286,-0.05357142857142857,-0.7035714285714286,-0.04642857142857143,-0.8285714285714286,-0.039285714285714285,-0.9464285714285714,-0.14642857142857144,-0.4357142857142857,-0.18214285714285713,-0.5821428571428572,-0.19642857142857142,-0.6857142857142857,-0.20357142857142857,-0.7892857142857143
0,0.0,0.0,0.1814814814814815,-0.1,0.2851851851851852,-0.28888888888888886,0.3296296296296296,-0.44814814814814813,0.3851851851851852,-0.562962962962963,0.17037037037037037,-0.5111111111111111,0.21481481481481482,-0.6925925925925925,0.23333333333333334,-0.8074074074074075,0.2518518518518518,-0.9111111111111111,0.05925925925925926,-0.5296296296296297,0.08518518518518518,-0.7407407407407407,0.1037037037037037,-0.8777777777777778,0.11851851851851852,-1.0,-0.04814814814814815,-0.5,-0.05925925925925926,-0.7037037037037037,-0.05185185185185185,-0.8296296296296296,-0.040740740740740744,-0.9444444444444444,-0.15185185185185185,-0.43333333333333335,-0.18888888888888888,-0.5777777777777777,-0.2,-0.6814814814814815,-0.2037037037037037,-0.7851851851851852
0,0.0,0.0,0.18461538461538463,-0.1,0.28846153846153844,-0.2846153846153846,0.3384615384615385,-0.4423076923076923,0.39615384615384613,-0.5576923076923077,0.17692307692307693,-0.5038461538461538,0.21923076923076923,-0.6846153846153846,0.2423076923076923,-0.8,0.25769230769230766,-0.9038461538461539,0.06153846153846154,-0.5230769230769231,0.09230769230769231,-0.7346153846153847,0.11153846153846154,-0.8730769230769231,0.12307692307692308,-1.0,-0.046153846153846156,-0.49615384615384617,-0.05384615384615385,-0.6961538461538461,-0.05,-0.823076923076923,-0.038461538461538464,-0.9384615384615385,-0.15,-0.4269230769230769,-0.18846153846153846,-0.573076923076923,-0.2,-0.6730769230769231,-0.20384615384615384,-0.7769230769230769
0,0.0,0.0,0.18442622950819673,-0.10245901639344263,0.28688524590163933,-0.28688524590163933,0.3401639344262295,-0.4426229508196721,0.4057377049180328,-0.5573770491803278,0.1762295081967213,-0.5040983606557377,0.22540983606557377,-0.6885245901639344,0.2459016393442623,-0.8032786885245902,0.26639344262295084,-0.9098360655737705,0.06557377049180328,-0.5245901639344263,0.09836065573770492,-0.7377049180327869,0.11885245901639344,-0.8770491803278688,0.13524590163934427,-1.0,-0.040983606557377046,-0.5,-0.04918032786885246,-0.7049180327868853,-0.040983606557377046,-0.8319672131147541,-0.028688524590163935,-0.9467213114754098,-0.14754098360655737,-0.4344262295081967,-0.18442622950819673,-0.5819672131147541,-0.19672131147540983,-0.6885245901639344,-0.20081967213114754,-0.7909836065573771
0,0.0,0.0,0.18333333333333332,-0.10833333333333334,0.2916666666666667,-0.29583333333333334,0.3458333333333333,-0.45416666666666666,0.4083333333333333,-0.5666666666666667,0.175,-0.5041666666666667,0.21666666666666667,-0.6875,0.2375,-0.8041666666666667,0.25416666666666665,-0.9083333333333333,0.0625,-0.525,0.0875,-0.7375,0.10833333333333334,-0.875,0.125,-1.0,-0.04583333333333333,-0.5,-0.058333333333333334,-0.7,-0.04583333333333333,-0.8291666666666667,-0.029166666666666667,-0.9416666666666667,-0.15416666666666667,-0.4375,-0.19166666666666668,-0.5833333333333334,-0.20416666666666666,-0.6875,-0.20833333333333334,-0.7916666666666666
0,0.0,0.0,0.1875,-0.10416666666666667,0.3,-0.2833333333333333,0.3625,-0.44166666666666665,0.42916666666666664,-0.5583333333333333,0.18333333333333332,-0.49166666666666664,0.225,-0.6833333333333333,0.24583333333333332,-0.8,0.2625,-0.9083333333333333,0.06666666666666667,-0.5166666666666667,0.09166666666666666,-0.7333333333333333,0.10833333333333334,-0.875,0.125,-1.0,-0.04583333333333333,-0.49166666666666664,-0.05416666666666667,-0.6916666666666667,-0.04583333333333333,-0.825,-0.025,-0.9375,-0.15416666666666667,-0.42916666666666664,-0.19166666666666668,-0.5791666666666667,-0.20416666666666666,-0.6791666666666667,-0.20833333333333334,-0.7791666666666667
0,0.0,0.0,0.1927710843373494,-0.10040160642570281,0.3092369477911647,-0.2931726907630522,0.37349397590361444,-0.4578313253012048,0.43775100401606426,-0.5742971887550201,0.18473895582329317,-0.4939759036144578,0.2289156626506024,-0.6907630522088354,0.24096385542168675,-0.8112449799196787,0.25301204819277107,-0.9156626506024096,0.06827309236947791,-0.5140562248995983,0.0963855421686747,-0.7349397590361446,0.11244979919678715,-0.8755020080321285,0.12449799196787148,-1.0,-0.040160642570281124,-0.4899598393574297,-0.05220883534136546,-0.6907630522088354,-0.04417670682730924,-0.8192771084337349,-0.0321285140562249,-0.9317269076305221,-0.15261044176706828,-0.42570281124497994,-0.18875502008032127,-0.570281124497992,-0.20080321285140562,-0.6746987951807228,-0.20481927710843373,-0.7710843373493976
0,0.0,0.0,0.1984732824427481,-0.09923664122137404,0.3053435114503817,-0.29389312977099236,0.36259541984732824,-0.4541984732824427,0.41603053435114506,-0.5648854961832062,0.183206106870229,-0.4961832061068702,0.22137404580152673,-0.6908396946564885,0.22900763358778625,-0.8129770992366412,0.22900763358778625,-0.916030534351145,0.0648854961832061,-0.5152671755725191,0.08396946564885496,-0.7404580152671756,0.0916030534351145,-0.8816793893129771,0.09923664122137404,-1.0,-0.04580152671755725,-0.48854961832061067,-0.0648854961832061,-0.6946564885496184,-0.061068702290076333,-0.8244274809160306,-0.05725190839694656,-0.9312977099236641,-0.15648854961832062,-0.42366412213740456,-0.1984732824427481,-0.5687022900763359,-0.21374045801526717,-0.6679389312977099,-0.22137404580152673,-0.7595419847328244
0,0.0,0.0,0.17770034843205576,-0.11846689895470383,0.2857142857142857,-0.30313588850174217,0.33797909407665505,-0.46689895470383275,0.3832752613240418,-0.5923344947735192,0.14982578397212543,-0.5052264808362369,0.17421602787456447,-0.7003484320557491,0.17770034843205576,-0.818815331010453,0.17770034843205576,-0.9233449477351916,0.03484320557491289,-0.519163763066202,0.04529616724738676,-0.735191637630662,0.04878048780487805,-0.8780487804878049,0.04878048780487805,-1.0,-0.07317073170731707,-0.4878048780487805,-0.09407665505226481,-0.6898954703832753,-0.0975609756097561,-0.8118466898954704,-0.09407665505226481,-0.9198606271777003,-0.17770034843205576,-0.42160278745644597,-0.2229965156794425,-0.5609756097560976,-0.24390243902439024,-0.6585365853658537,-0.2578397212543554,-0.7491289198606271
0,0.0,0.0,0.18456375838926176,-0.12080536912751678,0.28523489932885904,-0.3087248322147651,0.3422818791946309,-0.47315436241610737,0.38926174496644295,-0.5906040268456376,0.15771812080536912,-0.5067114093959731,0.174496644295302,-0.7046979865771812,0.174496644295302,-0.8221476510067114,0.17114093959731544,-0.9261744966442953,0.040268456375838924,-0.5134228187919463,0.0436241610738255,-0.7348993288590604,0.040268456375838924,-0.8791946308724832,0.040268456375838924,-1.0,-0.06375838926174497,-0.4798657718120805,-0.09395973154362416,-0.6812080536912751,-0.10067114093959731,-0.8087248322147651,-0.10067114093959731,-0.9161073825503355,-0.17114093959731544,-0.412751677852349,-0.2181208053691275,-0.5536912751677853,-0.24161073825503357,-0.6510067114093959,-0.2516778523489933,-0.7416107382550335
0,0.0,0.0,0.16987179487179488,-0.11538461538461539,0.27884615384615385,-0.2916666666666667,0.33653846153846156,-0.4583333333333333,0.3814102564102564,-0.5865384615384616,0.15384615384615385,-0.5032051282051282,0.16987179487179488,-0.6923076923076923,0.16666666666666666,-0.8108974358974359,0.15705128205128205,-0.9198717948717948,0.04487179487179487,-0.5160256410256411,0.041666666666666664,-0.7243589743589743,0.038461538461538464,-0.8717948717948718,0.03205128205128205,-1.0,-0.0641025641025641,-0.4807692307692308,-0.09294871794871795,-0.6730769230769231,-0.10256410256410256,-0.8012820512820513,-0.10576923076923077,-0.9134615384615384,-0.17307692307692307,-0.4166666666666667,-0.22115384615384615,-0.5512820512820513,-0.2467948717948718,-0.6474358974358975,-0.26282051282051283,-0.7403846153846154
0,0.0,0.0,0.17295597484276728,-0.11635220125786164,0.2830188679245283,-0.2893081761006289,0.34276729559748426,-0.4528301886792453,0.389937106918239,-0.5849056603773585,0.16352201257861634,-0.5,0.1792452830188679,-0.6886792452830188,0.17295597484276728,-0.8113207547169812,0.16666666666666666,-0.9213836477987422,0.050314465408805034,-0.5157232704402516,0.050314465408805034,-0.7264150943396226,0.04716981132075472,-0.8710691823899371,0.040880503144654086,-1.0,-0.05660377358490566,-0.48427672955974843,-0.08176100628930817,-0.6792452830188679,-0.09119496855345911,-0.8050314465408805,-0.09433962264150944,-0.9150943396226415,-0.16666666666666666,-0.41823899371069184,-0.22012578616352202,-0.5534591194968553,-0.24213836477987422,-0.6540880503144654,-0.2610062893081761,-0.7515723270440252
0,0.0,0.0,0.18238993710691823,-0.11006289308176101,0.3050314465408805,-0.2830188679245283,0.36792452830188677,-0.449685534591195,0.41509433962264153,-0.5754716981132075,0.16666666666666666,-0.4968553459119497,0.1918238993710692,-0.6855345911949685,0.1949685534591195,-0.8081761006289309,0.1949685534591195,-0.9150943396226415,0.05345911949685535,-0.5094339622641509,0.05660377358490566,-0.7295597484276729,0.059748427672955975,-0.8773584905660378,0.059748427672955975,-1.0,-0.05345911949685535,-0.4811320754716981,-0.07547169811320754,-0.6792452830188679,-0.08176100628930817,-0.8081761006289309,-0.08176100628930817,-0.9150943396226415,-0.16037735849056603,-0.41823899371069184,-0.20754716981132076,-0.5566037735849056,-0.22955974842767296,-0.6540880503144654,-0.24528301886792453,-0.7452830188679245
0,0.0,0.0,0.1826625386996904,-0.11145510835913312,0.3065015479876161,-0.28792569659442724,0.3715170278637771,-0.4520123839009288,0.4241486068111455,-0.5727554179566563,0.17337461300309598,-0.4953560371517028,0.20123839009287925,-0.6873065015479877,0.20743034055727555,-0.8080495356037152,0.20743034055727555,-0.913312693498452,0.058823529411764705,-0.5139318885448917,0.06501547987616099,-0.7306501547987616,0.06811145510835913,-0.8761609907120743,0.06811145510835913,-1.0,-0.04643962848297214,-0.48606811145510836,-0.06811145510835913,-0.6873065015479877,-0.07120743034055728,-0.8111455108359134,-0.07120743034055728,-0.9164086687306502,-0.15479876160990713,-0.4241486068111455,-0.20123839009287925,-0.5634674922600619,-0.22291021671826625,-0.6594427244582043,-0.23839009287925697,-0.7492260061919505
0,0.0,0.0,0.19325153374233128,-0.10736196319018405,0.3128834355828221,-0.294478527607362,0.3773006134969325,-0.4570552147239264,0.4325153374233129,-0.5644171779141104,0.18711656441717792,-0.49693251533742333,0.22085889570552147,-0.6901840490797546,0.23006134969325154,-0.8098159509202454,0.2361963190184049,-0.911042944785276,0.0705521472392638,-0.5184049079754601,0.08588957055214724,-0.7361963190184049,0.0950920245398773,-0.8803680981595092,0.09815950920245399,-1.0,-0.03680981595092025,-0.4938650306748466,-0.05521472392638037,-0.696319018404908,-0.05521472392638037,-0.8220858895705522,-0.049079754601226995,-0.9263803680981595,-0.147239263803681,-0.4325153374233129,-0.19325153374233128,-0.5766871165644172,-0.2085889570552147,-0.6748466257668712,-0.21779141104294478,-0.7668711656441718
0,0.0,0.0,0.19402985074626866,-0.0955223880597015,0.3194029850746269,-0.2746268656716418,0.382089552238806,-0.4417910447761194,0.4417910447761194,-0.564179104477612,0.2,-0.48955223880597015,0.24477611940298508,-0.6805970149253732,0.2656716417910448,-0.8,0.2835820895522388,-0.9044776119402985,0.08656716417910448,-0.5134328358208955,0.11044776119402985,-0.7343283582089553,0.12835820895522387,-0.8776119402985074,0.14029850746268657,-1.0,-0.023880597014925373,-0.4925373134328358,-0.029850746268656716,-0.6985074626865672,-0.026865671641791045,-0.8328358208955224,-0.01791044776119403,-0.9432835820895522,-0.13134328358208955,-0.43283582089552236,-0.1701492537313433,-0.5850746268656717,-0.18507462686567164,-0.6895522388059702,-0.1880597014925373,-0.7880597014925373
0,0.0,0.0,0.19533527696793002,-0.09037900874635568,0.3177842565597668,-0.27113702623906705,0.37900874635568516,-0.43440233236151604,0.44314868804664725,-0.5451895043731778,0.20116618075801748,-0.4868804664723032,0.25072886297376096,-0.6793002915451894,0.27405247813411077,-0.7959183673469388,0.2886297376093295,-0.9008746355685131,0.08746355685131195,-0.5131195335276968,0.11661807580174927,-0.7346938775510204,0.13411078717201166,-0.8775510204081632,0.1457725947521866,-1.0,-0.02040816326530612,-0.49271137026239065,-0.026239067055393587,-0.6997084548104956,-0.014577259475218658,-0.8279883381924198,-0.0029154518950437317,-0.9387755102040817,-0.12536443148688048,-0.43731778425655976,-0.16326530612244897,-0.5889212827988338,-0.17784256559766765,-0.6909620991253644,-0.1836734693877551,-0.7900874635568513
0,0.0,0.0,0.19005847953216373,-0.07894736842105263,0.3157894736842105,-0.2543859649122807,0.37719298245614036,-0.41812865497076024,0.4502923976608187,-0.5321637426900585,0.21637426900584794,-0.4853801169590643,0.26900584795321636,-0.6754385964912281,0.2982456140350877,-0.7923976608187134,0.32748538011695905,-0.9005847953216374,0.10526315789473684,-0.5116959064327485,0.14327485380116958,-0.7339181286549707,0.17543859649122806,-0.8771929824561403,0.20175438596491227,-1.0,-0.0029239766081871343,-0.49122807017543857,0.005847953216374269,-0.7017543859649122,0.023391812865497075,-0.8391812865497076,0.04093567251461988,-0.956140350877193,-0.10818713450292397,-0.43567251461988304,-0.13450292397660818,-0.5906432748538012,-0.14035087719298245,-0.6988304093567251,-0.13742690058479531,-0.8070175438596491
0,0.0,0.0,0.1907514450867052,-0.08670520231213873,0.3179190751445087,-0.2658959537572254,0.37283236994219654,-0.42485549132947975,0.4421965317919075,-0.5404624277456648,0.21965317919075145,-0.48554913294797686,0.2745664739884393,-0.6705202312138728,0.3092485549132948,-0.7861271676300579,0.3352601156069364,-0.8901734104046243,0.10982658959537572,-0.5173410404624278,0.15606936416184972,-0.7312138728323699,0.18497109826589594,-0.8728323699421965,0.21098265895953758,-1.0,0.002890173410404624,-0.5,0.014450867052023121,-0.708092485549133,0.031791907514450865,-0.8410404624277457,0.05491329479768786,-0.9566473988439307,-0.10404624277456648,-0.44508670520231214,-0.12716763005780346,-0.5982658959537572,-0.13005780346820808,-0.7052023121387283,-0.12716763005780346,-0.8121387283236994
0,0.0,0.0,0.19117647058823528,-0.08823529411764706,0.31176470588235294,-0.2735294117647059,0.36470588235294116,-0.43529411764705883,0.4294117647058823,-0.55,0.21176470588235294,-0.49411764705882355,0.2676470588235294,-0.6764705882352942,0.3,-0.7941176470588235,0.32941176470588235,-0.8970588235294118,0.10294117647058823,-0.5176470588235295,0.14411764705882352,-0.7352941176470589,0.17647058823529413,-0.8764705882352941,0.2,-1.0,0.0,-0.49411764705882355,0.008823529411764706,-0.7029411764705882,0.026470588235294117,-0.8382352941176471,0.05,-0.9558823529411765,-0.10588235294117647,-0.43529411764705883,-0.12941176470588237,-0.5882352941176471,-0.1323529411764706,-0.7,-0.1264705882352941,-0.8117647058823529
0,0.0,0.0,0.18100890207715134,-0.09792284866468842,0.28486646884273,-0.28486646884273,0.3323442136498516,-0.4421364985163205,0.39762611275964393,-0.5608308605341247,0.18397626112759644,-0.5014836795252225,0.23738872403560832,-0.685459940652819,0.26706231454005935,-0.8011869436201781,0.29376854599406527,-0.9050445103857567,0.08011869436201781,-0.5222551928783383,0.11572700296735905,-0.7388724035608308,0.14540059347181009,-0.8783382789317508,0.1661721068249258,-1.0,-0.020771513353115726,-0.49258160237388726,-0.01483679525222552,-0.7032640949554896,0.002967359050445104,-0.8367952522255193,0.02373887240356083,-0.9584569732937686,-0.12166172106824925,-0.42729970326409494,-0.14540059347181009,-0.5816023738872403,-0.14836795252225518,-0.6913946587537092,-0.142433234421365,-0.8011869436201781
0,0.0,0.0,0.18238993710691823,-0.10377358490566038,0.29245283018867924,-0.2830188679245283,0.33962264150943394,-0.4339622641509434,0.3867924528301887,-0.5566037735849056,0.18867924528301888,-0.4968553459119497,0.24213836477987422,-0.6792452830188679,0.27358490566037735,-0.7924528301886793,0.3018867924528302,-0.89937106918239,0.08490566037735849,-0.5188679245283019,0.12264150943396226,-0.7295597484276729,0.1509433962264151,-0.8710691823899371,0.17295597484276728,-1.0,-0.018867924528301886,-0.48742138364779874,-0.015723270440251572,-0.6886792452830188,0.0,-0.8238993710691824,0.018867924528301886,-0.9465408805031447,-0.12578616352201258,-0.41823899371069184,-0.1509433962264151,-0.5628930817610063,-0.16037735849056603,-0.6698113207547169,-0.16037735849056603,-0.7767295597484277
0,0.0,0.0,0.17763157894736842,-0.10197368421052631,0.28289473684210525,-0.28618421052631576,0.3355263157894737,-0.4407894736842105,0.39473684210526316,-0.5592105263157895,0.18421052631578946,-0.5032894736842105,0.23026315789473684,-0.6842105263157895,0.2565789473684211,-0.7993421052631579,0.27960526315789475,-0.9013157894736842,0.07894736842105263,-0.5263157894736842,0.1118421052631579,-0.7335526315789473,0.13815789473684212,-0.875,0.15789473684210525,-1.0,-0.02631578947368421,-0.4967105263157895,-0.02631578947368421,-0.6973684210526315,-0.013157894736842105,-0.8256578947368421,0.006578947368421052,-0.944078947368421,-0.12828947368421054,-0.4309210526315789,-0.1611842105263158,-0.5723684210526315,-0.17105263157894737,-0.6776315789473685,-0.17434210526315788,-0.7828947368421053
0,0.0,0.0,0.17725752508361203,-0.10367892976588629,0.2809364548494983,-0.2842809364548495,0.33444816053511706,-0.4414715719063545,0.3879598662207358,-0.5585284280936454,0.1806020066889632,-0.5083612040133779,0.22408026755852842,-0.6889632107023411,0.24749163879598662,-0.7993311036789298,0.26755852842809363,-0.903010033444816,0.07023411371237458,-0.5284280936454849,0.10033444816053512,-0.7391304347826086,0.12374581939799331,-0.8762541806020067,0.14046822742474915,-1.0,-0.033444816053511704,-0.5016722408026756,-0.03678929765886288,-0.7023411371237458,-0.026755852842809364,-0.8294314381270903,-0.013377926421404682,-0.9498327759197325,-0.13712374581939799,-0.43478260869565216,-0.1705685618729097,-0.5819397993311036,-0.18394648829431437,-0.68561872909699,-0.18729096989966554,-0.7892976588628763
0,0.0,0.0,0.17993079584775087,-0.11072664359861592,0.2906574394463668,-0.29411764705882354,0.3460207612456747,-0.45674740484429066,0.4083044982698962,-0.5778546712802768,0.18685121107266436,-0.5017301038062284,0.22837370242214533,-0.6920415224913494,0.2491349480968858,-0.8062283737024222,0.2664359861591695,-0.9100346020761245,0.07612456747404844,-0.5224913494809689,0.10380622837370242,-0.7370242214532872,0.1245674740484429,-0.8754325259515571,0.14186851211072665,-1.0,-0.02768166089965398,-0.4982698961937716,-0.03806228373702422,-0.698961937716263,-0.031141868512110725,-0.8269896193771626,-0.01384083044982699,-0.9411764705882353,-0.13494809688581316,-0.43252595155709345,-0.17647058823529413,-0.5778546712802768,-0.1903114186851211,-0.6816608996539792,-0.1972318339100346,-0.7820069204152249
0,0.0,0.0,0.1888111888111888,-0.10139860139860139,0.3041958041958042,-0.2902097902097902,0.35664335664335667,-0.45104895104895104,0.4160839160839161,-0.5594405594405595,0.17482517482517482,-0.5,0.21678321678321677,-0.6888111888111889,0.23776223776223776,-0.8041958041958042,0.2517482517482518,-0.9055944055944056,0.06293706293706294,-0.513986013986014,0.08741258741258741,-0.7307692307692307,0.1048951048951049,-0.8741258741258742,0.11538461538461539,-1.0,-0.04195804195804196,-0.486013986013986,-0.05944055944055944,-0.6853146853146853,-0.05244755244755245,-0.8111888111888111,-0.04195804195804196,-0.9265734265734266,-0.14685314685314685,-0.4230769230769231,-0.1888111888111888,-0.5629370629370629,-0.20279720279720279,-0.6643356643356644,-0.2097902097902098,-0.7622377622377622
0,0.0,0.0,0.17562724014336917,-0.10752688172043011,0.2867383512544803,-0.2974910394265233,0.35125448028673834,-0.45161290322580644,0.4050179211469534,-0.5663082437275986,0.16845878136200718,-0.5053763440860215,0.20430107526881722,-0.6917562724014337,0.21863799283154123,-0.8100358422939068,0.22580645161290322,-0.910394265232975,0.05734767025089606,-0.5197132616487455,0.07526881720430108,-0.7347670250896058,0.0931899641577061,-0.8745519713261649,0.1039426523297491,-1.0,-0.05017921146953405,-0.4946236559139785,-0.06451612903225806,-0.6953405017921147,-0.05734767025089606,-0.8172043010752689,-0.043010752688172046,-0.931899641577061,-0.15770609318996415,-0.43010752688172044,-0.2007168458781362,-0.5734767025089605,-0.21863799283154123,-0.6738351254480287,-0.22580645161290322,-0.7706093189964157
0,0.0,0.0,0.17689530685920576,-0.11191335740072202,0.2888086642599278,-0.2996389891696751,0.35018050541516244,-0.4584837545126354,0.4043321299638989,-0.5776173285198556,0.16967509025270758,-0.5018050541516246,0.20216606498194944,-0.6931407942238267,0.21299638989169675,-0.8086642599277978,0.22021660649819494,-0.9133574007220217,0.05415162454873646,-0.51985559566787,0.06859205776173286,-0.7328519855595668,0.07581227436823104,-0.8736462093862816,0.08303249097472924,-1.0,-0.05415162454873646,-0.48736462093862815,-0.07220216606498195,-0.6895306859205776,-0.07220216606498195,-0.8158844765342961,-0.06498194945848375,-0.927797833935018,-0.1624548736462094,-0.4223826714801444,-0.20938628158844766,-0.5667870036101083,-0.22743682310469315,-0.6678700361010831,-0.23826714801444043,-0.7653429602888087
0,0.0,0.0,0.18345323741007194,-0.11510791366906475,0.29856115107913667,-0.2949640287769784,0.3597122302158273,-0.4568345323741007,0.41007194244604317,-0.5827338129496403,0.17266187050359713,-0.5,0.20503597122302158,-0.6906474820143885,0.2158273381294964,-0.8093525179856115,0.21942446043165467,-0.9136690647482014,0.05755395683453238,-0.5179856115107914,0.07194244604316546,-0.7338129496402878,0.08273381294964029,-0.8741007194244604,0.08633093525179857,-1.0,-0.0539568345323741,-0.4856115107913669,-0.0683453237410072,-0.6906474820143885,-0.06474820143884892,-0.8165467625899281,-0.05755395683453238,-0.9280575539568345,-0.1618705035971223,-0.420863309352518,-0.20863309352517986,-0.564748201438849,-0.22302158273381295,-0.6654676258992805,-0.2302158273381295,-0.762589928057554
0,0.0,0.0,0.1863799283154122,-0.1111111111111111,0.3010752688172043,-0.2939068100358423,0.36200716845878134,-0.45878136200716846,0.4121863799283154,-0.5806451612903226,0.17204301075268819,-0.5053763440860215,0.20430107526881722,-0.6953405017921147,0.21505376344086022,-0.8100358422939068,0.21863799283154123,-0.9175627240143369,0.06093189964157706,-0.5197132616487455,0.07526881720430108,-0.7347670250896058,0.08243727598566308,-0.8781362007168458,0.08243727598566308,-1.0,-0.05017921146953405,-0.4910394265232975,-0.06451612903225806,-0.6917562724014337,-0.06451612903225806,-0.8172043010752689,-0.05734767025089606,-0.9247311827956989,-0.15770609318996415,-0.4265232974910394,-0.20430107526881722,-0.5698924731182796,-0.2222222222222222,-0.6666666666666666,-0.23297491039426524,-0.7598566308243727
0,0.0,0.0,0.18374558303886926,-0.11307420494699646,0.2968197879858657,-0.28975265017667845,0.3568904593639576,-0.4558303886925795,0.4134275618374558,-0.5830388692579506,0.17314487632508835,-0.5053003533568905,0.2049469964664311,-0.6925795053003534,0.21201413427561838,-0.8127208480565371,0.21201413427561838,-0.9187279151943463,0.05653710247349823,-0.519434628975265,0.07420494699646643,-0.734982332155477,0.07773851590106007,-0.8763250883392226,0.07773851590106007,-1.0,-0.053003533568904596,-0.4876325088339223,-0.06713780918727916,-0.6890459363957597,-0.06713780918727916,-0.8162544169611308,-0.0636042402826855,-0.9257950530035336,-0.1625441696113074,-0.42402826855123676,-0.20848056537102475,-0.5618374558303887,-0.22614840989399293,-0.6607773851590106,-0.23674911660777384,-0.7526501766784452
0,0.0,0.0,0.18543046357615894,-0.10596026490066225,0.2947019867549669,-0.28807947019867547,0.347682119205298,-0.45695364238410596,0.40066225165562913,-0.5860927152317881,0.16556291390728478,-0.5,0.18874172185430463,-0.6920529801324503,0.18874172185430463,-0.8112582781456954,0.18543046357615894,-0.9205298013245033,0.04966887417218543,-0.5165562913907285,0.059602649006622516,-0.7284768211920529,0.059602649006622516,-0.8741721854304636,0.056291390728476824,-1.0,-0.059602649006622516,-0.48013245033112584,-0.07947019867549669,-0.6788079470198676,-0.08278145695364239,-0.8079470198675497,-0.08278145695364239,-0.9238410596026491,-0.17218543046357615,-0.4139072847682119,-0.22185430463576158,-0.5562913907284768,-0.24172185430463577,-0.6556291390728477,-0.25496688741721857,-0.7516556291390728
0,0.0,0.0,0.18037974683544303,-0.10759493670886076,0.29430379746835444,-0.2848101265822785,0.35443037974683544,-0.4525316455696203,0.40822784810126583,-0.5791139240506329,0.16772151898734178,-0.49683544303797467,0.1930379746835443,-0.6835443037974683,0.1962025316455696,-0.8037974683544303,0.1962025316455696,-0.9145569620253164,0.05379746835443038,-0.5126582278481012,0.060126582278481014,-0.7278481012658228,0.06329113924050633,-0.8734177215189873,0.06645569620253164,-1.0,-0.056962025316455694,-0.4810126582278481,-0.07911392405063292,-0.6772151898734177,-0.08544303797468354,-0.8069620253164557,-0.08227848101265822,-0.9208860759493671,-0.16772151898734178,-0.41455696202531644,-0.22151898734177214,-0.5537974683544303,-0.2468354430379747,-0.6550632911392406,-0.25949367088607594,-0.7531645569620253
0,0.0,0.0,0.18122977346278318,-0.10679611650485436,0.30097087378640774,-0.2815533980582524,0.36245954692556637,-0.44660194174757284,0.4174757281553398,-0.5728155339805825,0.17475728155339806,-0.49838187702265374,0.20711974110032363,-0.6828478964401294,0.2168284789644013,-0.8025889967637541,0.22330097087378642,-0.9093851132686084,0.061488673139158574,-0.517799352750809,0.0744336569579288,-0.7313915857605178,0.08090614886731391,-0.8737864077669902,0.08737864077669903,-1.0,-0.04854368932038835,-0.4886731391585761,-0.06472491909385113,-0.6893203883495146,-0.06472491909385113,-0.8155339805825242,-0.061488673139158574,-0.9255663430420712,-0.15857605177993528,-0.42718446601941745,-0.20388349514563106,-0.56957928802589,-0.22330097087378642,-0.6666666666666666,-0.23624595469255663,-0.7605177993527508
0,0.0,0.0,-0.19230769230769232,-0.004807692307692308,-0.38461538461538464,-0.08173076923076923,-0.5096153846153846,-0.16346153846153846,-0.6105769230769231,-0.25,-0.34134615384615385,-0.4423076923076923,-0.4423076923076923,-0.6201923076923077,-0.5,-0.7355769230769231,-0.5432692307692307,-0.8365384615384616,-0.21153846153846154,-0.5096153846153846,-0.2692307692307692,-0.7403846153846154,-0.2980769230769231,-0.8798076923076923,-0.3173076923076923,-1.0,-0.08173076923076923,-0.5240384615384616,-0.11057692307692307,-0.7259615384615384,-0.125,-0.8509615384615384,-0.14423076923076922,-0.9663461538461539,0.052884615384615384,-0.4855769230769231,0.08653846153846154,-0.6394230769230769,0.10576923076923077,-0.7355769230769231,0.11538461538461539,-0.8317307692307693
0,0.0,0.0,-0.1971153846153846,-0.004807692307692308,-0.3894230769230769,-0.07692307692307693,-0.5144230769230769,-0.16826923076923078,-0.6105769230769231,-0.25,-0.34615384615384615,-0.4423076923076923,-0.4519230769230769,-0.6153846153846154,-0.5048076923076923,-0.7307692307692307,-0.5480769230769231,-0.8365384615384616,-0.22115384615384615,-0.5096153846153846,-0.27403846153846156,-0.7355769230769231,-0.30288461538461536,-0.8798076923076923,-0.3269230769230769,-1.0,-0.09134615384615384,-0.5240384615384616,-0.11538461538461539,-0.7211538461538461,-0.1346153846153846,-0.8509615384615384,-0.15384615384615385,-0.9663461538461539,0.04326923076923077,-0.4855769230769231,0.07692307692307693,-0.6346153846153846,0.10096153846153846,-0.7355769230769231,0.11538461538461539,-0.8317307692307693
0,0.0,0.0,-0.1932367149758454,-0.004830917874396135,-0.3864734299516908,-0.07729468599033816,-0.5120772946859904,-0.1642512077294686,-0.6135265700483091,-0.23671497584541062,-0.34299516908212563,-0.4396135265700483,-0.4492753623188406,-0.6135265700483091,-0.5072463768115942,-0.7294685990338164,-0.5458937198067633,-0.8309178743961353,-0.21739130434782608,-0.5120772946859904,-0.27053140096618356,-0.7342995169082126,-0.2995169082125604,-0.8792270531400966,-0.32367149758454106,-1.0,-0.08695652173913043,-0.5217391304347826,-0.11594202898550725,-0.7246376811594203,-0.13043478260869565,-0.8502415458937198,-0.15458937198067632,-0.966183574879227,0.04830917874396135,-0.48792270531400966,0.0821256038647343,-0.6328502415458938,0.10144927536231885,-0.7342995169082126,0.11594202898550725,-0.8309178743961353
0,0.0,0.0,-0.20603015075376885,-0.005025125628140704,-0.4020100502512563,-0.08040201005025126,-0.542713567839196,-0.15577889447236182,-0.6633165829145728,-0.21608040201005024,-0.35175879396984927,-0.4472361809045226,-0.4623115577889447,-0.6231155778894473,-0.5226130653266332,-0.7386934673366834,-0.5678391959798995,-0.8391959798994975,-0.22110552763819097,-0.5175879396984925,-0.2814070351758794,-0.7437185929648241,-0.3165829145728643,-0.8844221105527639,-0.3417085427135678,-1.0,-0.09045226130653267,-0.5326633165829145,-0.11557788944723618,-0.7386934673366834,-0.135678391959799,-0.864321608040201,-0.1507537688442211,-0.9748743718592965,0.04522613065326633,-0.49748743718592964,0.09547738693467336,-0.6482412060301508,0.12562814070351758,-0.7487437185929648,0.1457286432160804,-0.8492462311557789
0,0.0,0.0,-0.20512820512820512,-0.010256410256410256,-0.4,-0.08205128205128205,-0.5487179487179488,-0.14358974358974358,-0.676923076923077,-0.19487179487179487,-0.3435897435897436,-0.4564102564102564,-0.4564102564102564,-0.6358974358974359,-0.517948717948718,-0.7487179487179487,-0.558974358974359,-0.8512820512820513,-0.2153846153846154,-0.5282051282051282,-0.2717948717948718,-0.7487179487179487,-0.30256410256410254,-0.8871794871794871,-0.3282051282051282,-1.0,-0.07692307692307693,-0.5333333333333333,-0.10256410256410256,-0.7435897435897436,-0.11794871794871795,-0.8666666666666667,-0.13846153846153847,-0.9794871794871794,0.05641025641025641,-0.49743589743589745,0.1076923076923077,-0.6512820512820513,0.13846153846153847,-0.7538461538461538,0.15897435897435896,-0.8615384615384616
0,0.0,0.0,-0.2,-0.010526315789473684,-0.39473684210526316,-0.08421052631578947,-0.5526315789473685,-0.14210526315789473,-0.6842105263157895,-0.18947368421052632,-0.34210526315789475,-0.45263157894736844,-0.45263157894736844,-0.631578947368421,-0.5157894736842106,-0.7473684210526316,-0.5631578947368421,-0.8526315789473684,-0.21578947368421053,-0.5210526315789473,-0.2789473684210526,-0.7421052631578947,-0.30526315789473685,-0.8842105263157894,-0.33157894736842103,-1.0,-0.08421052631578947,-0.5263157894736842,-0.11052631578947368,-0.7368421052631579,-0.12631578947368421,-0.8631578947368421,-0.14210526315789473,-0.9736842105263158,0.05263157894736842,-0.49473684210526314,0.1,-0.6473684210526316,0.13157894736842105,-0.7526315789473684,0.15263157894736842,-0.8526315789473684
0,0.0,0.0,-0.20218579234972678,-0.01092896174863388,-0.39344262295081966,-0.09289617486338798,-0.5245901639344263,-0.18032786885245902,-0.639344262295082,-0.25136612021857924,-0.34972677595628415,-0.453551912568306,-0.45901639344262296,-0.6338797814207651,-0.5191256830601093,-0.7486338797814208,-0.5628415300546448,-0.8524590163934426,-0.22404371584699453,-0.5191256830601093,-0.28415300546448086,-0.7431693989071039,-0.3114754098360656,-0.8852459016393442,-0.33879781420765026,-1.0,-0.09836065573770492,-0.5300546448087432,-0.13114754098360656,-0.73224043715847,-0.15846994535519127,-0.8579234972677595,-0.18579234972677597,-0.9726775956284153,0.03825136612021858,-0.4972677595628415,0.07103825136612021,-0.644808743169399,0.08196721311475409,-0.7486338797814208,0.08743169398907104,-0.8415300546448088
0,0.0,0.0,-0.19889502762430938,-0.011049723756906077,-0.39226519337016574,-0.09392265193370165,-0.5248618784530387,-0.17679558011049723,-0.6464088397790055,-0.2430939226519337,-0.34806629834254144,-0.4530386740331492,-0.4530386740331492,-0.6353591160220995,-0.5138121546961326,-0.7458563535911602,-0.5580110497237569,-0.850828729281768,-0.22099447513812154,-0.5193370165745856,-0.27624309392265195,-0.7458563535911602,-0.30386740331491713,-0.8839779005524862,-0.3259668508287293,-1.0,-0.08839779005524862,-0.5248618784530387,-0.12154696132596685,-0.7292817679558011,-0.143646408839779,-0.856353591160221,-0.1712707182320442,-0.9723756906077348,0.03867403314917127,-0.49171270718232046,0.07734806629834254,-0.6408839779005525,0.09392265193370165,-0.7403314917127072,0.11049723756906077,-0.8397790055248618
0,0.0,0.0,-0.19889502762430938,-0.011049723756906077,-0.39226519337016574,-0.10497237569060773,-0.5193370165745856,-0.19889502762430938,-0.6243093922651933,-0.27071823204419887,-0.35359116022099446,-0.4530386740331492,-0.4585635359116022,-0.6298342541436464,-0.5193370165745856,-0.7458563535911602,-0.56353591160221,-0.850828729281768,-0.2265193370165746,-0.5193370165745856,-0.287292817679558,-0.7403314917127072,-0.32044198895027626,-0.8839779005524862,-0.34806629834254144,-1.0,-0.09944751381215469,-0.5303867403314917,-0.13259668508287292,-0.7348066298342542,-0.15469613259668508,-0.861878453038674,-0.1878453038674033,-0.9779005524861878,0.03314917127071823,-0.4972375690607735,0.06077348066298342,-0.6519337016574586,0.07734806629834254,-0.7513812154696132,0.08839779005524862,-0.850828729281768
0,0.0,0.0,-0.2,-0.021621621621621623,-0.3837837837837838,-0.11891891891891893,-0.4972972972972973,-0.23243243243243245,-0.6108108108108108,-0.32972972972972975,-0.34054054054054056,-0.4540540540540541,-0.44324324324324327,-0.6378378378378379,-0.4972972972972973,-0.7513513513513513,-0.5405405405405406,-0.8594594594594595,-0.22162162162162163,-0.518918918918919,-0.2756756756756757,-0.745945945945946,-0.3027027027027027,-0.8810810810810811,-0.32432432432432434,-1.0,-0.0972972972972973,-0.5243243243243243,-0.13513513513513514,-0.7297297297297297,-0.15675675675675677,-0.8540540540540541,-0.1891891891891892,-0.9675675675675676,0.02702702702702703,-0.4864864864864865,0.03783783783783784,-0.6432432432432432,0.043243243243243246,-0.745945945945946,0.043243243243243246,-0.8432432432432433
0,0.0,0.0,-0.20212765957446807,-0.02127659574468085,-0.3829787234042553,-0.12234042553191489,-0.4946808510638298,-0.24468085106382978,-0.601063829787234,-0.3404255319148936,-0.32978723404255317,-0.4574468085106383,-0.4148936170212766,-0.6436170212765957,-0.4627659574468085,-0.7553191489361702,-0.4946808510638298,-0.8670212765957447,-0.2074468085106383,-0.5159574468085106,-0.2553191489361702,-0.7446808510638298,-0.2765957446808511,-0.8829787234042553,-0.2978723404255319,-1.0,-0.0851063829787234,-0.5212765957446809,-0.11170212765957446,-0.7340425531914894,-0.13297872340425532,-0.8563829787234043,-0.1595744680851064,-0.973404255319149,0.03723404255319149,-0.48404255319148937,0.047872340425531915,-0.6382978723404256,0.05851063829787234,-0.7446808510638298,0.05851063829787234,-0.8404255319148937
0,0.0,0.0,-0.20618556701030927,-0.030927835051546393,-0.38144329896907214,-0.12886597938144329,-0.4948453608247423,-0.24742268041237114,-0.5927835051546392,-0.34536082474226804,-0.3247422680412371,-0.4639175257731959,-0.4020618556701031,-0.654639175257732,-0.44329896907216493,-0.7731958762886598,-0.4742268041237113,-0.8814432989690721,-0.20618556701030927,-0.520618556701031,-0.25257731958762886,-0.7474226804123711,-0.27319587628865977,-0.8814432989690721,-0.28865979381443296,-1.0,-0.08762886597938144,-0.520618556701031,-0.11855670103092783,-0.7319587628865979,-0.13917525773195877,-0.8608247422680413,-0.16494845360824742,-0.9742268041237113,0.030927835051546393,-0.4793814432989691,0.020618556701030927,-0.634020618556701,0.010309278350515464,-0.7371134020618557,-0.005154639175257732,-0.8350515463917526
0,0.0,0.0,-0.20408163265306123,-0.025510204081632654,-0.37755102040816324,-0.1326530612244898,-0.4897959183673469,-0.25,-0.5918367346938775,-0.3469387755102041,-0.32142857142857145,-0.4642857142857143,-0.3979591836734694,-0.6530612244897959,-0.4336734693877551,-0.7704081632653061,-0.45918367346938777,-0.8775510204081632,-0.20408163265306123,-0.5204081632653061,-0.25,-0.7448979591836735,-0.27040816326530615,-0.8826530612244898,-0.29081632653061223,-1.0,-0.08163265306122448,-0.5204081632653061,-0.11224489795918367,-0.7295918367346939,-0.1326530612244898,-0.8571428571428571,-0.16326530612244897,-0.9744897959183674,0.04081632653061224,-0.47959183673469385,0.03571428571428571,-0.6326530612244898,0.030612244897959183,-0.7295918367346939,0.015306122448979591,-0.826530612244898
0,0.0,0.0,-0.205,-0.03,-0.38,-0.13,-0.49,-0.24,-0.59,-0.335,-0.32,-0.475,-0.38,-0.665,-0.4,-0.785,-0.42,-0.895,-0.205,-0.525,-0.255,-0.75,-0.275,-0.885,-0.295,-1.0,-0.085,-0.525,-0.125,-0.735,-0.15,-0.86,-0.175,-0.97,0.035,-0.485,0.025,-0.64,0.01,-0.74,-0.01,-0.835
0,0.0,0.0,-0.2,-0.02926829268292683,-0.37073170731707317,-0.13170731707317074,-0.48292682926829267,-0.23902439024390243,-0.5756097560975609,-0.33658536585365856,-0.3121951219512195,-0.47317073170731705,-0.375609756097561,-0.6634146341463415,-0.40487804878048783,-0.7804878048780488,-0.424390243902439,-0.8878048780487805,-0.1902439024390244,-0.526829268292683,-0.23414634146341465,-0.7463414634146341,-0.25853658536585367,-0.8829268292682927,-0.2780487804878049,-1.0,-0.07317073170731707,-0.526829268292683,-0.1024390243902439,-0.7317073170731707,-0.12682926829268293,-0.8536585365853658,-0.15609756097560976,-0.9658536585365853,0.04878048780487805,-0.48292682926829267,0.04390243902439024,-0.6292682926829268,0.03414634146341464,-0.7268292682926829,0.014634146341463415,-0.824390243902439
0,0.0,0.0,-0.19230769230769232,-0.03365384615384615,-0.3605769230769231,-0.1346153846153846,-0.46634615384615385,-0.2403846153846154,-0.5528846153846154,-0.33653846153846156,-0.30288461538461536,-0.47596153846153844,-0.34615384615384615,-0.6682692307692307,-0.36538461538461536,-0.7884615384615384,-0.375,-0.8990384615384616,-0.1875,-0.5240384615384616,-0.22596153846153846,-0.75,-0.2403846153846154,-0.8846153846153846,-0.2548076923076923,-1.0,-0.07211538461538461,-0.5240384615384616,-0.09615384615384616,-0.7259615384615384,-0.1201923076923077,-0.8509615384615384,-0.13942307692307693,-0.9615384615384616,0.04807692307692308,-0.4807692307692308,0.03365384615384615,-0.6346153846153846,0.014423076923076924,-0.7307692307692307,-0.009615384615384616,-0.8221153846153846
0,0.0,0.0,-0.19339622641509435,-0.03773584905660377,-0.3584905660377358,-0.13679245283018868,-0.45754716981132076,-0.24056603773584906,-0.5471698113207547,-0.33962264150943394,-0.2971698113207547,-0.4811320754716981,-0.33962264150943394,-0.6745283018867925,-0.3584905660377358,-0.7924528301886793,-0.36792452830188677,-0.9009433962264151,-0.18867924528301888,-0.5235849056603774,-0.22641509433962265,-0.7452830188679245,-0.24528301886792453,-0.8773584905660378,-0.25471698113207547,-1.0,-0.07547169811320754,-0.5235849056603774,-0.10377358490566038,-0.7216981132075472,-0.12735849056603774,-0.8490566037735849,-0.14622641509433962,-0.9622641509433962,0.04716981132075472,-0.4811320754716981,0.02358490566037736,-0.6320754716981132,0.0,-0.7311320754716981,-0.02358490566037736,-0.8254716981132075
0,0.0,0.0,-0.19158878504672897,-0.04205607476635514,-0.35514018691588783,-0.14485981308411214,-0.45794392523364486,-0.24766355140186916,-0.5467289719626168,-0.34579439252336447,-0.29906542056074764,-0.48130841121495327,-0.3411214953271028,-0.6728971962616822,-0.3598130841121495,-0.794392523364486,-0.3644859813084112,-0.9065420560747663,-0.19158878504672897,-0.5280373831775701,-0.2336448598130841,-0.7476635514018691,-0.2523364485981308,-0.883177570093458,-0.2616822429906542,-1.0,-0.0794392523364486,-0.5233644859813084,-0.11682242990654206,-0.7289719626168224,-0.13551401869158877,-0.8551401869158879,-0.1588785046728972,-0.9672897196261683,0.04205607476635514,-0.48598130841121495,0.014018691588785047,-0.6401869158878505,-0.009345794392523364,-0.7383177570093458,-0.04205607476635514,-0.8317757009345794
0,0.0,0.0,-0.19069767441860466,-0.037209302325581395,-0.35348837209302325,-0.14418604651162792,-0.4511627906976744,-0.24651162790697675,-0.5488372093023256,-0.34418604651162793,-0.2930232558139535,-0.48372093023255813,-0.33488372093023255,-0.6790697674418604,-0.35348837209302325,-0.7953488372093023,-0.3627906976744186,-0.9069767441860465,-0.1813953488372093,-0.5302325581395348,-0.22790697674418606,-0.7488372093023256,-0.24186046511627907,-0.8837209302325582,-0.25116279069767444,-1.0,-0.06976744186046512,-0.5255813953488372,-0.10697674418604651,-0.7302325581395349,-0.12558139534883722,-0.8511627906976744,-0.14883720930232558,-0.9627906976744186,0.05116279069767442,-0.48372093023255813,0.023255813953488372,-0.641860465116279,0.0,-0.7395348837209302,-0.027906976744186046,-0.827906976744186
0,0.0,0.0,-0.18981481481481483,-0.037037037037037035,-0.35185185185185186,-0.1388888888888889,-0.4537037037037037,-0.24537037037037038,-0.5462962962962963,-0.33796296296296297,-0.30092592592592593,-0.48148148148148145,-0.3472222222222222,-0.6712962962962963,-0.36574074074074076,-0.7916666666666666,-0.375,-0.9027777777777778,-0.18518518518518517,-0.5277777777777778,-0.22685185185185186,-0.75,-0.24537037037037038,-0.8842592592592593,-0.25925925925925924,-1.0,-0.06944444444444445,-0.5277777777777778,-0.10185185185185185,-0.7268518518518519,-0.125,-0.8518518518518519,-0.14814814814814814,-0.9629629629629629,0.05092592592592592,-0.48148148148148145,0.032407407407407406,-0.6342592592592593,0.009259259259259259,-0.7314814814814815,-0.018518518518518517,-0.8240740740740741
0,0.0,0.0,-0.1926605504587156,-0.03669724770642202,-0.3623853211009174,-0.14220183486238533,-0.463302752293578,-0.24770642201834864,-0.5596330275229358,-0.3486238532110092,-0.3073394495412844,-0.481651376146789,-0.3532110091743119,-0.6743119266055045,-0.37155963302752293,-0.7935779816513762,-0.3853211009174312,-0.908256880733945,-0.19724770642201836,-0.5275229357798165,-0.23853211009174313,-0.7477064220183486,-0.25688073394495414,-0.8807339449541285,-0.2706422018348624,-1.0,-0.08256880733944955,-0.5275229357798165,-0.11926605504587157,-0.7247706422018348,-0.13761467889908258,-0.8486238532110092,-0.1651376146788991,-0.963302752293578,0.04128440366972477,-0.481651376146789,0.013761467889908258,-0.6376146788990825,-0.013761467889908258,-0.7339449541284404,-0.045871559633027525,-0.8256880733944955
0,0.0,0.0,-0.19369369369369369,-0.036036036036036036,-0.35135135135135137,-0.14864864864864866,-0.44144144144144143,-0.2702702702702703,-0.527027027027027,-0.38288288288288286,-0.30180180180180183,-0.481981981981982,-0.34234234234234234,-0.6711711711711712,-0.36036036036036034,-0.7927927927927928,-0.36936936936936937,-0.9054054054054054,-0.1891891891891892,-0.527027027027027,-0.23873873873873874,-0.7432432432432432,-0.25675675675675674,-0.8783783783783784,-0.2747747747747748,-1.0,-0.08108108108108109,-0.5225225225225225,-0.12162162162162163,-0.7252252252252253,-0.14864864864864866,-0.8468468468468469,-0.17567567567567569,-0.963963963963964,0.04504504504504504,-0.4774774774774775,0.013513513513513514,-0.6351351351351351,-0.018018018018018018,-0.7342342342342343,-0.04954954954954955,-0.8288288288288288
0,0.0,0.0,-0.19111111111111112,-0.04888888888888889,-0.3422222222222222,-0.16444444444444445,-0.4222222222222222,-0.29777777777777775,-0.49333333333333335,-0.4222222222222222,-0.30666666666666664,-0.48444444444444446,-0.3466666666666667,-0.6755555555555556,-0.36,-0.7955555555555556,-0.3688888888888889,-0.9111111111111111,-0.19111111111111112,-0.5244444444444445,-0.23555555555555555,-0.7422222222222222,-0.25333333333333335,-0.8755555555555555,-0.27555555555555555,-1.0,-0.08,-0.52,-0.12,-0.72,-0.14222222222222222,-0.8444444444444444,-0.17333333333333334,-0.9644444444444444,0.044444444444444446,-0.47555555555555556,0.008888888888888889,-0.6355555555555555,-0.017777777777777778,-0.7333333333333333,-0.057777777777777775,-0.8266666666666667
0,0.0,0.0,-0.1902654867256637,-0.048672566371681415,-0.336283185840708,-0.17699115044247787,-0.39823008849557523,-0.3230088495575221,-0.4690265486725664,-0.45132743362831856,-0.3053097345132743,-0.4823008849557522,-0.3495575221238938,-0.6769911504424779,-0.36283185840707965,-0.7964601769911505,-0.3672566371681416,-0.911504424778761,-0.1902654867256637,-0.5265486725663717,-0.23893805309734514,-0.7477876106194691,-0.25663716814159293,-0.8761061946902655,-0.2743362831858407,-1.0,-0.084070796460177,-0.5221238938053098,-0.11946902654867257,-0.7212389380530974,-0.14601769911504425,-0.8451327433628318,-0.168141592920354,-0.9601769911504425,0.04424778761061947,-0.4823008849557522,0.01327433628318584,-0.6371681415929203,-0.01327433628318584,-0.7345132743362832,-0.03982300884955752,-0.827433628318584
0,0.0,0.0,-0.1896551724137931,-0.05603448275862069,-0.3232758620689655,-0.1810344827586207,-0.38362068965517243,-0.33189655172413796,-0.46551724137931033,-0.46551724137931033,-0.2974137931034483,-0.4827586206896552,-0.34051724137931033,-0.6810344827586207,-0.3577586206896552,-0.8017241379310345,-0.36637931034482757,-0.9181034482758621,-0.17672413793103448,-0.5258620689655172,-0.22844827586206898,-0.7456896551724138,-0.25,-0.875,-0.27155172413793105,-1.0,-0.06465517241379311,-0.521551724137931,-0.10344827586206896,-0.7198275862068966,-0.12931034482758622,-0.8448275862068966,-0.15517241379310345,-0.9655172413793104,0.06465517241379311,-0.47844827586206895,0.03879310344827586,-0.6293103448275862,0.021551724137931036,-0.728448275862069,-0.004310344827586207,-0.8275862068965517
0,0.0,0.0,-0.19130434782608696,-0.05217391304347826,-0.32608695652173914,-0.1826086956521739,-0.3869565217391304,-0.3347826086956522,-0.4652173913043478,-0.4652173913043478,-0.3,-0.48695652173913045,-0.34347826086956523,-0.6826086956521739,-0.3652173913043478,-0.8,-0.3739130434782609,-0.9130434782608695,-0.1826086956521739,-0.5304347826086957,-0.23478260869565218,-0.7478260869565218,-0.2565217391304348,-0.8739130434782608,-0.2782608695652174,-1.0,-0.06956521739130435,-0.5217391304347826,-0.10869565217391304,-0.7217391304347827,-0.13043478260869565,-0.8434782608695652,-0.1565217391304348,-0.9608695652173913,0.05652173913043478,-0.4826086956521739,0.030434782608695653,-0.6347826086956522,0.008695652173913044,-0.7304347826086957,-0.013043478260869565,-0.8304347826086956
0,0.0,0.0,-0.18834080717488788,-0.04035874439461883,-0.34080717488789236,-0.16591928251121077,-0.4125560538116592,-0.3094170403587444,-0.5022421524663677,-0.4260089686098655,-0.30493273542600896,-0.4663677130044843,-0.35874439461883406,-0.6636771300448431,-0.3901345291479821,-0.7892376681614349,-0.4080717488789238,-0.905829596412556,-0.17937219730941703,-0.5201793721973094,-0.22869955156950672,-0.7399103139013453,-0.2556053811659193,-0.8789237668161435,-0.27802690582959644,-1.0,-0.05829596412556054,-0.515695067264574,-0.08520179372197309,-0.7219730941704036,-0.10762331838565023,-0.852017937219731,-0.13901345291479822,-0.9730941704035875,0.07623318385650224,-0.47533632286995514,0.09417040358744394,-0.6278026905829597,0.1031390134529148,-0.7354260089686099,0.1031390134529148,-0.8385650224215246
0,0.0,0.0,-0.19004524886877827,-0.04072398190045249,-0.34841628959276016,-0.17194570135746606,-0.42081447963800905,-0.31221719457013575,-0.5113122171945701,-0.42081447963800905,-0.3167420814479638,-0.4660633484162896,-0.40271493212669685,-0.6425339366515838,-0.4479638009049774,-0.7601809954751131,-0.4841628959276018,-0.8642533936651584,-0.18552036199095023,-0.5203619909502263,-0.23529411764705882,-0.7420814479638009,-0.26244343891402716,-0.8823529411764706,-0.2850678733031674,-1.0,-0.05429864253393665,-0.5203619909502263,-0.07239819004524888,-0.7239819004524887,-0.08597285067873303,-0.8552036199095022,-0.09954751131221719,-0.9728506787330317,0.08144796380090498,-0.4796380090497738,0.13122171945701358,-0.6199095022624435,0.16289592760180996,-0.7239819004524887,0.18552036199095023,-0.8235294117647058
0,0.0,0.0,-0.1941747572815534,-0.04854368932038835,-0.34951456310679613,-0.1796116504854369,-0.41262135922330095,-0.3300970873786408,-0.49514563106796117,-0.4563106796116505,-0.3106796116504854,-0.48058252427184467,-0.3640776699029126,-0.6747572815533981,-0.39805825242718446,-0.7912621359223301,-0.4174757281553398,-0.9029126213592233,-0.1941747572815534,-0.529126213592233,-0.24271844660194175,-0.7475728155339806,-0.27184466019417475,-0.8786407766990292,-0.2961165048543689,-1.0,-0.07766990291262135,-0.529126213592233,-0.11165048543689321,-0.7281553398058253,-0.13592233009708737,-0.8495145631067961,-0.16990291262135923,-0.9660194174757282,0.04854368932038835,-0.49029126213592233,0.043689320388349516,-0.6407766990291263,0.038834951456310676,-0.7378640776699029,0.024271844660194174,-0.8300970873786407
0,0.0,0.0,-0.20103092783505155,-0.05154639175257732,-0.35051546391752575,-0.18556701030927836,-0.42783505154639173,-0.3402061855670103,-0.520618556701031,-0.4536082474226804,-0.3247422680412371,-0.4948453608247423,-0.3711340206185567,-0.6855670103092784,-0.3865979381443299,-0.8041237113402062,-0.39690721649484534,-0.9175257731958762,-0.20618556701030927,-0.5360824742268041,-0.26288659793814434,-0.7525773195876289,-0.28350515463917525,-0.8762886597938144,-0.30927835051546393,-1.0,-0.0979381443298969,-0.5360824742268041,-0.14432989690721648,-0.7371134020618557,-0.17525773195876287,-0.8556701030927835,-0.20103092783505155,-0.9639175257731959,0.03608247422680412,-0.4948453608247423,-0.010309278350515464,-0.654639175257732,-0.041237113402061855,-0.7525773195876289,-0.07731958762886598,-0.8402061855670103
0,0.0,0.0,-0.19791666666666666,-0.052083333333333336,-0.3489583333333333,-0.1875,-0.4166666666666667,-0.3333333333333333,-0.5104166666666666,-0.4427083333333333,-0.3177083333333333,-0.4895833333333333,-0.3645833333333333,-0.6822916666666666,-0.3802083333333333,-0.796875,-0.390625,-0.9114583333333334,-0.203125,-0.5364583333333334,-0.2552083333333333,-0.75,-0.2760416666666667,-0.8802083333333334,-0.3020833333333333,-1.0,-0.09375,-0.5364583333333334,-0.140625,-0.734375,-0.16666666666666666,-0.8541666666666666,-0.19791666666666666,-0.96875,0.03125,-0.4947916666666667,-0.005208333333333333,-0.6510416666666666,-0.036458333333333336,-0.75,-0.07291666666666667,-0.8385416666666666
0,0.0,0.0,-0.2,-0.05945945945945946,-0.34054054054054056,-0.20540540540540542,-0.40540540540540543,-0.3567567567567568,-0.4918918918918919,-0.4756756756756757,-0.3081081081081081,-0.4972972972972973,-0.35135135135135137,-0.6918918918918919,-0.3621621621621622,-0.8054054054054054,-0.3675675675675676,-0.918918918918919,-0.1945945945945946,-0.5405405405405406,-0.24324324324324326,-0.7567567567567568,-0.2594594594594595,-0.8810810810810811,-0.2810810810810811,-1.0,-0.08648648648648649,-0.5351351351351351,-0.11891891891891893,-0.7351351351351352,-0.14594594594594595,-0.8540540540540541,-0.17297297297297298,-0.9621621621621622,0.043243243243243246,-0.4972972972972973,0.005405405405405406,-0.654054054054054,-0.021621621621621623,-0.7513513513513513,-0.05945945945945946,-0.8378378378378378
0,0.0,0.0,-0.1978021978021978,-0.06043956043956044,-0.34615384615384615,-0.2032967032967033,-0.4010989010989011,-0.35714285714285715,-0.4835164835164835,-0.4725274725274725,-0.3076923076923077,-0.5,-0.3516483516483517,-0.6923076923076923,-0.3626373626373626,-0.8076923076923077,-0.36813186813186816,-0.9175824175824175,-0.19230769230769232,-0.5384615384615384,-0.24175824175824176,-0.7527472527472527,-0.25824175824175827,-0.8791208791208791,-0.2802197802197802,-1.0,-0.08241758241758242,-0.5384615384615384,-0.12087912087912088,-0.7362637362637363,-0.14285714285714285,-0.8571428571428571,-0.17032967032967034,-0.967032967032967,0.038461538461538464,-0.5,0.005494505494505495,-0.6538461538461539,-0.016483516483516484,-0.7472527472527473,-0.04945054945054945,-0.8351648351648352
0,0.0,0.0,-0.22093023255813954,-0.06395348837209303,-0.36627906976744184,-0.20348837209302326,-0.43023255813953487,-0.36046511627906974,-0.5058139534883721,-0.47093023255813954,-0.32558139534883723,-0.4883720930232558,-0.36627906976744184,-0.686046511627907,-0.38372093023255816,-0.8023255813953488,-0.3953488372093023,-0.9069767441860465,-0.21511627906976744,-0.5348837209302325,-0.26744186046511625,-0.75,-0.29651162790697677,-0.877906976744186,-0.32558139534883723,-1.0,-0.10465116279069768,-0.5348837209302325,-0.13953488372093023,-0.7383720930232558,-0.1686046511627907,-0.8604651162790697,-0.19767441860465115,-0.9709302325581395,0.01744186046511628,-0.5,-0.011627906976744186,-0.6569767441860465,-0.03488372093023256,-0.7558139534883721,-0.06395348837209303,-0.8488372093023255
0,0.0,0.0,-0.21084337349397592,-0.05421686746987952,-0.3614457831325301,-0.19879518072289157,-0.42168674698795183,-0.3674698795180723,-0.5,-0.4819277108433735,-0.3313253012048193,-0.4819277108433735,-0.3855421686746988,-0.6746987951807228,-0.4036144578313253,-0.7891566265060241,-0.41566265060240964,-0.9036144578313253,-0.22289156626506024,-0.536144578313253,-0.28313253012048195,-0.7469879518072289,-0.3132530120481928,-0.8795180722891566,-0.3373493975903614,-1.0,-0.1144578313253012,-0.536144578313253,-0.16265060240963855,-0.7349397590361446,-0.18674698795180722,-0.8614457831325302,-0.21686746987951808,-0.9759036144578314,0.006024096385542169,-0.5,-0.024096385542168676,-0.6566265060240963,-0.04819277108433735,-0.7590361445783133,-0.08433734939759036,-0.8493975903614458
0,0.0,0.0,-0.21686746987951808,-0.060240963855421686,-0.3614457831325301,-0.19879518072289157,-0.42771084337349397,-0.3614457831325301,-0.5060240963855421,-0.4879518072289157,-0.3313253012048193,-0.4819277108433735,-0.3855421686746988,-0.6746987951807228,-0.4036144578313253,-0.7951807228915663,-0.41566265060240964,-0.9096385542168675,-0.22289156626506024,-0.536144578313253,-0.28313253012048195,-0.7469879518072289,-0.3072289156626506,-0.8795180722891566,-0.3373493975903614,-1.0,-0.1144578313253012,-0.536144578313253,-0.16265060240963855,-0.7349397590361446,-0.18674698795180722,-0.8614457831325302,-0.21686746987951808,-0.9698795180722891,0.012048192771084338,-0.5,-0.018072289156626505,-0.6566265060240963,-0.04216867469879518,-0.7530120481927711,-0.07228915662650602,-0.8493975903614458
0,0.0,0.0,-0.21656050955414013,-0.050955414012738856,-0.3821656050955414,-0.1910828025477707,-0.45222929936305734,-0.35668789808917195,-0.535031847133758,-0.47770700636942676,-0.3503184713375796,-0.47770700636942676,-0.4140127388535032,-0.6687898089171974,-0.4394904458598726,-0.7834394904458599,-0.45222929936305734,-0.8980891719745223,-0.2484076433121019,-0.535031847133758,-0.31210191082802546,-0.7452229299363057,-0.34394904458598724,-0.8789808917197452,-0.37579617834394907,-1.0,-0.14012738853503184,-0.5414012738853503,-0.1910828025477707,-0.7452229299363057,-0.2229299363057325,-0.8662420382165605,-0.2611464968152866,-0.9745222929936306,-0.012738853503184714,-0.5159235668789809,-0.044585987261146494,-0.6687898089171974,-0.07006369426751592,-0.7643312101910829,-0.10191082802547771,-0.8535031847133758
0,0.0,0.0,-0.2129032258064516,-0.05161290322580645,-0.3741935483870968,-0.18064516129032257,-0.44516129032258067,-0.34838709677419355,-0.535483870967742,-0.47096774193548385,-0.3548387096774194,-0.4838709677419355,-0.41935483870967744,-0.6709677419354839,-0.44516129032258067,-0.7935483870967742,-0.4645161290322581,-0.9032258064516129,-0.24516129032258063,-0.5419354838709678,-0.3096774193548387,-0.7483870967741936,-0.34838709677419355,-0.8774193548387097,-0.38064516129032255,-1.0,-0.13548387096774195,-0.5483870967741935,-0.1870967741935484,-0.7419354838709677,-0.21935483870967742,-0.864516129032258,-0.25806451612903225,-0.9741935483870968,-0.0064516129032258064,-0.5225806451612903,-0.03870967741935484,-0.6774193548387096,-0.06451612903225806,-0.7677419354838709,-0.0967741935483871,-0.8580645161290322
0,0.0,0.0,-0.21428571428571427,-0.05844155844155844,-0.37012987012987014,-0.19480519480519481,-0.43506493506493504,-0.35714285714285715,-0.5064935064935064,-0.474025974025974,-0.34415584415584416,-0.4805194805194805,-0.3961038961038961,-0.6688311688311688,-0.42207792207792205,-0.7922077922077922,-0.43506493506493504,-0.8961038961038961,-0.23376623376623376,-0.525974025974026,-0.2922077922077922,-0.7532467532467533,-0.3181818181818182,-0.8831168831168831,-0.34415584415584416,-1.0,-0.11688311688311688,-0.5324675324675324,-0.15584415584415584,-0.7467532467532467,-0.18181818181818182,-0.8766233766233766,-0.21428571428571427,-0.987012987012987,0.006493506493506494,-0.5,-0.012987012987012988,-0.6688311688311688,-0.032467532467532464,-0.7662337662337663,-0.06493506493506493,-0.8571428571428571
0,0.0,0.0,-0.22151898734177214,-0.06329113924050633,-0.3670886075949367,-0.2088607594936709,-0.4240506329113924,-0.3670886075949367,-0.4936708860759494,-0.4873417721518987,-0.3037974683544304,-0.4810126582278481,-0.34810126582278483,-0.6772151898734177,-0.3670886075949367,-0.7974683544303798,-0.379746835443038,-0.9113924050632911,-0.18354430379746836,-0.5316455696202531,-0.22784810126582278,-0.7468354430379747,-0.2468354430379747,-0.879746835443038,-0.25949367088607594,-1.0,-0.06962025316455696,-0.5316455696202531,-0.10126582278481013,-0.7341772151898734,-0.12025316455696203,-0.8607594936708861,-0.14556962025316456,-0.9746835443037974,0.056962025316455694,-0.4936708860759494,0.0379746835443038,-0.6518987341772152,0.012658227848101266,-0.7468354430379747,-0.012658227848101266,-0.8354430379746836
0,0.0,0.0,-0.21153846153846154,-0.07692307692307693,-0.3525641025641026,-0.22435897435897437,-0.3974358974358974,-0.391025641025641,-0.46153846153846156,-0.5064102564102564,-0.2692307692307692,-0.4935897435897436,-0.30128205128205127,-0.6858974358974359,-0.3141025641025641,-0.8012820512820513,-0.3141025641025641,-0.9166666666666666,-0.14743589743589744,-0.532051282051282,-0.1794871794871795,-0.75,-0.1858974358974359,-0.8846153846153846,-0.1987179487179487,-1.0,-0.038461538461538464,-0.532051282051282,-0.057692307692307696,-0.7307692307692307,-0.07051282051282051,-0.8525641025641025,-0.08974358974358974,-0.9551282051282052,0.07692307692307693,-0.4935897435897436,0.07051282051282051,-0.6410256410256411,0.0641025641025641,-0.7371794871794872,0.04487179487179487,-0.8205128205128205
0,0.0,0.0,-0.21052631578947367,-0.06578947368421052,-0.34868421052631576,-0.21710526315789475,-0.3881578947368421,-0.375,-0.45394736842105265,-0.4934210526315789,-0.26973684210526316,-0.48026315789473684,-0.3092105263157895,-0.6776315789473685,-0.3157894736842105,-0.7960526315789473,-0.3223684210526316,-0.9013157894736842,-0.1513157894736842,-0.5328947368421053,-0.17763157894736842,-0.75,-0.19078947368421054,-0.881578947368421,-0.20394736842105263,-1.0,-0.03289473684210526,-0.5328947368421053,-0.046052631578947366,-0.7368421052631579,-0.05921052631578947,-0.8618421052631579,-0.07236842105263158,-0.9671052631578947,0.09210526315789473,-0.4934210526315789,0.09868421052631579,-0.6513157894736842,0.09210526315789473,-0.756578947368421,0.07894736842105263,-0.8421052631578947
0,0.0,0.0,-0.19607843137254902,-0.08496732026143791,-0.32679738562091504,-0.22875816993464052,-0.35294117647058826,-0.39215686274509803,-0.40522875816993464,-0.5163398692810458,-0.23529411764705882,-0.49019607843137253,-0.2549019607843137,-0.6862745098039216,-0.2549019607843137,-0.803921568627451,-0.2549019607843137,-0.9150326797385621,-0.11764705882352941,-0.5228758169934641,-0.13071895424836602,-0.738562091503268,-0.13071895424836602,-0.8758169934640523,-0.13725490196078433,-1.0,0.0,-0.5163398692810458,-0.006535947712418301,-0.7124183006535948,-0.006535947712418301,-0.8366013071895425,-0.0196078431372549,-0.954248366013072,0.11764705882352941,-0.47058823529411764,0.12418300653594772,-0.6209150326797386,0.12418300653594772,-0.7189542483660131,0.1111111111111111,-0.8169934640522876
0,0.0,0.0,-0.1935483870967742,-0.10967741935483871,-0.3096774193548387,-0.25806451612903225,-0.32903225806451614,-0.41935483870967744,-0.3741935483870968,-0.5548387096774193,-0.21935483870967742,-0.5161290322580645,-0.23225806451612904,-0.7096774193548387,-0.22580645161290322,-0.8258064516129032,-0.2129032258064516,-0.9354838709677419,-0.0967741935483871,-0.5419354838709678,-0.1032258064516129,-0.7548387096774194,-0.0967741935483871,-0.8838709677419355,-0.0967741935483871,-1.0,0.01935483870967742,-0.5290322580645161,0.01935483870967742,-0.7225806451612903,0.025806451612903226,-0.8451612903225807,0.025806451612903226,-0.9548387096774194,0.13548387096774195,-0.47096774193548385,0.15483870967741936,-0.6193548387096774,0.15483870967741936,-0.7161290322580646,0.14838709677419354,-0.8129032258064516
0,0.0,0.0,-0.1858974358974359,-0.09615384615384616,-0.30128205128205127,-0.25,-0.32051282051282054,-0.41025641025641024,-0.3525641025641026,-0.5512820512820513,-0.1987179487179487,-0.5128205128205128,-0.20512820512820512,-0.7115384615384616,-0.19230769230769232,-0.8269230769230769,-0.1794871794871795,-0.9423076923076923,-0.07051282051282051,-0.5384615384615384,-0.07051282051282051,-0.7435897435897436,-0.0641025641025641,-0.8782051282051282,-0.057692307692307696,-1.0,0.04487179487179487,-0.5128205128205128,0.05128205128205128,-0.7051282051282052,0.057692307692307696,-0.8269230769230769,0.05128205128205128,-0.9423076923076923,0.16025641025641027,-0.4551282051282051,0.1794871794871795,-0.5961538461538461,0.1858974358974359,-0.6923076923076923,0.1858974358974359,-0.7884615384615384
0,0.0,0.0,-0.18831168831168832,-0.09090909090909091,-0.3116883116883117,-0.24025974025974026,-0.3246753246753247,-0.3961038961038961,-0.35714285714285715,-0.5324675324675324,-0.2077922077922078,-0.512987012987013,-0.21428571428571427,-0.7077922077922078,-0.21428571428571427,-0.8246753246753247,-0.21428571428571427,-0.9415584415584416,-0.07792207792207792,-0.5324675324675324,-0.08441558441558442,-0.7467532467532467,-0.08441558441558442,-0.8766233766233766,-0.08441558441558442,-1.0,0.03896103896103896,-0.512987012987013,0.03896103896103896,-0.7012987012987013,0.03896103896103896,-0.8246753246753247,0.032467532467532464,-0.9415584415584416,0.15584415584415584,-0.45454545454545453,0.16883116883116883,-0.5974025974025974,0.16883116883116883,-0.6948051948051948,0.16883116883116883,-0.7857142857142857
0,0.0,0.0,-0.19607843137254902,-0.0718954248366013,-0.3202614379084967,-0.2222222222222222,-0.35294117647058826,-0.38562091503267976,-0.41830065359477125,-0.5098039215686274,-0.24183006535947713,-0.5032679738562091,-0.2679738562091503,-0.6993464052287581,-0.2679738562091503,-0.8169934640522876,-0.2679738562091503,-0.9281045751633987,-0.11764705882352941,-0.5359477124183006,-0.13071895424836602,-0.7516339869281046,-0.13725490196078433,-0.8823529411764706,-0.1437908496732026,-1.0,0.0,-0.5228758169934641,0.0,-0.7189542483660131,-0.006535947712418301,-0.8431372549019608,-0.0196078431372549,-0.9607843137254902,0.12418300653594772,-0.47058823529411764,0.13725490196078433,-0.6143790849673203,0.1437908496732026,-0.7124183006535948,0.1437908496732026,-0.8104575163398693
0,0.0,0.0,-0.20261437908496732,-0.08496732026143791,-0.3333333333333333,-0.23529411764705882,-0.3660130718954248,-0.39869281045751637,-0.42483660130718953,-0.5163398692810458,-0.24183006535947713,-0.5098039215686274,-0.27450980392156865,-0.7058823529411765,-0.28104575163398693,-0.8300653594771242,-0.28104575163398693,-0.9411764705882353,-0.11764705882352941,-0.5424836601307189,-0.13725490196078433,-0.7516339869281046,-0.1503267973856209,-0.8823529411764706,-0.1568627450980392,-1.0,0.0,-0.5228758169934641,-0.006535947712418301,-0.7254901960784313,-0.013071895424836602,-0.8496732026143791,-0.026143790849673203,-0.9673202614379085,0.11764705882352941,-0.47058823529411764,0.13725490196078433,-0.6209150326797386,0.1437908496732026,-0.7189542483660131,0.1437908496732026,-0.8104575163398693
0,0.0,0.0,-0.21052631578947367,-0.07236842105263158,-0.34868421052631576,-0.21710526315789475,-0.39473684210526316,-0.3815789473684211,-0.46710526315789475,-0.4934210526315789,-0.28289473684210525,-0.5,-0.3223684210526316,-0.6907894736842105,-0.3355263157894737,-0.8157894736842105,-0.35526315789473684,-0.9210526315789473,-0.16447368421052633,-0.5394736842105263,-0.19736842105263158,-0.756578947368421,-0.21710526315789475,-0.8881578947368421,-0.23026315789473684,-1.0,-0.05263157894736842,-0.5263157894736842,-0.07236842105263158,-0.7368421052631579,-0.08552631578947369,-0.8618421052631579,-0.1118421052631579,-0.9736842105263158,0.06578947368421052,-0.4868421052631579,0.07894736842105263,-0.6381578947368421,0.08552631578947369,-0.7302631578947368,0.07894736842105263,-0.8223684210526315
0,0.0,0.0,-0.1986754966887417,-0.06622516556291391,-0.3443708609271523,-0.2119205298013245,-0.3973509933774834,-0.3576158940397351,-0.47019867549668876,-0.4768211920529801,-0.2913907284768212,-0.5033112582781457,-0.33774834437086093,-0.695364238410596,-0.3576158940397351,-0.8145695364238411,-0.3708609271523179,-0.9205298013245033,-0.17880794701986755,-0.543046357615894,-0.2185430463576159,-0.7615894039735099,-0.23841059602649006,-0.8940397350993378,-0.26490066225165565,-1.0,-0.06622516556291391,-0.543046357615894,-0.09271523178807947,-0.7483443708609272,-0.11258278145695365,-0.8741721854304636,-0.1456953642384106,-0.9801324503311258,0.059602649006622516,-0.4966887417218543,0.0728476821192053,-0.6622516556291391,0.0728476821192053,-0.7615894039735099,0.06622516556291391,-0.8543046357615894
0,0.0,0.0,-0.19333333333333333,-0.05333333333333334,-0.32666666666666666,-0.18666666666666668,-0.38666666666666666,-0.3333333333333333,-0.48,-0.4533333333333333,-0.29333333333333333,-0.4866666666666667,-0.34,-0.68,-0.36666666666666664,-0.8,-0.3933333333333333,-0.9066666666666666,-0.17333333333333334,-0.5266666666666666,-0.22,-0.7533333333333333,-0.25333333333333335,-0.88,-0.2866666666666667,-1.0,-0.06,-0.5266666666666666,-0.09333333333333334,-0.7333333333333333,-0.11333333333333333,-0.86,-0.14666666666666667,-0.98,0.06666666666666667,-0.4866666666666667,0.06666666666666667,-0.6533333333333333,0.06666666666666667,-0.7666666666666667,0.06,-0.8733333333333333
0,0.0,0.0,-0.19480519480519481,-0.05194805194805195,-0.34415584415584416,-0.19480519480519481,-0.4090909090909091,-0.34415584415584416,-0.4935064935064935,-0.44155844155844154,-0.2987012987012987,-0.487012987012987,-0.35714285714285715,-0.6818181818181818,-0.38311688311688313,-0.7987012987012987,-0.4155844155844156,-0.9090909090909091,-0.18831168831168832,-0.5324675324675324,-0.24025974025974026,-0.7467532467532467,-0.2727272727272727,-0.8831168831168831,-0.3051948051948052,-1.0,-0.07792207792207792,-0.525974025974026,-0.11688311688311688,-0.7337662337662337,-0.14285714285714285,-0.8571428571428571,-0.17532467532467533,-0.974025974025974,0.045454545454545456,-0.4935064935064935,0.045454545454545456,-0.6493506493506493,0.03896103896103896,-0.7532467532467533,0.025974025974025976,-0.8506493506493507
0,0.0,0.0,-0.19745222929936307,-0.07006369426751592,-0.3375796178343949,-0.22929936305732485,-0.4012738853503185,-0.3821656050955414,-0.4840764331210191,-0.47770700636942676,-0.3057324840764331,-0.4840764331210191,-0.35668789808917195,-0.6751592356687898,-0.3821656050955414,-0.7961783439490446,-0.40764331210191085,-0.9044585987261147,-0.20382165605095542,-0.535031847133758,-0.25477707006369427,-0.7515923566878981,-0.2929936305732484,-0.8853503184713376,-0.3248407643312102,-1.0,-0.08917197452229299,-0.5414012738853503,-0.1337579617834395,-0.7515923566878981,-0.1592356687898089,-0.8726114649681529,-0.1910828025477707,-0.9808917197452229,0.03821656050955414,-0.5095541401273885,0.025477707006369428,-0.6751592356687898,0.012738853503184714,-0.7770700636942676,-0.006369426751592357,-0.8662420382165605
0,0.0,0.0,-0.21568627450980393,-0.0457516339869281,-0.37254901960784315,-0.1830065359477124,-0.43790849673202614,-0.3464052287581699,-0.5294117647058824,-0.45098039215686275,-0.3464052287581699,-0.48366013071895425,-0.40522875816993464,-0.673202614379085,-0.43790849673202614,-0.7908496732026143,-0.45751633986928103,-0.9084967320261438,-0.23529411764705882,-0.5359477124183006,-0.30718954248366015,-0.7516339869281046,-0.3464052287581699,-0.8823529411764706,-0.38562091503267976,-1.0,-0.12418300653594772,-0.5424836601307189,-0.1830065359477124,-0.7450980392156863,-0.2222222222222222,-0.8627450980392157,-0.26143790849673204,-0.9738562091503268,0.0,-0.5098039215686274,-0.0196078431372549,-0.673202614379085,-0.0392156862745098,-0.7712418300653595,-0.058823529411764705,-0.869281045751634
0,0.0,0.0,-0.22602739726027396,-0.04794520547945205,-0.3904109589041096,-0.1917808219178082,-0.4657534246575342,-0.3493150684931507,-0.5547945205479452,-0.4589041095890411,-0.363013698630137,-0.4726027397260274,-0.4246575342465753,-0.6712328767123288,-0.4657534246575342,-0.7945205479452054,-0.4931506849315068,-0.9041095890410958,-0.2534246575342466,-0.5273972602739726,-0.3219178082191781,-0.7534246575342466,-0.363013698630137,-0.8835616438356164,-0.3972602739726027,-1.0,-0.13013698630136986,-0.541095890410959,-0.1917808219178082,-0.7602739726027398,-0.22602739726027396,-0.8767123287671232,-0.2671232876712329,-0.9863013698630136,0.0,-0.5136986301369864,-0.0136986301369863,-0.684931506849315,-0.03424657534246575,-0.7876712328767124,-0.06164383561643835,-0.8835616438356164
0,0.0,0.0,-0.22448979591836735,-0.04081632653061224,-0.3877551020408163,-0.17006802721088435,-0.46258503401360546,-0.3401360544217687,-0.5578231292517006,-0.46258503401360546,-0.3673469387755102,-0.47619047619047616,-0.43537414965986393,-0.6666666666666666,-0.46938775510204084,-0.7891156462585034,-0.4965986394557823,-0.9047619047619048,-0.25170068027210885,-0.5374149659863946,-0.3333333333333333,-0.7482993197278912,-0.3741496598639456,-0.8775510204081632,-0.40816326530612246,-1.0,-0.1360544217687075,-0.5510204081632653,-0.19727891156462585,-0.7482993197278912,-0.23809523809523808,-0.8707482993197279,-0.2857142857142857,-0.9863945578231292,0.0,-0.5238095238095238,-0.027210884353741496,-0.6870748299319728,-0.047619047619047616,-0.7891156462585034,-0.07482993197278912,-0.8843537414965986
0,0.0,0.0,-0.22448979591836735,-0.04081632653061224,-0.3945578231292517,-0.17687074829931973,-0.46938775510204084,-0.3401360544217687,-0.564625850340136,-0.4557823129251701,-0.3741496598639456,-0.47619047619047616,-0.4421768707482993,-0.6666666666666666,-0.46938775510204084,-0.7891156462585034,-0.4965986394557823,-0.9047619047619048,-0.2585034013605442,-0.5374149659863946,-0.3401360544217687,-0.7482993197278912,-0.3741496598639456,-0.8775510204081632,-0.41496598639455784,-1.0,-0.14285714285714285,-0.5510204081632653,-0.20408163265306123,-0.7551020408163265,-0.24489795918367346,-0.8775510204081632,-0.2857142857142857,-0.9931972789115646,-0.006802721088435374,-0.5238095238095238,-0.027210884353741496,-0.6870748299319728,-0.047619047619047616,-0.782312925170068,-0.08163265306122448,-0.8843537414965986
0,0.0,0.0,-0.23448275862068965,-0.034482758620689655,-0.4,-0.1724137931034483,-0.4689655172413793,-0.3448275862068966,-0.5724137931034483,-0.46206896551724136,-0.3724137931034483,-0.47586206896551725,-0.4413793103448276,-0.6689655172413793,-0.47586206896551725,-0.7862068965517242,-0.503448275862069,-0.896551724137931,-0.2620689655172414,-0.5379310344827586,-0.33793103448275863,-0.7517241379310344,-0.3793103448275862,-0.8758620689655172,-0.4206896551724138,-1.0,-0.14482758620689656,-0.5517241379310345,-0.20689655172413793,-0.7517241379310344,-0.25517241379310346,-0.8689655172413793,-0.296551724137931,-0.9793103448275862,-0.006896551724137931,-0.5310344827586206,-0.034482758620689655,-0.6896551724137931,-0.05517241379310345,-0.7931034482758621,-0.0896551724137931,-0.8896551724137931
0,0.0,0.0,-0.2158273381294964,-0.050359712230215826,-0.38848920863309355,-0.18705035971223022,-0.4748201438848921,-0.3381294964028777,-0.5683453237410072,-0.4460431654676259,-0.35251798561151076,-0.4748201438848921,-0.4316546762589928,-0.6690647482014388,-0.4676258992805755,-0.7913669064748201,-0.5035971223021583,-0.8992805755395683,-0.2446043165467626,-0.5323741007194245,-0.3237410071942446,-0.7482014388489209,-0.3669064748201439,-0.8848920863309353,-0.41007194244604317,-1.0,-0.12949640287769784,-0.539568345323741,-0.18705035971223022,-0.7553956834532374,-0.2302158273381295,-0.8776978417266187,-0.2733812949640288,-0.9928057553956835,0.007194244604316547,-0.5179856115107914,-0.014388489208633094,-0.6906474820143885,-0.02877697841726619,-0.7985611510791367,-0.05755395683453238,-0.8920863309352518
0,0.0,0.0,-0.2222222222222222,-0.041666666666666664,-0.3958333333333333,-0.18055555555555555,-0.4722222222222222,-0.3472222222222222,-0.5555555555555556,-0.4652777777777778,-0.3541666666666667,-0.4791666666666667,-0.4236111111111111,-0.6736111111111112,-0.4513888888888889,-0.7916666666666666,-0.4791666666666667,-0.9027777777777778,-0.24305555555555555,-0.5347222222222222,-0.3125,-0.75,-0.3541666666666667,-0.8819444444444444,-0.3888888888888889,-1.0,-0.125,-0.5486111111111112,-0.18055555555555555,-0.7569444444444444,-0.2222222222222222,-0.8819444444444444,-0.2638888888888889,-0.9930555555555556,0.006944444444444444,-0.5277777777777778,-0.006944444444444444,-0.6875,-0.027777777777777776,-0.7916666666666666,-0.05555555555555555,-0.8888888888888888
0,0.0,0.0,-0.25,-0.007352941176470588,-0.4411764705882353,-0.13970588235294118,-0.5220588235294118,-0.3161764705882353,-0.625,-0.4264705882352941,-0.4117647058823529,-0.4485294117647059,-0.49264705882352944,-0.6470588235294118,-0.5294117647058824,-0.7647058823529411,-0.5661764705882353,-0.875,-0.29411764705882354,-0.5220588235294118,-0.375,-0.75,-0.4338235294117647,-0.8823529411764706,-0.47794117647058826,-0.9926470588235294,-0.17647058823529413,-0.5514705882352942,-0.23529411764705882,-0.7647058823529411,-0.2867647058823529,-0.8897058823529411,-0.3382352941176471,-1.0,-0.03676470588235294,-0.5441176470588235,-0.051470588235294115,-0.7132352941176471,-0.07352941176470588,-0.8161764705882353,-0.10294117647058823,-0.9117647058823529
0,0.0,0.0,-0.24817518248175183,-0.0072992700729927005,-0.43795620437956206,-0.13138686131386862,-0.5328467153284672,-0.29927007299270075,-0.6423357664233577,-0.40875912408759124,-0.4233576642335766,-0.45255474452554745,-0.5109489051094891,-0.6423357664233577,-0.5547445255474452,-0.7591240875912408,-0.5985401459854015,-0.8759124087591241,-0.30656934306569344,-0.5328467153284672,-0.39416058394160586,-0.7445255474452555,-0.45255474452554745,-0.8832116788321168,-0.5036496350364964,-0.9927007299270073,-0.1897810218978102,-0.5547445255474452,-0.26277372262773724,-0.7664233576642335,-0.30656934306569344,-0.8905109489051095,-0.36496350364963503,-1.0,-0.058394160583941604,-0.5474452554744526,-0.08029197080291971,-0.7153284671532847,-0.10218978102189781,-0.8248175182481752,-0.13138686131386862,-0.927007299270073
0,0.0,0.0,-0.264,0.032,-0.48,-0.072,-0.616,-0.232,-0.752,-0.312,-0.512,-0.4,-0.632,-0.592,-0.704,-0.712,-0.76,-0.824,-0.408,-0.504,-0.536,-0.72,-0.624,-0.848,-0.688,-0.96,-0.296,-0.552,-0.4,-0.768,-0.48,-0.896,-0.552,-1.0,-0.152,-0.568,-0.192,-0.752,-0.24,-0.864,-0.296,-0.96
0,0.0,0.0,-0.234375,-0.0078125,-0.421875,-0.125,-0.5390625,-0.265625,-0.6484375,-0.359375,-0.4453125,-0.4375,-0.546875,-0.6328125,-0.609375,-0.7578125,-0.65625,-0.859375,-0.34375,-0.5234375,-0.453125,-0.75,-0.5234375,-0.875,-0.578125,-0.984375,-0.2265625,-0.5625,-0.3203125,-0.78125,-0.3828125,-0.90625,-0.4375,-1.0,-0.0859375,-0.5703125,-0.109375,-0.7578125,-0.1328125,-0.875,-0.1640625,-0.9609375
0,0.0,0.0,-0.24242424242424243,-0.007575757575757576,-0.42424242424242425,-0.13636363636363635,-0.5151515151515151,-0.30303030303030304,-0.6212121212121212,-0.4015151515151515,-0.3939393939393939,-0.45454545454545453,-0.4772727272727273,-0.6515151515151515,-0.5151515151515151,-0.7727272727272727,-0.553030303030303,-0.8863636363636364,-0.2878787878787879,-0.5303030303030303,-0.3712121212121212,-0.75,-0.42424242424242425,-0.8787878787878788,-0.4696969696969697,-1.0,-0.17424242424242425,-0.553030303030303,-0.23484848484848486,-0.7575757575757576,-0.2878787878787879,-0.8939393939393939,-0.3333333333333333,-1.0,-0.03787878787878788,-0.5454545454545454,-0.05303030303030303,-0.7121212121212122,-0.08333333333333333,-0.8257575757575758,-0.11363636363636363,-0.9242424242424242
0,0.0,0.0,-0.22962962962962963,0.0,-0.4222222222222222,-0.13333333333333333,-0.5185185185185185,-0.2962962962962963,-0.6222222222222222,-0.3851851851851852,-0.4,-0.4444444444444444,-0.48148148148148145,-0.6296296296296297,-0.5259259259259259,-0.7481481481481481,-0.562962962962963,-0.8592592592592593,-0.2814814814814815,-0.5185185185185185,-0.37037037037037035,-0.7333333333333333,-0.4222222222222222,-0.8666666666666667,-0.4740740740740741,-0.9777777777777777,-0.16296296296296298,-0.5481481481481482,-0.2222222222222222,-0.762962962962963,-0.2740740740740741,-0.8888888888888888,-0.31851851851851853,-1.0,-0.02962962962962963,-0.5407407407407407,-0.007407407407407408,-0.7111111111111111,0.0,-0.8222222222222222,0.0,-0.9333333333333333
0,0.0,0.0,-0.2357142857142857,0.0,-0.42857142857142855,-0.1,-0.5571428571428572,-0.22857142857142856,-0.6785714285714286,-0.32142857142857145,-0.37857142857142856,-0.44285714285714284,-0.4785714285714286,-0.6285714285714286,-0.5357142857142857,-0.7428571428571429,-0.5785714285714286,-0.85,-0.25,-0.5214285714285715,-0.32142857142857145,-0.7428571428571429,-0.36428571428571427,-0.8785714285714286,-0.4,-0.9928571428571429,-0.12142857142857143,-0.5428571428571428,-0.15714285714285714,-0.7571428571428571,-0.18571428571428572,-0.8857142857142857,-0.21428571428571427,-1.0,0.007142857142857143,-0.5214285714285715,0.05,-0.6857142857142857,0.06428571428571428,-0.7928571428571428,0.07142857142857142,-0.9
0,0.0,0.0,-0.22377622377622378,-0.013986013986013986,-0.4405594405594406,-0.0979020979020979,-0.6013986013986014,-0.16083916083916083,-0.7342657342657343,-0.20279720279720279,-0.36363636363636365,-0.46853146853146854,-0.4825174825174825,-0.6433566433566433,-0.5454545454545454,-0.7482517482517482,-0.5944055944055944,-0.8391608391608392,-0.22377622377622378,-0.5384615384615384,-0.27972027972027974,-0.7482517482517482,-0.3006993006993007,-0.8601398601398601,-0.3146853146853147,-0.958041958041958,-0.09090909090909091,-0.5524475524475524,-0.09090909090909091,-0.7622377622377622,-0.0979020979020979,-0.8881118881118881,-0.1048951048951049,-1.0,0.04895104895104895,-0.5244755244755245,0.11888111888111888,-0.6713286713286714,0.16083916083916083,-0.7762237762237763,0.1958041958041958,-0.8811188811188811
0,0.0,0.0,-0.2426470588235294,-0.022058823529411766,-0.47058823529411764,-0.09558823529411764,-0.6544117647058824,-0.11764705882352941,-0.8088235294117647,-0.11029411764705882,-0.35294117647058826,-0.5,-0.47794117647058826,-0.6764705882352942,-0.5441176470588235,-0.7794117647058824,-0.5882352941176471,-0.8676470588235294,-0.20588235294117646,-0.5661764705882353,-0.2647058823529412,-0.7794117647058824,-0.2867647058823529,-0.8823529411764706,-0.29411764705882354,-0.9705882352941176,-0.058823529411764705,-0.5735294117647058,-0.051470588235294115,-0.7867647058823529,-0.051470588235294115,-0.9044117647058824,-0.051470588235294115,-1.0,0.08088235294117647,-0.5294117647058824,0.17647058823529413,-0.6764705882352942,0.23529411764705882,-0.7720588235294118,0.2867647058823529,-0.8676470588235294
0,0.0,0.0,-0.2391304347826087,-0.036231884057971016,-0.45652173913043476,-0.12318840579710146,-0.6304347826086957,-0.15942028985507245,-0.782608695652174,-0.16666666666666666,-0.3115942028985507,-0.5289855072463768,-0.427536231884058,-0.7101449275362319,-0.4782608695652174,-0.8188405797101449,-0.5217391304347826,-0.9130434782608695,-0.16666666666666666,-0.5869565217391305,-0.21739130434782608,-0.8043478260869565,-0.2391304347826087,-0.9130434782608695,-0.2536231884057971,-0.9927536231884058,-0.021739130434782608,-0.5797101449275363,-0.007246376811594203,-0.7898550724637681,-0.014492753623188406,-0.8985507246376812,-0.014492753623188406,-1.0,0.11594202898550725,-0.5217391304347826,0.21739130434782608,-0.6594202898550725,0.2753623188405797,-0.7536231884057971,0.32608695652173914,-0.8478260869565217
0,0.0,0.0,-0.23741007194244604,-0.02877697841726619,-0.45323741007194246,-0.1079136690647482,-0.6258992805755396,-0.1510791366906475,-0.7769784172661871,-0.15827338129496402,-0.3237410071942446,-0.5251798561151079,-0.4244604316546763,-0.697841726618705,-0.4748201438848921,-0.8129496402877698,-0.5179856115107914,-0.9064748201438849,-0.17266187050359713,-0.5755395683453237,-0.2158273381294964,-0.7913669064748201,-0.2302158273381295,-0.9064748201438849,-0.2446043165467626,-0.9928057553956835,-0.02158273381294964,-0.5755395683453237,-0.007194244604316547,-0.7841726618705036,-0.014388489208633094,-0.8992805755395683,-0.02158273381294964,-1.0,0.11510791366906475,-0.5179856115107914,0.2158273381294964,-0.6474820143884892,0.2733812949640288,-0.7410071942446043,0.3237410071942446,-0.841726618705036
0,0.0,0.0,-0.2064516129032258,-0.03870967741935484,-0.4064516129032258,-0.12258064516129032,-0.5612903225806452,-0.16774193548387098,-0.6903225806451613,-0.16129032258064516,-0.27741935483870966,-0.5032258064516129,-0.3741935483870968,-0.6774193548387096,-0.41935483870967744,-0.7870967741935484,-0.45161290322580644,-0.8838709677419355,-0.13548387096774195,-0.5548387096774193,-0.15483870967741936,-0.7741935483870968,-0.16129032258064516,-0.9032258064516129,-0.16774193548387098,-1.0,0.0,-0.5483870967741935,0.03870967741935484,-0.7483870967741936,0.05161290322580645,-0.8709677419354839,0.06451612903225806,-0.9806451612903225,0.12258064516129032,-0.4838709677419355,0.22580645161290322,-0.6064516129032258,0.2838709677419355,-0.6967741935483871,0.33548387096774196,-0.7870967741935484
0,0.0,0.0,-0.2064516129032258,-0.05161290322580645,-0.3935483870967742,-0.13548387096774195,-0.5483870967741935,-0.18064516129032257,-0.6838709677419355,-0.18064516129032257,-0.25161290322580643,-0.5161290322580645,-0.33548387096774196,-0.6967741935483871,-0.38064516129032255,-0.8064516129032258,-0.4064516129032258,-0.9032258064516129,-0.1032258064516129,-0.5612903225806452,-0.12258064516129032,-0.7806451612903226,-0.12258064516129032,-0.9032258064516129,-0.12258064516129032,-1.0,0.03870967741935484,-0.5419354838709678,0.09032258064516129,-0.7419354838709677,0.10967741935483871,-0.8580645161290322,0.12903225806451613,-0.9548387096774194,0.16129032258064516,-0.47096774193548385,0.27741935483870966,-0.5870967741935483,0.34838709677419355,-0.6645161290322581,0.4064516129032258,-0.7354838709677419
0,0.0,0.0,-0.19745222929936307,-0.050955414012738856,-0.39490445859872614,-0.14012738853503184,-0.5477707006369427,-0.19745222929936307,-0.6878980891719745,-0.21656050955414013,-0.25477707006369427,-0.5031847133757962,-0.3375796178343949,-0.6942675159235668,-0.37579617834394907,-0.802547770700637,-0.40764331210191085,-0.9044585987261147,-0.11464968152866242,-0.554140127388535,-0.1464968152866242,-0.7707006369426752,-0.15286624203821655,-0.8980891719745223,-0.1592356687898089,-1.0,0.01910828025477707,-0.5414012738853503,0.044585987261146494,-0.7388535031847133,0.050955414012738856,-0.8598726114649682,0.050955414012738856,-0.9681528662420382,0.1464968152866242,-0.4840764331210191,0.24203821656050956,-0.6050955414012739,0.2929936305732484,-0.7006369426751592,0.3375796178343949,-0.7961783439490446
0,0.0,0.0,-0.21019108280254778,-0.03821656050955414,-0.4012738853503185,-0.12738853503184713,-0.554140127388535,-0.17834394904458598,-0.6942675159235668,-0.1910828025477707,-0.2802547770700637,-0.4968152866242038,-0.3821656050955414,-0.6751592356687898,-0.4267515923566879,-0.7898089171974523,-0.46496815286624205,-0.8853503184713376,-0.1464968152866242,-0.554140127388535,-0.1910828025477707,-0.7643312101910829,-0.21019108280254778,-0.89171974522293,-0.2229299363057325,-1.0,-0.012738853503184714,-0.5477707006369427,0.0,-0.7452229299363057,0.0,-0.8662420382165605,-0.012738853503184714,-0.9808917197452229,0.11464968152866242,-0.49044585987261147,0.20382165605095542,-0.6242038216560509,0.2611464968152866,-0.7133757961783439,0.29936305732484075,-0.8152866242038217
0,0.0,0.0,-0.20382165605095542,-0.03821656050955414,-0.39490445859872614,-0.1337579617834395,-0.5477707006369427,-0.21656050955414013,-0.6815286624203821,-0.25477707006369427,-0.28662420382165604,-0.4968152866242038,-0.3885350318471338,-0.6751592356687898,-0.4394904458598726,-0.7898089171974523,-0.47770700636942676,-0.8853503184713376,-0.15286624203821655,-0.554140127388535,-0.1910828025477707,-0.7707006369426752,-0.21656050955414013,-0.8980891719745223,-0.2356687898089172,-1.0,-0.01910828025477707,-0.5477707006369427,-0.006369426751592357,-0.7579617834394905,-0.006369426751592357,-0.8789808917197452,-0.01910828025477707,-0.9872611464968153,0.11464968152866242,-0.4968152866242038,0.20382165605095542,-0.6242038216560509,0.25477707006369427,-0.7197452229299363,0.2929936305732484,-0.8152866242038217
0,0.0,0.0,-0.20253164556962025,-0.05063291139240506,-0.3987341772151899,-0.13924050632911392,-0.5506329113924051,-0.2088607594936709,-0.6835443037974683,-0.24050632911392406,-0.2848101265822785,-0.5,-0.3860759493670886,-0.6835443037974683,-0.43670886075949367,-0.7911392405063291,-0.47468354430379744,-0.8924050632911392,-0.14556962025316456,-0.5569620253164557,-0.189873417721519,-0.7721518987341772,-0.21518987341772153,-0.8987341772151899,-0.23417721518987342,-1.0,-0.012658227848101266,-0.5506329113924051,0.0,-0.7531645569620253,-0.006329113924050633,-0.8734177215189873,-0.0189873417721519,-0.9810126582278481,0.12025316455696203,-0.5,0.21518987341772153,-0.6265822784810127,0.25949367088607594,-0.7215189873417721,0.2848101265822785,-0.8164556962025317
0,0.0,0.0,-0.2111801242236025,-0.037267080745341616,-0.38509316770186336,-0.14285714285714285,-0.484472049689441,-0.2608695652173913,-0.5714285714285714,-0.35403726708074534,-0.2981366459627329,-0.4906832298136646,-0.391304347826087,-0.6708074534161491,-0.4409937888198758,-0.7888198757763976,-0.4720496894409938,-0.8881987577639752,-0.15527950310559005,-0.546583850931677,-0.20496894409937888,-0.7639751552795031,-0.2360248447204969,-0.8944099378881988,-0.2608695652173913,-1.0,-0.018633540372670808,-0.5403726708074534,-0.031055900621118012,-0.7391304347826086,-0.043478260869565216,-0.8633540372670807,-0.062111801242236024,-0.9751552795031055,0.11801242236024845,-0.484472049689441,0.18633540372670807,-0.6211180124223602,0.2236024844720497,-0.7204968944099379,0.2546583850931677,-0.8136645962732919
0,0.0,0.0,-0.2138364779874214,-0.03773584905660377,-0.3836477987421384,-0.15723270440251572,-0.46540880503144655,-0.2893081761006289,-0.559748427672956,-0.39622641509433965,-0.3081761006289308,-0.49056603773584906,-0.4088050314465409,-0.6792452830188679,-0.4528301886792453,-0.7987421383647799,-0.49056603773584906,-0.89937106918239,-0.16981132075471697,-0.5534591194968553,-0.22641509433962265,-0.7672955974842768,-0.2578616352201258,-0.8930817610062893,-0.2893081761006289,-1.0,-0.031446540880503145,-0.5471698113207547,-0.050314465408805034,-0.7484276729559748,-0.07547169811320754,-0.8679245283018868,-0.10062893081761007,-0.9748427672955975,0.10062893081761007,-0.5031446540880503,0.1509433962264151,-0.6477987421383647,0.1761006289308176,-0.7484276729559748,0.1949685534591195,-0.8427672955974843
0,0.0,0.0,-0.2088607594936709,-0.0379746835443038,-0.379746835443038,-0.14556962025316456,-0.47468354430379744,-0.2721518987341772,-0.569620253164557,-0.3670886075949367,-0.310126582278481,-0.4936708860759494,-0.41139240506329117,-0.6708860759493671,-0.4620253164556962,-0.7848101265822784,-0.4936708860759494,-0.8924050632911392,-0.17088607594936708,-0.5506329113924051,-0.22784810126582278,-0.7658227848101266,-0.26582278481012656,-0.8924050632911392,-0.3037974683544304,-1.0,-0.03164556962025317,-0.5506329113924051,-0.056962025316455694,-0.7531645569620253,-0.08860759493670886,-0.8734177215189873,-0.12025316455696203,-0.9810126582278481,0.10126582278481013,-0.5,0.1518987341772152,-0.6518987341772152,0.17721518987341772,-0.7531645569620253,0.189873417721519,-0.8544303797468354
0,0.0,0.0,-0.20382165605095542,-0.03184713375796178,-0.3821656050955414,-0.12738853503184713,-0.47770700636942676,-0.24203821656050956,-0.5605095541401274,-0.34394904458598724,-0.31210191082802546,-0.49044585987261147,-0.4140127388535032,-0.6751592356687898,-0.46496815286624205,-0.7898089171974523,-0.4968152866242038,-0.89171974522293,-0.17834394904458598,-0.5477707006369427,-0.2356687898089172,-0.7707006369426752,-0.27388535031847133,-0.8980891719745223,-0.3057324840764331,-1.0,-0.03821656050955414,-0.5477707006369427,-0.05732484076433121,-0.7515923566878981,-0.08280254777070063,-0.8726114649681529,-0.11464968152866242,-0.9808917197452229,0.10191082802547771,-0.4968152866242038,0.15286624203821655,-0.643312101910828,0.17834394904458598,-0.7452229299363057,0.19745222929936307,-0.8343949044585988
0,0.0,0.0,-0.1987179487179487,-0.03205128205128205,-0.3782051282051282,-0.11538461538461539,-0.5256410256410257,-0.1794871794871795,-0.6602564102564102,-0.20512820512820512,-0.2948717948717949,-0.4935897435897436,-0.3974358974358974,-0.6794871794871795,-0.44871794871794873,-0.7948717948717948,-0.48717948717948717,-0.8974358974358975,-0.15384615384615385,-0.5512820512820513,-0.20512820512820512,-0.7692307692307693,-0.23717948717948717,-0.8974358974358975,-0.2692307692307692,-1.0,-0.019230769230769232,-0.5448717948717948,-0.019230769230769232,-0.75,-0.03205128205128205,-0.8717948717948718,-0.05128205128205128,-0.9807692307692307,0.11538461538461539,-0.48717948717948717,0.20512820512820512,-0.6217948717948718,0.26282051282051283,-0.717948717948718,0.3076923076923077,-0.8141025641025641
0,0.0,0.0,-0.19230769230769232,-0.04487179487179487,-0.3717948717948718,-0.1282051282051282,-0.5256410256410257,-0.1794871794871795,-0.6602564102564102,-0.19230769230769232,-0.26282051282051283,-0.5064102564102564,-0.36538461538461536,-0.6923076923076923,-0.41025641025641024,-0.8141025641025641,-0.44871794871794873,-0.9102564102564102,-0.1346153846153846,-0.5576923076923077,-0.1794871794871795,-0.7756410256410257,-0.21153846153846154,-0.8974358974358975,-0.23717948717948717,-1.0,0.0,-0.5448717948717948,0.0,-0.75,-0.01282051282051282,-0.8717948717948718,-0.02564102564102564,-0.9807692307692307,0.1282051282051282,-0.48717948717948717,0.22435897435897437,-0.6153846153846154,0.28205128205128205,-0.7051282051282052,0.3269230769230769,-0.7884615384615384
0,0.0,0.0,-0.2012987012987013,-0.045454545454545456,-0.38311688311688313,-0.11688311688311688,-0.538961038961039,-0.13636363636363635,-0.6818181818181818,-0.12337662337662338,-0.2727272727272727,-0.512987012987013,-0.37662337662337664,-0.6948051948051948,-0.42857142857142855,-0.8051948051948052,-0.4805194805194805,-0.8961038961038961,-0.13636363636363635,-0.564935064935065,-0.18181818181818182,-0.7792207792207793,-0.21428571428571427,-0.9090909090909091,-0.24675324675324675,-1.0,0.0,-0.551948051948052,0.012987012987012988,-0.7467532467532467,-0.006493506493506494,-0.8701298701298701,-0.025974025974025976,-0.9805194805194806,0.12987012987012986,-0.487012987012987,0.23376623376623376,-0.6038961038961039,0.2922077922077922,-0.6883116883116883,0.33766233766233766,-0.7727272727272727
0,0.0,0.0,-0.2,-0.04516129032258064,-0.3741935483870968,-0.11612903225806452,-0.535483870967742,-0.13548387096774195,-0.6838709677419355,-0.12903225806451613,-0.2645161290322581,-0.5161290322580645,-0.36774193548387096,-0.7032258064516129,-0.4258064516129032,-0.8129032258064516,-0.4774193548387097,-0.9096774193548387,-0.12903225806451613,-0.567741935483871,-0.17419354838709677,-0.7806451612903226,-0.2064516129032258,-0.9096774193548387,-0.23870967741935484,-1.0,0.0064516129032258064,-0.5483870967741935,0.01935483870967742,-0.7419354838709677,0.0,-0.8580645161290322,-0.01935483870967742,-0.9548387096774194,0.14193548387096774,-0.4838709677419355,0.23870967741935484,-0.6,0.2967741935483871,-0.6838709677419355,0.3419354838709677,-0.7677419354838709
0,0.0,0.0,-0.2064516129032258,-0.04516129032258064,-0.3870967741935484,-0.11612903225806452,-0.5483870967741935,-0.13548387096774195,-0.6903225806451613,-0.12258064516129032,-0.2645161290322581,-0.5161290322580645,-0.36774193548387096,-0.7032258064516129,-0.4258064516129032,-0.8129032258064516,-0.47096774193548385,-0.9096774193548387,-0.12903225806451613,-0.5612903225806452,-0.17419354838709677,-0.7806451612903226,-0.2064516129032258,-0.9096774193548387,-0.23870967741935484,-1.0,0.0064516129032258064,-0.5483870967741935,0.01935483870967742,-0.7419354838709677,0.0,-0.8516129032258064,-0.01935483870967742,-0.9483870967741935,0.14193548387096774,-0.4838709677419355,0.24516129032258063,-0.5935483870967742,0.3032258064516129,-0.6838709677419355,0.34838709677419355,-0.7677419354838709
0,0.0,0.0,-0.2129032258064516,-0.03870967741935484,-0.4064516129032258,-0.11612903225806452,-0.567741935483871,-0.16129032258064516,-0.7096774193548387,-0.16774193548387098,-0.3032258064516129,-0.5032258064516129,-0.4129032258064516,-0.6838709677419355,-0.47096774193548385,-0.7935483870967742,-0.5161290322580645,-0.8903225806451613,-0.17419354838709677,-0.5612903225806452,-0.23870967741935484,-0.7741935483870968,-0.27741935483870966,-0.9032258064516129,-0.3096774193548387,-1.0,-0.03870967741935484,-0.5612903225806452,-0.05806451612903226,-0.7548387096774194,-0.09032258064516129,-0.8709677419354839,-0.12258064516129032,-0.9741935483870968,0.1032258064516129,-0.5096774193548387,0.17419354838709677,-0.6451612903225806,0.21935483870967742,-0.7419354838709677,0.25161290322580643,-0.8387096774193549
0,0.0,0.0,-0.21333333333333335,-0.02,-0.41333333333333333,-0.11333333333333333,-0.5666666666666667,-0.22,-0.7,-0.28,-0.38,-0.4866666666666667,-0.5066666666666667,-0.6666666666666666,-0.58,-0.7733333333333333,-0.6333333333333333,-0.88,-0.25333333333333335,-0.5533333333333333,-0.34,-0.7733333333333333,-0.3933333333333333,-0.9,-0.44666666666666666,-1.0,-0.12,-0.5666666666666667,-0.18666666666666668,-0.7666666666666667,-0.24,-0.88,-0.3,-0.98,0.02,-0.54,0.02666666666666667,-0.6933333333333334,0.02,-0.7933333333333333,0.013333333333333334,-0.8933333333333333
0,0.0,0.0,-0.2119205298013245,-0.019867549668874173,-0.4105960264900662,-0.13245033112582782,-0.5364238410596026,-0.25165562913907286,-0.6622516556291391,-0.33112582781456956,-0.3708609271523179,-0.4768211920529801,-0.4900662251655629,-0.6622516556291391,-0.5562913907284768,-0.7748344370860927,-0.609271523178808,-0.8807947019867549,-0.25165562913907286,-0.5496688741721855,-0.33112582781456956,-0.7682119205298014,-0.3841059602649007,-0.8940397350993378,-0.4370860927152318,-1.0,-0.11920529801324503,-0.5629139072847682,-0.17880794701986755,-0.7615894039735099,-0.23178807947019867,-0.8741721854304636,-0.2913907284768212,-0.9735099337748344,0.019867549668874173,-0.5298013245033113,0.013245033112582781,-0.6821192052980133,-0.006622516556291391,-0.7814569536423841,-0.033112582781456956,-0.8741721854304636
0,0.0,0.0,-0.21153846153846154,-0.03205128205128205,-0.40384615384615385,-0.14102564102564102,-0.5256410256410257,-0.2564102564102564,-0.6538461538461539,-0.3269230769230769,-0.34615384615384615,-0.47435897435897434,-0.4551282051282051,-0.6602564102564102,-0.5128205128205128,-0.7692307692307693,-0.5641025641025641,-0.8782051282051282,-0.21794871794871795,-0.5384615384615384,-0.28205128205128205,-0.7628205128205128,-0.3269230769230769,-0.8910256410256411,-0.36538461538461536,-1.0,-0.08974358974358974,-0.5448717948717948,-0.1346153846153846,-0.7435897435897436,-0.17307692307692307,-0.8653846153846154,-0.21794871794871795,-0.9743589743589743,0.04487179487179487,-0.5064102564102564,0.05128205128205128,-0.6602564102564102,0.05128205128205128,-0.7564102564102564,0.04487179487179487,-0.8589743589743589
0,0.0,0.0,-0.20754716981132076,-0.03773584905660377,-0.389937106918239,-0.15723270440251572,-0.4968553459119497,-0.27672955974842767,-0.610062893081761,-0.3584905660377358,-0.3081761006289308,-0.46540880503144655,-0.4025157232704403,-0.6540880503144654,-0.4591194968553459,-0.7672955974842768,-0.4968553459119497,-0.8742138364779874,-0.1761006289308176,-0.5157232704402516,-0.22641509433962265,-0.7484276729559748,-0.2578616352201258,-0.8805031446540881,-0.2830188679245283,-1.0,-0.050314465408805034,-0.5157232704402516,-0.06918238993710692,-0.7169811320754716,-0.0880503144654088,-0.8490566037735849,-0.11320754716981132,-0.9685534591194969,0.08176100628930817,-0.46540880503144655,0.11949685534591195,-0.6163522012578616,0.13836477987421383,-0.7169811320754716,0.14465408805031446,-0.8113207547169812
0,0.0,0.0,-0.2037037037037037,-0.04938271604938271,-0.36419753086419754,-0.16666666666666666,-0.4691358024691358,-0.29012345679012347,-0.5679012345679012,-0.37037037037037035,-0.2654320987654321,-0.4691358024691358,-0.3395061728395062,-0.6604938271604939,-0.38271604938271603,-0.7777777777777778,-0.4074074074074074,-0.8888888888888888,-0.12962962962962962,-0.5061728395061729,-0.16049382716049382,-0.7345679012345679,-0.17901234567901234,-0.8765432098765432,-0.19135802469135801,-1.0,-0.006172839506172839,-0.4876543209876543,0.0,-0.6975308641975309,0.0,-0.8333333333333334,-0.006172839506172839,-0.9506172839506173,0.11728395061728394,-0.43209876543209874,0.1728395061728395,-0.5802469135802469,0.20987654320987653,-0.6790123456790124,0.2345679012345679,-0.7716049382716049
0,0.0,0.0,-0.2,-0.05,-0.35625,-0.175,-0.425,-0.30625,-0.5125,-0.40625,-0.26875,-0.4625,-0.3375,-0.65625,-0.375,-0.775,-0.4,-0.88125,-0.13125,-0.5,-0.15625,-0.73125,-0.175,-0.875,-0.19375,-1.0,-0.00625,-0.4875,-0.00625,-0.69375,-0.01875,-0.825,-0.0375,-0.95,0.1125,-0.4375,0.15,-0.58125,0.1625,-0.6875,0.16875,-0.78125
0,0.0,0.0,-0.20125786163522014,-0.03773584905660377,-0.3584905660377358,-0.15723270440251572,-0.4339622641509434,-0.2893081761006289,-0.5345911949685535,-0.4025157232704403,-0.3018867924528302,-0.4591194968553459,-0.3836477987421384,-0.6477987421383647,-0.4339622641509434,-0.7672955974842768,-0.46540880503144655,-0.8742138364779874,-0.18238993710691823,-0.5157232704402516,-0.23270440251572327,-0.7358490566037735,-0.2641509433962264,-0.8742138364779874,-0.29559748427672955,-1.0,-0.06289308176100629,-0.5094339622641509,-0.09433962264150944,-0.710691823899371,-0.12578616352201258,-0.8364779874213837,-0.16352201257861634,-0.9559748427672956,0.06289308176100629,-0.46540880503144655,0.050314465408805034,-0.6163522012578616,0.031446540880503145,-0.710691823899371,0.0,-0.8050314465408805
0,0.0,0.0,-0.20754716981132076,-0.03773584905660377,-0.36477987421383645,-0.15723270440251572,-0.44654088050314467,-0.2893081761006289,-0.5471698113207547,-0.389937106918239,-0.3081761006289308,-0.4591194968553459,-0.389937106918239,-0.6477987421383647,-0.44025157232704404,-0.7672955974842768,-0.4779874213836478,-0.8742138364779874,-0.18238993710691823,-0.5157232704402516,-0.23270440251572327,-0.7421383647798742,-0.27044025157232704,-0.8805031446540881,-0.3018867924528302,-1.0,-0.06289308176100629,-0.5157232704402516,-0.10062893081761007,-0.7232704402515723,-0.1320754716981132,-0.8490566037735849,-0.16981132075471697,-0.9622641509433962,0.05660377358490566,-0.4716981132075472,0.050314465408805034,-0.6289308176100629,0.03773584905660377,-0.7232704402515723,0.012578616352201259,-0.8176100628930818
0,0.0,0.0,-0.20253164556962025,-0.04430379746835443,-0.35443037974683544,-0.17088607594936708,-0.41139240506329117,-0.310126582278481,-0.5,-0.4240506329113924,-0.2848101265822785,-0.46835443037974683,-0.35443037974683544,-0.6582278481012658,-0.3924050632911392,-0.7848101265822784,-0.4177215189873418,-0.8924050632911392,-0.16455696202531644,-0.5126582278481012,-0.20253164556962025,-0.740506329113924,-0.23417721518987342,-0.879746835443038,-0.25949367088607594,-1.0,-0.04430379746835443,-0.5063291139240507,-0.06962025316455696,-0.7151898734177216,-0.0949367088607595,-0.8417721518987342,-0.12658227848101267,-0.9620253164556962,0.0759493670886076,-0.4620253164556962,0.0759493670886076,-0.6139240506329114,0.06329113924050633,-0.7151898734177216,0.04430379746835443,-0.810126582278481
0,0.0,0.0,-0.19875776397515527,-0.055900621118012424,-0.33540372670807456,-0.19875776397515527,-0.37888198757763975,-0.3416149068322981,-0.453416149068323,-0.45962732919254656,-0.2546583850931677,-0.4782608695652174,-0.3105590062111801,-0.6770186335403726,-0.3416149068322981,-0.7950310559006211,-0.36645962732919257,-0.906832298136646,-0.13043478260869565,-0.515527950310559,-0.15527950310559005,-0.7453416149068323,-0.18012422360248448,-0.8819875776397516,-0.19875776397515527,-1.0,-0.012422360248447204,-0.5031055900621118,-0.024844720496894408,-0.7080745341614907,-0.043478260869565216,-0.8385093167701864,-0.062111801242236024,-0.9565217391304348,0.10559006211180125,-0.4472049689440994,0.11180124223602485,-0.5962732919254659,0.10559006211180125,-0.6956521739130435,0.09937888198757763,-0.7950310559006211
0,0.0,0.0,-0.18902439024390244,-0.06097560975609756,-0.3170731707317073,-0.20121951219512196,-0.3597560975609756,-0.35365853658536583,-0.4268292682926829,-0.4695121951219512,-0.24390243902439024,-0.4817073170731707,-0.2926829268292683,-0.676829268292683,-0.3170731707317073,-0.7987804878048781,-0.32926829268292684,-0.9085365853658537,-0.11585365853658537,-0.5182926829268293,-0.13414634146341464,-0.7439024390243902,-0.14634146341463414,-0.8780487804878049,-0.16463414634146342,-1.0,0.0,-0.5,-0.012195121951219513,-0.7012195121951219,-0.024390243902439025,-0.8292682926829268,-0.042682926829268296,-0.9451219512195121,0.10975609756097561,-0.43902439024390244,0.11585365853658537,-0.5853658536585366,0.10975609756097561,-0.6890243902439024,0.0975609756097561,-0.7865853658536586
0,0.0,0.0,-0.18518518518518517,-0.06172839506172839,-0.3148148148148148,-0.19753086419753085,-0.36419753086419754,-0.3395061728395062,-0.41975308641975306,-0.47530864197530864,-0.25925925925925924,-0.48148148148148145,-0.30246913580246915,-0.6790123456790124,-0.32098765432098764,-0.7962962962962963,-0.3333333333333333,-0.9135802469135802,-0.13580246913580246,-0.5185185185185185,-0.16666666666666666,-0.7407407407407407,-0.18518518518518517,-0.8765432098765432,-0.2037037037037037,-1.0,-0.024691358024691357,-0.5061728395061729,-0.043209876543209874,-0.7037037037037037,-0.06172839506172839,-0.8333333333333334,-0.08641975308641975,-0.9506172839506173,0.08641975308641975,-0.4567901234567901,0.08024691358024691,-0.6049382716049383,0.06790123456790123,-0.7037037037037037,0.04938271604938271,-0.7962962962962963
0,0.0,0.0,-0.19254658385093168,-0.06832298136645963,-0.32298136645962733,-0.20496894409937888,-0.36024844720496896,-0.35403726708074534,-0.4161490683229814,-0.484472049689441,-0.2608695652173913,-0.4968944099378882,-0.3105590062111801,-0.6894409937888198,-0.32298136645962733,-0.8012422360248447,-0.33540372670807456,-0.9130434782608695,-0.15527950310559005,-0.5341614906832298,-0.19875776397515527,-0.7515527950310559,-0.2236024844720497,-0.8757763975155279,-0.2546583850931677,-1.0,-0.049689440993788817,-0.5279503105590062,-0.08074534161490683,-0.7204968944099379,-0.10559006211180125,-0.8385093167701864,-0.13664596273291926,-0.9503105590062112,0.06832298136645963,-0.4782608695652174,0.049689440993788817,-0.6273291925465838,0.031055900621118012,-0.7267080745341615,0.0,-0.8136645962732919
0,0.0,0.0,-0.20253164556962025,-0.06962025316455696,-0.33544303797468356,-0.21518987341772153,-0.3670886075949367,-0.37341772151898733,-0.4240506329113924,-0.5063291139240507,-0.27848101265822783,-0.5126582278481012,-0.3291139240506329,-0.689873417721519,-0.34810126582278483,-0.8037974683544303,-0.36075949367088606,-0.9113924050632911,-0.17088607594936708,-0.5506329113924051,-0.22151898734177214,-0.759493670886076,-0.25949367088607594,-0.8860759493670886,-0.2911392405063291,-1.0,-0.06962025316455696,-0.5443037974683544,-0.10759493670886076,-0.740506329113924,-0.14556962025316456,-0.8544303797468354,-0.189873417721519,-0.9620253164556962,0.05063291139240506,-0.5,0.0189873417721519,-0.6582278481012658,-0.006329113924050633,-0.7531645569620253,-0.04430379746835443,-0.8417721518987342
0,0.0,0.0,-0.20512820512820512,-0.07692307692307693,-0.3333333333333333,-0.22435897435897437,-0.36538461538461536,-0.3782051282051282,-0.4166666666666667,-0.5064102564102564,-0.28205128205128205,-0.5128205128205128,-0.3333333333333333,-0.6923076923076923,-0.34615384615384615,-0.8012820512820513,-0.3525641025641026,-0.9102564102564102,-0.17307692307692307,-0.5512820512820513,-0.22435897435897437,-0.7564102564102564,-0.2564102564102564,-0.8782051282051282,-0.28205128205128205,-1.0,-0.07051282051282051,-0.5448717948717948,-0.11538461538461539,-0.7435897435897436,-0.14743589743589744,-0.8525641025641025,-0.1794871794871795,-0.9615384615384616,0.04487179487179487,-0.5,0.01282051282051282,-0.6538461538461539,-0.01282051282051282,-0.75,-0.04487179487179487,-0.8397435897435898
0,0.0,0.0,-0.21153846153846154,-0.07692307692307693,-0.33974358974358976,-0.23076923076923078,-0.3717948717948718,-0.38461538461538464,-0.4166666666666667,-0.5192307692307693,-0.28205128205128205,-0.5064102564102564,-0.33974358974358976,-0.6858974358974359,-0.34615384615384615,-0.8012820512820513,-0.34615384615384615,-0.9102564102564102,-0.1794871794871795,-0.5448717948717948,-0.23076923076923078,-0.7564102564102564,-0.2564102564102564,-0.8782051282051282,-0.27564102564102566,-1.0,-0.07692307692307693,-0.5384615384615384,-0.11538461538461539,-0.7371794871794872,-0.14743589743589744,-0.8589743589743589,-0.1794871794871795,-0.9615384615384616,0.04487179487179487,-0.4935897435897436,0.00641025641025641,-0.6474358974358975,-0.019230769230769232,-0.7435897435897436,-0.05128205128205128,-0.8397435897435898
0,0.0,0.0,-0.2064516129032258,-0.07741935483870968,-0.3419354838709677,-0.22580645161290322,-0.36774193548387096,-0.3870967741935484,-0.4,-0.5161290322580645,-0.2838709677419355,-0.5032258064516129,-0.3419354838709677,-0.6838709677419355,-0.34838709677419355,-0.7935483870967742,-0.34838709677419355,-0.9096774193548387,-0.18064516129032257,-0.5419354838709678,-0.23225806451612904,-0.7548387096774194,-0.25161290322580643,-0.8838709677419355,-0.2709677419354839,-1.0,-0.07741935483870968,-0.5419354838709678,-0.11612903225806452,-0.7419354838709677,-0.14838709677419354,-0.8580645161290322,-0.17419354838709677,-0.967741935483871,0.04516129032258064,-0.4967741935483871,0.0064516129032258064,-0.6516129032258065,-0.01935483870967742,-0.7483870967741936,-0.05161290322580645,-0.8387096774193549
0,0.0,0.0,-0.2052980132450331,-0.0728476821192053,-0.33774834437086093,-0.2251655629139073,-0.36423841059602646,-0.3841059602649007,-0.3973509933774834,-0.5165562913907285,-0.271523178807947,-0.4966887417218543,-0.32450331125827814,-0.6887417218543046,-0.33774834437086093,-0.8013245033112583,-0.3443708609271523,-0.9072847682119205,-0.16556291390728478,-0.5364238410596026,-0.2119205298013245,-0.7615894039735099,-0.23841059602649006,-0.8874172185430463,-0.2582781456953642,-1.0,-0.059602649006622516,-0.5298013245033113,-0.09271523178807947,-0.7417218543046358,-0.12582781456953643,-0.8675496688741722,-0.152317880794702,-0.9735099337748344,0.059602649006622516,-0.4900662251655629,0.033112582781456956,-0.6490066225165563,0.006622516556291391,-0.7483443708609272,-0.026490066225165563,-0.8410596026490066
0,0.0,0.0,-0.20666666666666667,-0.07333333333333333,-0.34,-0.22,-0.36666666666666664,-0.38,-0.4,-0.5133333333333333,-0.2733333333333333,-0.5,-0.32666666666666666,-0.68,-0.34,-0.7933333333333333,-0.3466666666666667,-0.9,-0.16666666666666666,-0.54,-0.22,-0.7533333333333333,-0.24666666666666667,-0.88,-0.2733333333333333,-1.0,-0.06,-0.54,-0.1,-0.7466666666666667,-0.13333333333333333,-0.8666666666666667,-0.16666666666666666,-0.9733333333333334,0.05333333333333334,-0.5,0.02666666666666667,-0.66,0.0,-0.7533333333333333,-0.04,-0.8466666666666667
0,0.0,0.0,-0.20666666666666667,-0.07333333333333333,-0.3466666666666667,-0.21333333333333335,-0.37333333333333335,-0.38,-0.4,-0.5133333333333333,-0.28,-0.49333333333333335,-0.3333333333333333,-0.68,-0.3466666666666667,-0.7933333333333333,-0.3466666666666667,-0.9,-0.17333333333333334,-0.54,-0.22666666666666666,-0.7533333333333333,-0.25333333333333335,-0.88,-0.2733333333333333,-1.0,-0.07333333333333333,-0.54,-0.10666666666666667,-0.7466666666666667,-0.14,-0.8666666666666667,-0.17333333333333334,-0.9733333333333334,0.04666666666666667,-0.5,0.02,-0.66,-0.006666666666666667,-0.76,-0.04666666666666667,-0.8466666666666667
0,0.0,0.0,-0.21476510067114093,-0.06711409395973154,-0.348993288590604,-0.21476510067114093,-0.37583892617449666,-0.37583892617449666,-0.40939597315436244,-0.5100671140939598,-0.28187919463087246,-0.4899328859060403,-0.33557046979865773,-0.6778523489932886,-0.348993288590604,-0.7919463087248322,-0.348993288590604,-0.8993288590604027,-0.18120805369127516,-0.5369127516778524,-0.2348993288590604,-0.7516778523489933,-0.2550335570469799,-0.8791946308724832,-0.28187919463087246,-1.0,-0.0738255033557047,-0.5369127516778524,-0.11409395973154363,-0.738255033557047,-0.1476510067114094,-0.8590604026845637,-0.174496644295302,-0.9664429530201343,0.040268456375838924,-0.4966442953020134,0.013422818791946308,-0.6577181208053692,-0.013422818791946308,-0.7516778523489933,-0.04697986577181208,-0.8456375838926175
0,0.0,0.0,-0.2108843537414966,-0.061224489795918366,-0.3469387755102041,-0.20408163265306123,-0.3741496598639456,-0.3741496598639456,-0.40816326530612246,-0.5102040816326531,-0.2789115646258503,-0.4897959183673469,-0.3333333333333333,-0.673469387755102,-0.3469387755102041,-0.7891156462585034,-0.3469387755102041,-0.8979591836734694,-0.17687074829931973,-0.5374149659863946,-0.23129251700680273,-0.7551020408163265,-0.25170068027210885,-0.8775510204081632,-0.272108843537415,-1.0,-0.07482993197278912,-0.5374149659863946,-0.10884353741496598,-0.7414965986394558,-0.14285714285714285,-0.8639455782312925,-0.17006802721088435,-0.9727891156462585,0.047619047619047616,-0.4965986394557823,0.02040816326530612,-0.6598639455782312,-0.006802721088435374,-0.7551020408163265,-0.04081632653061224,-0.8503401360544217
0,0.0,0.0,-0.20689655172413793,-0.06896551724137931,-0.3448275862068966,-0.20689655172413793,-0.3793103448275862,-0.3724137931034483,-0.4206896551724138,-0.503448275862069,-0.27586206896551724,-0.4896551724137931,-0.32413793103448274,-0.6758620689655173,-0.3310344827586207,-0.7931034482758621,-0.32413793103448274,-0.903448275862069,-0.1724137931034483,-0.5310344827586206,-0.21379310344827587,-0.7517241379310344,-0.23448275862068965,-0.8827586206896552,-0.2482758620689655,-1.0,-0.06206896551724138,-0.5310344827586206,-0.09655172413793103,-0.7448275862068966,-0.11724137931034483,-0.8620689655172413,-0.14482758620689656,-0.9724137931034482,0.05517241379310345,-0.496551724137931,0.034482758620689655,-0.6551724137931034,0.013793103448275862,-0.7586206896551724,-0.013793103448275862,-0.8482758620689655
0,0.0,0.0,-0.2108843537414966,-0.06802721088435375,-0.35374149659863946,-0.20408163265306123,-0.38095238095238093,-0.3673469387755102,-0.40816326530612246,-0.5034013605442177,-0.2789115646258503,-0.4897959183673469,-0.3333333333333333,-0.673469387755102,-0.3469387755102041,-0.7891156462585034,-0.3401360544217687,-0.8979591836734694,-0.17687074829931973,-0.5374149659863946,-0.22448979591836735,-0.7551020408163265,-0.24489795918367346,-0.8843537414965986,-0.2653061224489796,-1.0,-0.07482993197278912,-0.54421768707483,-0.10204081632653061,-0.7482993197278912,-0.1292517006802721,-0.8707482993197279,-0.1564625850340136,-0.9795918367346939,0.047619047619047616,-0.5034013605442177,0.027210884353741496,-0.6598639455782312,0.0,-0.7619047619047619,-0.034013605442176874,-0.8503401360544217
0,0.0,0.0,-0.2191780821917808,-0.0684931506849315,-0.363013698630137,-0.2054794520547945,-0.3904109589041096,-0.3698630136986301,-0.4178082191780822,-0.5068493150684932,-0.2876712328767123,-0.5,-0.3424657534246575,-0.678082191780822,-0.3561643835616438,-0.7945205479452054,-0.3561643835616438,-0.9041095890410958,-0.18493150684931506,-0.547945205479452,-0.2328767123287671,-0.7602739726027398,-0.2534246575342466,-0.8835616438356164,-0.273972602739726,-1.0,-0.0821917808219178,-0.5547945205479452,-0.11643835616438356,-0.7534246575342466,-0.14383561643835616,-0.8698630136986302,-0.1643835616438356,-0.9726027397260274,0.0410958904109589,-0.5136986301369864,0.0136986301369863,-0.6712328767123288,-0.00684931506849315,-0.7671232876712328,-0.0410958904109589,-0.8561643835616438
0,0.0,0.0,-0.22377622377622378,-0.055944055944055944,-0.3706293706293706,-0.1888111888111888,-0.40559440559440557,-0.35664335664335667,-0.4405594405594406,-0.5034965034965035,-0.3076923076923077,-0.4755244755244755,-0.3706293706293706,-0.6573426573426573,-0.3916083916083916,-0.7762237762237763,-0.3986013986013986,-0.8951048951048951,-0.20279720279720279,-0.5314685314685315,-0.26573426573426573,-0.7482517482517482,-0.2867132867132867,-0.8741258741258742,-0.3146853146853147,-1.0,-0.0979020979020979,-0.5384615384615384,-0.14685314685314685,-0.7412587412587412,-0.17482517482517482,-0.8671328671328671,-0.2097902097902098,-0.9790209790209791,0.02097902097902098,-0.5104895104895105,-0.013986013986013986,-0.6643356643356644,-0.04195804195804196,-0.7622377622377622,-0.07692307692307693,-0.8531468531468531
0,0.0,0.0,-0.2302158273381295,-0.03597122302158273,-0.4028776978417266,-0.17266187050359713,-0.4748201438848921,-0.3381294964028777,-0.5539568345323741,-0.4676258992805755,-0.3597122302158273,-0.4676258992805755,-0.4316546762589928,-0.6618705035971223,-0.45323741007194246,-0.7841726618705036,-0.4748201438848921,-0.8992805755395683,-0.2589928057553957,-0.5251798561151079,-0.3381294964028777,-0.7410071942446043,-0.37410071942446044,-0.8776978417266187,-0.41007194244604317,-1.0,-0.14388489208633093,-0.539568345323741,-0.2158273381294964,-0.7482014388489209,-0.26618705035971224,-0.8776978417266187,-0.30935251798561153,-0.9928057553956835,-0.014388489208633094,-0.5251798561151079,-0.07194244604316546,-0.6834532374100719,-0.1223021582733813,-0.7841726618705036,-0.17266187050359713,-0.8776978417266187
0,0.0,0.0,-0.22695035460992907,-0.02127659574468085,-0.41134751773049644,-0.14893617021276595,-0.5035460992907801,-0.3049645390070922,-0.6099290780141844,-0.41134751773049644,-0.3829787234042553,-0.46099290780141844,-0.45390070921985815,-0.6524822695035462,-0.48226950354609927,-0.7730496453900709,-0.5035460992907801,-0.8936170212765957,-0.2695035460992908,-0.524822695035461,-0.3546099290780142,-0.7446808510638298,-0.3971631205673759,-0.8723404255319149,-0.4326241134751773,-1.0,-0.16312056737588654,-0.5390070921985816,-0.23404255319148937,-0.7446808510638298,-0.28368794326241137,-0.8652482269503546,-0.3262411347517731,-0.9787234042553191,-0.028368794326241134,-0.524822695035461,-0.09219858156028368,-0.6808510638297872,-0.1347517730496454,-0.7730496453900709,-0.18439716312056736,-0.8581560283687943
0,0.0,0.0,-0.22857142857142856,-0.04285714285714286,-0.40714285714285714,-0.16428571428571428,-0.4857142857142857,-0.32142857142857145,-0.5785714285714286,-0.44285714285714284,-0.36428571428571427,-0.4714285714285714,-0.42857142857142855,-0.6642857142857143,-0.4642857142857143,-0.7857142857142857,-0.4857142857142857,-0.9,-0.2571428571428571,-0.5285714285714286,-0.32142857142857145,-0.7428571428571429,-0.35,-0.8785714285714286,-0.37857142857142856,-1.0,-0.14285714285714285,-0.5357142857142857,-0.2,-0.7428571428571429,-0.22857142857142856,-0.8642857142857143,-0.2642857142857143,-0.9857142857142858,-0.007142857142857143,-0.5142857142857142,-0.05714285714285714,-0.6785714285714286,-0.09285714285714286,-0.7785714285714286,-0.12857142857142856,-0.8714285714285714
1,0.0,0.0,-0.3492063492063492,0.06349206349206349,-0.746031746031746,-0.047619047619047616,-0.9206349206349206,-0.2698412698412698,-0.8253968253968254,-0.4444444444444444,-0.7301587301587301,-0.5714285714285714,-0.8253968253968254,-0.7777777777777778,-0.6825396825396826,-0.47619047619047616,-0.6349206349206349,-0.3968253968253968,-0.47619047619047616,-0.6666666666666666,-0.5555555555555556,-0.873015873015873,-0.42857142857142855,-0.5079365079365079,-0.4444444444444444,-0.4603174603174603,-0.2222222222222222,-0.746031746031746,-0.2698412698412698,-0.9206349206349206,-0.1746031746031746,-0.6031746031746031,-0.19047619047619047,-0.5714285714285714,0.031746031746031744,-0.8095238095238095,-0.015873015873015872,-1.0,0.031746031746031744,-0.7619047619047619,0.047619047619047616,-0.6825396825396826
1,0.0,0.0,-0.36507936507936506,0.047619047619047616,-0.7619047619047619,-0.09523809523809523,-0.9047619047619048,-0.3333333333333333,-0.7619047619047619,-0.5079365079365079,-0.6825396825396826,-0.6031746031746031,-0.7777777777777778,-0.8095238095238095,-0.6507936507936508,-0.5079365079365079,-0.6190476190476191,-0.4444444444444444,-0.42857142857142855,-0.6984126984126984,-0.5079365079365079,-0.8888888888888888,-0.4126984126984127,-0.5555555555555556,-0.4126984126984127,-0.5079365079365079,-0.1746031746031746,-0.7777777777777778,-0.23809523809523808,-0.9365079365079365,-0.15873015873015872,-0.6190476190476191,-0.1746031746031746,-0.5873015873015873,0.07936507936507936,-0.8253968253968254,0.0,-1.0,0.047619047619047616,-0.7777777777777778,0.06349206349206349,-0.6984126984126984
1,0.0,0.0,-0.3387096774193548,0.0,-0.7096774193548387,-0.16129032258064516,-0.8870967741935484,-0.3709677419354839,-0.7580645161290323,-0.5161290322580645,-0.6290322580645161,-0.6612903225806451,-0.6774193548387096,-0.8870967741935484,-0.5967741935483871,-0.5806451612903226,-0.5645161290322581,-0.5,-0.3548387096774194,-0.7419354838709677,-0.3870967741935484,-0.9516129032258065,-0.3225806451612903,-0.5806451612903226,-0.3548387096774194,-0.5483870967741935,-0.0967741935483871,-0.7903225806451613,-0.0967741935483871,-0.9838709677419355,-0.06451612903225806,-0.6612903225806451,-0.08064516129032258,-0.6129032258064516,0.16129032258064516,-0.8064516129032258,0.14516129032258066,-1.0,0.16129032258064516,-0.7741935483870968,0.16129032258064516,-0.6935483870967742
1,0.0,0.0,-0.3548387096774194,0.0,-0.7419354838709677,-0.16129032258064516,-0.8870967741935484,-0.3709677419354839,-0.7419354838709677,-0.5,-0.6129032258064516,-0.6774193548387096,-0.6774193548387096,-0.8870967741935484,-0.5645161290322581,-0.5806451612903226,-0.532258064516129,-0.5,-0.3387096774193548,-0.7258064516129032,-0.3870967741935484,-0.9516129032258065,-0.3064516129032258,-0.5806451612903226,-0.3387096774193548,-0.532258064516129,-0.08064516129032258,-0.7741935483870968,-0.0967741935483871,-0.9838709677419355,-0.06451612903225806,-0.6451612903225806,-0.08064516129032258,-0.5967741935483871,0.16129032258064516,-0.7903225806451613,0.14516129032258066,-1.0,0.16129032258064516,-0.7580645161290323,0.16129032258064516,-0.6774193548387096
1,0.0,0.0,-0.3898305084745763,-0.03389830508474576,-0.7627118644067796,-0.22033898305084745,-0.864406779661017,-0.4745762711864407,-0.6779661016949152,-0.6271186440677966,-0.6440677966101694,-0.6610169491525424,-0.6779661016949152,-0.9152542372881356,-0.5932203389830508,-0.6271186440677966,-0.576271186440678,-0.5423728813559322,-0.3559322033898305,-0.7288135593220338,-0.4067796610169492,-0.9491525423728814,-0.3389830508474576,-0.6271186440677966,-0.3389830508474576,-0.576271186440678,-0.0847457627118644,-0.7796610169491526,-0.11864406779661017,-0.9830508474576272,-0.06779661016949153,-0.6610169491525424,-0.0847457627118644,-0.6101694915254238,0.1864406779661017,-0.7966101694915254,0.13559322033898305,-1.0,0.15254237288135594,-0.7796610169491526,0.1694915254237288,-0.6779661016949152
1,0.0,0.0,-0.36666666666666664,-0.03333333333333333,-0.75,-0.21666666666666667,-0.85,-0.45,-0.7,-0.5833333333333334,-0.6333333333333333,-0.7,-0.6166666666666667,-0.9333333333333333,-0.5333333333333333,-0.6666666666666666,-0.5333333333333333,-0.55,-0.35,-0.75,-0.35,-1.0,-0.2833333333333333,-0.6833333333333333,-0.3,-0.5833333333333334,-0.1,-0.7833333333333333,-0.08333333333333333,-0.9833333333333333,-0.03333333333333333,-0.7,-0.06666666666666667,-0.6166666666666667,0.15,-0.7666666666666667,0.15,-0.9666666666666667,0.16666666666666666,-0.7666666666666667,0.15,-0.6666666666666666
1,0.0,0.0,-0.3448275862068966,-0.05172413793103448,-0.6896551724137931,-0.25862068965517243,-0.8103448275862069,-0.5344827586206896,-0.6724137931034483,-0.6896551724137931,-0.5517241379310345,-0.7241379310344828,-0.4827586206896552,-0.9655172413793104,-0.41379310344827586,-0.6724137931034483,-0.4482758620689655,-0.5517241379310345,-0.27586206896551724,-0.7586206896551724,-0.20689655172413793,-1.0,-0.1724137931034483,-0.6724137931034483,-0.22413793103448276,-0.5862068965517241,-0.034482758620689655,-0.7758620689655172,0.034482758620689655,-0.9827586206896551,0.05172413793103448,-0.6896551724137931,-0.017241379310344827,-0.5862068965517241,0.1896551724137931,-0.7413793103448276,0.2413793103448276,-0.9482758620689655,0.25862068965517243,-0.7241379310344828,0.1896551724137931,-0.6206896551724138
1,0.0,0.0,-0.31746031746031744,-0.1111111111111111,-0.5555555555555556,-0.3492063492063492,-0.5873015873015873,-0.5714285714285714,-0.5238095238095238,-0.6825396825396826,-0.5079365079365079,-0.7936507936507936,-0.4126984126984127,-0.9682539682539683,-0.36507936507936506,-0.6825396825396826,-0.3968253968253968,-0.5714285714285714,-0.2698412698412698,-0.8253968253968254,-0.1746031746031746,-1.0,-0.12698412698412698,-0.6825396825396826,-0.19047619047619047,-0.6031746031746031,-0.047619047619047616,-0.8412698412698413,0.047619047619047616,-1.0,0.06349206349206349,-0.6984126984126984,0.0,-0.6190476190476191,0.1746031746031746,-0.8095238095238095,0.25396825396825395,-0.9682539682539683,0.25396825396825395,-0.7301587301587301,0.19047619047619047,-0.6507936507936508
1,0.0,0.0,-0.3770491803278688,-0.04918032786885246,-0.7213114754098361,-0.21311475409836064,-0.7704918032786885,-0.45901639344262296,-0.6229508196721312,-0.6229508196721312,-0.6229508196721312,-0.6557377049180327,-0.7049180327868853,-0.8688524590163934,-0.6065573770491803,-0.5901639344262295,-0.5737704918032787,-0.4918032786885246,-0.3770491803278688,-0.7377049180327869,-0.4426229508196721,-0.9344262295081968,-0.3770491803278688,-0.6229508196721312,-0.36065573770491804,-0.5737704918032787,-0.13114754098360656,-0.7868852459016393,-0.19672131147540983,-0.9672131147540983,-0.14754098360655737,-0.6721311475409836,-0.11475409836065574,-0.639344262295082,0.13114754098360656,-0.819672131147541,0.06557377049180328,-1.0,0.08196721311475409,-0.7868852459016393,0.09836065573770492,-0.7049180327868853
1,0.0,0.0,-0.423728813559322,-0.03389830508474576,-0.7796610169491526,-0.22033898305084745,-0.847457627118644,-0.4915254237288136,-0.711864406779661,-0.6440677966101694,-0.6610169491525424,-0.6779661016949152,-0.711864406779661,-0.9152542372881356,-0.6271186440677966,-0.6440677966101694,-0.5932203389830508,-0.5423728813559322,-0.3898305084745763,-0.7288135593220338,-0.423728813559322,-0.9830508474576272,-0.3559322033898305,-0.6610169491525424,-0.3559322033898305,-0.576271186440678,-0.11864406779661017,-0.7796610169491526,-0.15254237288135594,-1.0,-0.1016949152542373,-0.6949152542372882,-0.1016949152542373,-0.6101694915254238,0.13559322033898305,-0.7796610169491526,0.1016949152542373,-1.0,0.1016949152542373,-0.7796610169491526,0.11864406779661017,-0.6779661016949152
1,0.0,0.0,-0.38333333333333336,-0.016666666666666666,-0.7666666666666667,-0.21666666666666667,-0.8666666666666667,-0.48333333333333334,-0.7,-0.65,-0.65,-0.6833333333333333,-0.7166666666666667,-0.9333333333333333,-0.6333333333333333,-0.6333333333333333,-0.5833333333333334,-0.5166666666666667,-0.36666666666666664,-0.75,-0.4166666666666667,-0.9833333333333333,-0.35,-0.6166666666666667,-0.35,-0.55,-0.1,-0.7833333333333333,-0.13333333333333333,-0.9833333333333333,-0.08333333333333333,-0.6333333333333333,-0.1,-0.5833333333333334,0.18333333333333332,-0.7833333333333333,0.13333333333333333,-1.0,0.15,-0.7666666666666667,0.15,-0.6666666666666666
1,0.0,0.0,-0.3770491803278688,-0.01639344262295082,-0.7704918032786885,-0.21311475409836064,-0.8688524590163934,-0.4918032786885246,-0.7213114754098361,-0.6721311475409836,-0.6557377049180327,-0.7213114754098361,-0.7049180327868853,-0.9672131147540983,-0.6065573770491803,-0.6557377049180327,-0.5901639344262295,-0.5737704918032787,-0.36065573770491804,-0.7540983606557377,-0.4098360655737705,-1.0,-0.3442622950819672,-0.639344262295082,-0.3442622950819672,-0.5901639344262295,-0.08196721311475409,-0.7868852459016393,-0.11475409836065574,-1.0,-0.06557377049180328,-0.6557377049180327,-0.08196721311475409,-0.6229508196721312,0.19672131147540983,-0.8032786885245902,0.14754098360655737,-1.0,0.18032786885245902,-0.7540983606557377,0.18032786885245902,-0.6721311475409836
1,0.0,0.0,-0.38461538461538464,-0.046153846153846156,-0.7692307692307693,-0.26153846153846155,-0.8307692307692308,-0.5230769230769231,-0.6615384615384615,-0.6461538461538462,-0.6307692307692307,-0.7076923076923077,-0.6923076923076923,-0.9384615384615385,-0.6,-0.6307692307692307,-0.5692307692307692,-0.5384615384615384,-0.35384615384615387,-0.7538461538461538,-0.4,-0.9692307692307692,-0.3384615384615385,-0.6153846153846154,-0.35384615384615387,-0.5692307692307692,-0.09230769230769231,-0.7846153846153846,-0.12307692307692308,-0.9846153846153847,-0.07692307692307693,-0.6615384615384615,-0.07692307692307693,-0.6153846153846154,0.18461538461538463,-0.8,0.13846153846153847,-1.0,0.16923076923076924,-0.7692307692307693,0.16923076923076924,-0.7076923076923077
1,0.0,0.0,-0.3582089552238806,-0.014925373134328358,-0.7611940298507462,-0.208955223880597,-0.8656716417910447,-0.43283582089552236,-0.7014925373134329,-0.5671641791044776,-0.6268656716417911,-0.6716417910447762,-0.746268656716418,-0.8955223880597015,-0.6567164179104478,-0.582089552238806,-0.582089552238806,-0.47761194029850745,-0.373134328358209,-0.7313432835820896,-0.47761194029850745,-0.9552238805970149,-0.417910447761194,-0.5970149253731343,-0.3880597014925373,-0.5522388059701493,-0.11940298507462686,-0.7910447761194029,-0.208955223880597,-0.9701492537313433,-0.16417910447761194,-0.6567164179104478,-0.13432835820895522,-0.6119402985074627,0.14925373134328357,-0.8208955223880597,0.05970149253731343,-1.0,0.05970149253731343,-0.7761194029850746,0.1044776119402985,-0.7164179104477612
1,0.0,0.0,-0.39344262295081966,0.0,-0.7704918032786885,-0.16393442622950818,-0.8524590163934426,-0.4098360655737705,-0.7377049180327869,-0.5737704918032787,-0.6885245901639344,-0.6229508196721312,-0.8032786885245902,-0.8524590163934426,-0.7049180327868853,-0.5573770491803278,-0.6229508196721312,-0.4426229508196721,-0.4262295081967213,-0.7049180327868853,-0.5409836065573771,-0.9180327868852459,-0.45901639344262296,-0.5737704918032787,-0.4098360655737705,-0.5081967213114754,-0.18032786885245902,-0.7704918032786885,-0.26229508196721313,-0.9672131147540983,-0.21311475409836064,-0.6557377049180327,-0.16393442622950818,-0.5901639344262295,0.08196721311475409,-0.8032786885245902,0.01639344262295082,-1.0,0.01639344262295082,-0.7868852459016393,0.04918032786885246,-0.7213114754098361
1,0.0,0.0,-0.3508771929824561,0.017543859649122806,-0.7368421052631579,-0.14035087719298245,-0.8421052631578947,-0.3684210526315789,-0.7192982456140351,-0.5263157894736842,-0.6666666666666666,-0.6140350877192983,-0.7543859649122807,-0.8771929824561403,-0.6491228070175439,-0.5789473684210527,-0.5964912280701754,-0.43859649122807015,-0.40350877192982454,-0.7017543859649122,-0.5087719298245614,-0.9473684210526315,-0.42105263157894735,-0.5789473684210527,-0.38596491228070173,-0.49122807017543857,-0.14035087719298245,-0.7543859649122807,-0.21052631578947367,-1.0,-0.15789473684210525,-0.6666666666666666,-0.12280701754385964,-0.5789473684210527,0.12280701754385964,-0.7719298245614035,0.07017543859649122,-1.0,0.08771929824561403,-0.7543859649122807,0.10526315789473684,-0.6666666666666666
1,0.0,0.0,-0.38596491228070173,0.017543859649122806,-0.7719298245614035,-0.10526315789473684,-0.8771929824561403,-0.3684210526315789,-0.7719298245614035,-0.543859649122807,-0.6666666666666666,-0.6140350877192983,-0.7719298245614035,-0.8947368421052632,-0.6491228070175439,-0.631578947368421,-0.5789473684210527,-0.45614035087719296,-0.42105263157894735,-0.7192982456140351,-0.5087719298245614,-0.9824561403508771,-0.40350877192982454,-0.6491228070175439,-0.3508771929824561,-0.47368421052631576,-0.15789473684210525,-0.7543859649122807,-0.24561403508771928,-1.0,-0.17543859649122806,-0.6666666666666666,-0.12280701754385964,-0.5087719298245614,0.08771929824561403,-0.7719298245614035,0.017543859649122806,-0.9649122807017544,0.03508771929824561,-0.7368421052631579,0.05263157894736842,-0.6140350877192983
1,0.0,0.0,-0.4074074074074074,0.018518518518518517,-0.8333333333333334,-0.14814814814814814,-0.9444444444444444,-0.4444444444444444,-0.8148148148148148,-0.6296296296296297,-0.7037037037037037,-0.6481481481481481,-0.7407407407407407,-0.9074074074074074,-0.6481481481481481,-0.6296296296296297,-0.6296296296296297,-0.5370370370370371,-0.42592592592592593,-0.7222222222222222,-0.48148148148148145,-0.9629629629629629,-0.4074074074074074,-0.6296296296296297,-0.4074074074074074,-0.5740740740740741,-0.18518518518518517,-0.7592592592592593,-0.2222222222222222,-1.0,-0.16666666666666666,-0.6851851851851852,-0.16666666666666666,-0.5925925925925926,0.07407407407407407,-0.7777777777777778,0.037037037037037035,-1.0,0.05555555555555555,-0.7592592592592593,0.07407407407407407,-0.6666666666666666
1,0.0,0.0,-0.39285714285714285,0.03571428571428571,-0.7857142857142857,-0.125,-0.9285714285714286,-0.4107142857142857,-0.8214285714285714,-0.5892857142857143,-0.6785714285714286,-0.625,-0.7321428571428571,-0.875,-0.6428571428571429,-0.5892857142857143,-0.6071428571428571,-0.5,-0.42857142857142855,-0.7142857142857143,-0.5,-0.9285714285714286,-0.4107142857142857,-0.6071428571428571,-0.4107142857142857,-0.5357142857142857,-0.19642857142857142,-0.7678571428571429,-0.25,-0.9642857142857143,-0.17857142857142858,-0.6785714285714286,-0.17857142857142858,-0.5892857142857143,0.05357142857142857,-0.7857142857142857,0.0,-1.0,0.03571428571428571,-0.7857142857142857,0.05357142857142857,-0.6785714285714286
1,0.0,0.0,-0.4107142857142857,0.03571428571428571,-0.8392857142857143,-0.125,-0.9821428571428571,-0.4107142857142857,-0.875,-0.625,-0.6964285714285714,-0.6607142857142857,-0.7857142857142857,-0.875,-0.6785714285714286,-0.5714285714285714,-0.6428571428571429,-0.5357142857142857,-0.4107142857142857,-0.7321428571428571,-0.5178571428571429,-0.9464285714285714,-0.42857142857142855,-0.5892857142857143,-0.4107142857142857,-0.6071428571428571,-0.16071428571428573,-0.7857142857142857,-0.23214285714285715,-0.9821428571428571,-0.17857142857142858,-0.6428571428571429,-0.16071428571428573,-0.6428571428571429,0.125,-0.8214285714285714,0.03571428571428571,-1.0,0.05357142857142857,-0.75,0.08928571428571429,-0.6964285714285714
1,0.0,0.0,-0.390625,0.015625,-0.765625,-0.140625,-0.890625,-0.40625,-0.796875,-0.578125,-0.625,-0.625,-0.703125,-0.828125,-0.59375,-0.546875,-0.578125,-0.5,-0.390625,-0.703125,-0.453125,-0.890625,-0.375,-0.578125,-0.390625,-0.5625,-0.15625,-0.75,-0.21875,-0.96875,-0.15625,-0.671875,-0.15625,-0.640625,0.078125,-0.796875,0.03125,-1.0,0.046875,-0.78125,0.078125,-0.71875
1,0.0,0.0,-0.36764705882352944,0.0,-0.7205882352941176,-0.1323529411764706,-0.8529411764705882,-0.38235294117647056,-0.8088235294117647,-0.5588235294117647,-0.6323529411764706,-0.6323529411764706,-0.7205882352941176,-0.8676470588235294,-0.6323529411764706,-0.6029411764705882,-0.5882352941176471,-0.5,-0.39705882352941174,-0.7205882352941176,-0.4852941176470588,-0.9558823529411765,-0.39705882352941174,-0.6470588235294118,-0.38235294117647056,-0.5882352941176471,-0.16176470588235295,-0.7647058823529411,-0.22058823529411764,-1.0,-0.16176470588235295,-0.7058823529411765,-0.1323529411764706,-0.6323529411764706,0.08823529411764706,-0.7794117647058824,0.014705882352941176,-1.0,0.04411764705882353,-0.7941176470588235,0.058823529411764705,-0.7205882352941176
1,0.0,0.0,-0.390625,0.046875,-0.796875,-0.109375,-0.9375,-0.40625,-0.859375,-0.578125,-0.671875,-0.625,-0.75,-0.828125,-0.640625,-0.546875,-0.609375,-0.484375,-0.421875,-0.71875,-0.5,-0.921875,-0.40625,-0.59375,-0.40625,-0.578125,-0.171875,-0.765625,-0.234375,-0.96875,-0.171875,-0.671875,-0.171875,-0.65625,0.078125,-0.796875,0.015625,-1.0,0.046875,-0.765625,0.0625,-0.703125
1,0.0,0.0,-0.3880597014925373,-0.014925373134328358,-0.746268656716418,-0.16417910447761194,-0.8656716417910447,-0.417910447761194,-0.7761194029850746,-0.582089552238806,-0.6268656716417911,-0.6119402985074627,-0.6865671641791045,-0.8208955223880597,-0.6119402985074627,-0.582089552238806,-0.582089552238806,-0.4925373134328358,-0.3880597014925373,-0.7164179104477612,-0.44776119402985076,-0.9104477611940298,-0.3880597014925373,-0.6268656716417911,-0.373134328358209,-0.5522388059701493,-0.16417910447761194,-0.7761194029850746,-0.208955223880597,-0.9850746268656716,-0.16417910447761194,-0.7164179104477612,-0.14925373134328357,-0.6119402985074627,0.08955223880597014,-0.7910447761194029,0.029850746268656716,-1.0,0.04477611940298507,-0.8059701492537313,0.04477611940298507,-0.6865671641791045
1,0.0,0.0,-0.3939393939393939,0.045454545454545456,-0.8181818181818182,-0.12121212121212122,-0.9393939393939394,-0.4090909090909091,-0.7878787878787878,-0.5606060606060606,-0.6666666666666666,-0.6060606060606061,-0.7424242424242424,-0.8333333333333334,-0.6363636363636364,-0.5303030303030303,-0.6060606060606061,-0.4696969696969697,-0.42424242424242425,-0.696969696969697,-0.5,-0.9242424242424242,-0.4090909090909091,-0.5909090909090909,-0.3939393939393939,-0.5606060606060606,-0.18181818181818182,-0.7727272727272727,-0.24242424242424243,-0.9696969696969697,-0.18181818181818182,-0.6666666666666666,-0.16666666666666666,-0.6363636363636364,0.07575757575757576,-0.8181818181818182,0.0,-1.0,0.030303030303030304,-0.7727272727272727,0.06060606060606061,-0.7121212121212122
1,0.0,0.0,-0.4,0.06153846153846154,-0.8153846153846154,-0.07692307692307693,-0.9846153846153847,-0.3384615384615385,-0.8923076923076924,-0.5230769230769231,-0.6923076923076923,-0.5692307692307692,-0.8,-0.8,-0.676923076923077,-0.5076923076923077,-0.6307692307692307,-0.4461538461538462,-0.4461538461538462,-0.676923076923077,-0.5538461538461539,-0.8923076923076924,-0.46153846153846156,-0.5538461538461539,-0.4307692307692308,-0.5384615384615384,-0.2153846153846154,-0.7538461538461538,-0.3076923076923077,-0.9692307692307692,-0.24615384615384617,-0.6461538461538462,-0.2153846153846154,-0.6153846153846154,0.03076923076923077,-0.8153846153846154,-0.06153846153846154,-1.0,-0.03076923076923077,-0.7538461538461538,0.015384615384615385,-0.6923076923076923
1,0.0,0.0,-0.33783783783783783,0.02702702702702703,-0.6756756756756757,-0.14864864864864866,-0.7432432432432432,-0.43243243243243246,-0.6486486486486487,-0.6351351351351351,-0.6216216216216216,-0.5675675675675675,-0.7297297297297297,-0.7972972972972973,-0.5945945945945946,-0.581081081081081,-0.4864864864864865,-0.43243243243243246,-0.4189189189189189,-0.6891891891891891,-0.5405405405405406,-0.9324324324324325,-0.40540540540540543,-0.6351351351351351,-0.3108108108108108,-0.4864864864864865,-0.20270270270270271,-0.7432432432432432,-0.3108108108108108,-0.9864864864864865,-0.21621621621621623,-0.6891891891891891,-0.14864864864864866,-0.5540540540540541,0.02702702702702703,-0.7702702702702703,-0.06756756756756757,-1.0,-0.04054054054054054,-0.7972972972972973,-0.013513513513513514,-0.6621621621621622
1,0.0,0.0,-0.3333333333333333,-0.013888888888888888,-0.6111111111111112,-0.25,-0.5833333333333334,-0.5416666666666666,-0.4861111111111111,-0.7638888888888888,-0.6805555555555556,-0.5277777777777778,-0.875,-0.7361111111111112,-0.75,-0.5694444444444444,-0.6111111111111112,-0.4027777777777778,-0.5,-0.6527777777777778,-0.6805555555555556,-0.9027777777777778,-0.5555555555555556,-0.6527777777777778,-0.4583333333333333,-0.4861111111111111,-0.2916666666666667,-0.7361111111111112,-0.4444444444444444,-1.0,-0.3611111111111111,-0.7222222222222222,-0.2777777777777778,-0.5416666666666666,-0.06944444444444445,-0.7638888888888888,-0.19444444444444445,-0.9861111111111112,-0.18055555555555555,-0.7916666666666666,-0.1388888888888889,-0.6388888888888888
1,0.0,0.0,-0.4067796610169492,0.03389830508474576,-0.7966101694915254,-0.13559322033898305,-0.9152542372881356,-0.4406779661016949,-0.8135593220338984,-0.6949152542372882,-0.7796610169491526,-0.576271186440678,-0.9661016949152542,-0.7966101694915254,-0.8135593220338984,-0.5254237288135594,-0.6949152542372882,-0.4067796610169492,-0.5423728813559322,-0.6949152542372882,-0.711864406779661,-0.9322033898305084,-0.559322033898305,-0.576271186440678,-0.4576271186440678,-0.4915254237288136,-0.2711864406779661,-0.7796610169491526,-0.423728813559322,-0.9661016949152542,-0.3050847457627119,-0.6101694915254238,-0.22033898305084745,-0.5254237288135594,0.03389830508474576,-0.8305084745762712,-0.13559322033898305,-1.0,-0.0847457627118644,-0.7457627118644068,0.0,-0.6610169491525424
1,0.0,0.0,-0.359375,0.015625,-0.6875,-0.171875,-0.78125,-0.4375,-0.734375,-0.671875,-0.6875,-0.578125,-0.84375,-0.8125,-0.703125,-0.5625,-0.59375,-0.4375,-0.46875,-0.6875,-0.609375,-0.921875,-0.46875,-0.609375,-0.375,-0.5,-0.234375,-0.765625,-0.359375,-0.96875,-0.234375,-0.640625,-0.15625,-0.515625,0.03125,-0.796875,-0.109375,-1.0,-0.0625,-0.78125,0.015625,-0.65625
1,0.0,0.0,-0.25925925925925924,-0.037037037037037035,-0.4567901234567901,-0.2716049382716049,-0.43209876543209874,-0.5185185185185185,-0.32098765432098764,-0.6790123456790124,-0.5925925925925926,-0.5185185185185185,-0.7283950617283951,-0.654320987654321,-0.7283950617283951,-0.7037037037037037,-0.6666666666666666,-0.6790123456790124,-0.41975308641975306,-0.6296296296296297,-0.5432098765432098,-0.8148148148148148,-0.5185185185185185,-0.7777777777777778,-0.4444444444444444,-0.6790123456790124,-0.2345679012345679,-0.691358024691358,-0.3333333333333333,-0.9135802469135802,-0.3333333333333333,-0.8518518518518519,-0.2839506172839506,-0.7283950617283951,-0.037037037037037035,-0.7283950617283951,-0.09876543209876543,-0.9629629629629629,-0.14814814814814814,-1.0,-0.1728395061728395,-0.9753086419753086
1,0.0,0.0,-0.3787878787878788,-0.07575757575757576,-0.6060606060606061,-0.3333333333333333,-0.5454545454545454,-0.6363636363636364,-0.4393939393939394,-0.8636363636363636,-0.6363636363636364,-0.5909090909090909,-0.8181818181818182,-0.803030303030303,-0.7424242424242424,-0.6060606060606061,-0.6363636363636364,-0.3939393939393939,-0.42424242424242425,-0.6818181818181818,-0.6060606060606061,-0.9545454545454546,-0.5454545454545454,-0.696969696969697,-0.45454545454545453,-0.48484848484848486,-0.18181818181818182,-0.7424242424242424,-0.3333333333333333,-1.0,-0.2727272727272727,-0.7121212121212122,-0.21212121212121213,-0.48484848484848486,0.10606060606060606,-0.7575757575757576,-0.030303030303030304,-0.9696969696969697,-0.030303030303030304,-0.7575757575757576,0.0,-0.6060606060606061
1,0.0,0.0,-0.35384615384615387,-0.07692307692307693,-0.6153846153846154,-0.35384615384615387,-0.6153846153846154,-0.6461538461538462,-0.5692307692307692,-0.8923076923076924,-0.6153846153846154,-0.6615384615384615,-0.7846153846153846,-0.8615384615384616,-0.7384615384615385,-0.6307692307692307,-0.6615384615384615,-0.4153846153846154,-0.4153846153846154,-0.7384615384615385,-0.5846153846153846,-0.9692307692307692,-0.5384615384615384,-0.6923076923076923,-0.46153846153846156,-0.46153846153846156,-0.16923076923076924,-0.7846153846153846,-0.3230769230769231,-1.0,-0.2923076923076923,-0.6923076923076923,-0.23076923076923078,-0.49230769230769234,0.1076923076923077,-0.8,-0.046153846153846156,-1.0,-0.06153846153846154,-0.8,-0.03076923076923077,-0.6461538461538462
1,0.0,0.0,-0.3787878787878788,-0.07575757575757576,-0.6363636363636364,-0.3484848484848485,-0.6060606060606061,-0.6212121212121212,-0.4696969696969697,-0.8333333333333334,-0.6363636363636364,-0.6666666666666666,-0.7878787878787878,-0.8484848484848485,-0.7424242424242424,-0.5909090909090909,-0.6515151515151515,-0.3787878787878788,-0.42424242424242425,-0.7424242424242424,-0.5757575757575758,-0.9696969696969697,-0.5303030303030303,-0.6666666666666666,-0.4393939393939394,-0.4393939393939394,-0.16666666666666666,-0.7878787878787878,-0.3181818181818182,-1.0,-0.2878787878787879,-0.6666666666666666,-0.24242424242424243,-0.45454545454545453,0.10606060606060606,-0.7878787878787878,-0.030303030303030304,-0.9848484848484849,-0.06060606060606061,-0.7727272727272727,-0.045454545454545456,-0.6212121212121212
1,0.0,0.0,-0.3582089552238806,-0.08955223880597014,-0.582089552238806,-0.373134328358209,-0.5074626865671642,-0.6567164179104478,-0.3582089552238806,-0.8656716417910447,-0.6268656716417911,-0.6567164179104478,-0.7910447761194029,-0.8656716417910447,-0.6865671641791045,-0.6268656716417911,-0.582089552238806,-0.417910447761194,-0.40298507462686567,-0.746268656716418,-0.5373134328358209,-0.9701492537313433,-0.4626865671641791,-0.6865671641791045,-0.3880597014925373,-0.4626865671641791,-0.14925373134328357,-0.7761194029850746,-0.2537313432835821,-1.0,-0.22388059701492538,-0.6865671641791045,-0.1791044776119403,-0.4626865671641791,0.11940298507462686,-0.7761194029850746,0.014925373134328358,-0.9850746268656716,0.0,-0.7761194029850746,0.014925373134328358,-0.6119402985074627
1,0.0,0.0,-0.373134328358209,-0.08955223880597014,-0.6119402985074627,-0.3283582089552239,-0.6268656716417911,-0.5522388059701493,-0.5223880597014925,-0.6417910447761194,-0.6268656716417911,-0.6417910447761194,-0.7761194029850746,-0.8656716417910447,-0.7014925373134329,-0.6268656716417911,-0.5970149253731343,-0.47761194029850745,-0.417910447761194,-0.7313432835820896,-0.5522388059701493,-0.9701492537313433,-0.47761194029850745,-0.6865671641791045,-0.3880597014925373,-0.5074626865671642,-0.1791044776119403,-0.7761194029850746,-0.29850746268656714,-1.0,-0.26865671641791045,-0.7014925373134329,-0.19402985074626866,-0.5223880597014925,0.07462686567164178,-0.7761194029850746,-0.029850746268656716,-0.9850746268656716,-0.05970149253731343,-0.7611940298507462,-0.029850746268656716,-0.6119402985074627
1,0.0,0.0,-0.38235294117647056,-0.07352941176470588,-0.6323529411764706,-0.3235294117647059,-0.5882352941176471,-0.5735294117647058,-0.4264705882352941,-0.75,-0.6176470588235294,-0.6323529411764706,-0.75,-0.8823529411764706,-0.6470588235294118,-0.6617647058823529,-0.5441176470588235,-0.45588235294117646,-0.38235294117647056,-0.7058823529411765,-0.4852941176470588,-1.0,-0.39705882352941174,-0.6911764705882353,-0.3382352941176471,-0.4852941176470588,-0.1323529411764706,-0.7352941176470589,-0.20588235294117646,-1.0,-0.16176470588235295,-0.6764705882352942,-0.1323529411764706,-0.47058823529411764,0.1323529411764706,-0.7205882352941176,0.07352941176470588,-0.9558823529411765,0.058823529411764705,-0.75,0.029411764705882353,-0.5882352941176471
1,0.0,0.0,-0.391304347826087,-0.10144927536231885,-0.6231884057971014,-0.37681159420289856,-0.5362318840579711,-0.6231884057971014,-0.3333333333333333,-0.7681159420289855,-0.5797101449275363,-0.6666666666666666,-0.6231884057971014,-0.927536231884058,-0.5507246376811594,-0.7101449275362319,-0.4927536231884058,-0.5072463768115942,-0.3333333333333333,-0.7101449275362319,-0.37681159420289856,-1.0,-0.3188405797101449,-0.7101449275362319,-0.2898550724637681,-0.5217391304347826,-0.08695652173913043,-0.7246376811594203,-0.11594202898550725,-0.9855072463768116,-0.07246376811594203,-0.6956521739130435,-0.07246376811594203,-0.5072463768115942,0.15942028985507245,-0.6956521739130435,0.13043478260869565,-0.9130434782608695,0.11594202898550725,-0.7101449275362319,0.10144927536231885,-0.5507246376811594
1,0.0,0.0,-0.3787878787878788,-0.10606060606060606,-0.6212121212121212,-0.3787878787878788,-0.5303030303030303,-0.6515151515151515,-0.3333333333333333,-0.7727272727272727,-0.6060606060606061,-0.6666666666666666,-0.6515151515151515,-0.9393939393939394,-0.5454545454545454,-0.7272727272727273,-0.5151515151515151,-0.5454545454545454,-0.36363636363636365,-0.7121212121212122,-0.3939393939393939,-1.0,-0.3181818181818182,-0.7272727272727273,-0.3181818181818182,-0.5454545454545454,-0.12121212121212122,-0.7424242424242424,-0.13636363636363635,-0.9848484848484849,-0.07575757575757576,-0.696969696969697,-0.09090909090909091,-0.5303030303030303,0.12121212121212122,-0.7272727272727273,0.10606060606060606,-0.9393939393939394,0.12121212121212122,-0.7272727272727273,0.10606060606060606,-0.5909090909090909
1,0.0,0.0,-0.37681159420289856,-0.10144927536231885,-0.6376811594202898,-0.36231884057971014,-0.5942028985507246,-0.5942028985507246,-0.43478260869565216,-0.7101449275362319,-0.5362318840579711,-0.6666666666666666,-0.5652173913043478,-0.9420289855072463,-0.463768115942029,-0.7101449275362319,-0.4057971014492754,-0.5217391304347826,-0.2898550724637681,-0.7101449275362319,-0.30434782608695654,-1.0,-0.21739130434782608,-0.6956521739130435,-0.21739130434782608,-0.5072463768115942,-0.043478260869565216,-0.7246376811594203,-0.057971014492753624,-0.9710144927536232,0.0,-0.6666666666666666,-0.014492753623188406,-0.4927536231884058,0.17391304347826086,-0.6811594202898551,0.18840579710144928,-0.8840579710144928,0.18840579710144928,-0.6811594202898551,0.15942028985507245,-0.5507246376811594
1,0.0,0.0,-0.36923076923076925,-0.09230769230769231,-0.6615384615384615,-0.3076923076923077,-0.6615384615384615,-0.5230769230769231,-0.49230769230769234,-0.6153846153846154,-0.6153846153846154,-0.676923076923077,-0.6153846153846154,-0.9692307692307692,-0.5076923076923077,-0.7076923076923077,-0.5076923076923077,-0.5538461538461539,-0.35384615384615387,-0.7076923076923077,-0.35384615384615387,-1.0,-0.26153846153846155,-0.7076923076923077,-0.2923076923076923,-0.5846153846153846,-0.09230769230769231,-0.7384615384615385,-0.07692307692307693,-0.9538461538461539,-0.015384615384615385,-0.6615384615384615,-0.06153846153846154,-0.5538461538461539,0.15384615384615385,-0.7076923076923077,0.15384615384615385,-0.8923076923076924,0.18461538461538463,-0.676923076923077,0.15384615384615385,-0.5692307692307692
1,0.0,0.0,-0.3787878787878788,-0.06060606060606061,-0.6515151515151515,-0.3333333333333333,-0.6060606060606061,-0.6060606060606061,-0.42424242424242425,-0.7424242424242424,-0.5606060606060606,-0.6666666666666666,-0.5909090909090909,-0.9393939393939394,-0.48484848484848486,-0.696969696969697,-0.4393939393939394,-0.5151515151515151,-0.30303030303030304,-0.7121212121212122,-0.3333333333333333,-1.0,-0.24242424242424243,-0.6818181818181818,-0.22727272727272727,-0.5,-0.045454545454545456,-0.7121212121212122,-0.06060606060606061,-0.9696969696969697,-0.015151515151515152,-0.6515151515151515,0.0,-0.4696969696969697,0.21212121212121213,-0.6818181818181818,0.19696969696969696,-0.8939393939393939,0.19696969696969696,-0.6818181818181818,0.18181818181818182,-0.5303030303030303
1,0.0,0.0,-0.37681159420289856,-0.11594202898550725,-0.5942028985507246,-0.43478260869565216,-0.5072463768115942,-0.6956521739130435,-0.3188405797101449,-0.855072463768116,-0.5797101449275363,-0.7101449275362319,-0.5942028985507246,-0.9565217391304348,-0.4782608695652174,-0.7246376811594203,-0.4492753623188406,-0.5507246376811594,-0.3188405797101449,-0.7391304347826086,-0.3333333333333333,-1.0,-0.2463768115942029,-0.6956521739130435,-0.2463768115942029,-0.5217391304347826,-0.07246376811594203,-0.7536231884057971,-0.07246376811594203,-0.9565217391304348,-0.014492753623188406,-0.6376811594202898,-0.028985507246376812,-0.463768115942029,0.17391304347826086,-0.7101449275362319,0.17391304347826086,-0.8985507246376812,0.18840579710144928,-0.6811594202898551,0.17391304347826086,-0.5362318840579711
1,0.0,0.0,-0.3611111111111111,-0.125,-0.5972222222222222,-0.4166666666666667,-0.5138888888888888,-0.6527777777777778,-0.3055555555555556,-0.75,-0.5138888888888888,-0.7222222222222222,-0.5277777777777778,-0.9583333333333334,-0.4305555555555556,-0.7083333333333334,-0.3888888888888889,-0.5277777777777778,-0.2638888888888889,-0.75,-0.2638888888888889,-1.0,-0.19444444444444445,-0.6805555555555556,-0.20833333333333334,-0.5,-0.013888888888888888,-0.75,-0.013888888888888888,-0.9583333333333334,0.027777777777777776,-0.6388888888888888,0.0,-0.4583333333333333,0.20833333333333334,-0.6944444444444444,0.2222222222222222,-0.8888888888888888,0.2222222222222222,-0.6666666666666666,0.19444444444444445,-0.5416666666666666
1,0.0,0.0,-0.35294117647058826,-0.11764705882352941,-0.6029411764705882,-0.38235294117647056,-0.5147058823529411,-0.6323529411764706,-0.29411764705882354,-0.7794117647058824,-0.6029411764705882,-0.6764705882352942,-0.6617647058823529,-0.9264705882352942,-0.5588235294117647,-0.6764705882352942,-0.5,-0.5294117647058824,-0.36764705882352944,-0.75,-0.4117647058823529,-1.0,-0.3235294117647059,-0.6911764705882353,-0.3088235294117647,-0.5441176470588235,-0.11764705882352941,-0.7794117647058824,-0.16176470588235295,-0.9852941176470589,-0.08823529411764706,-0.6911764705882353,-0.10294117647058823,-0.5588235294117647,0.1323529411764706,-0.7647058823529411,0.08823529411764706,-0.9411764705882353,0.11764705882352941,-0.7352941176470589,0.10294117647058823,-0.6176470588235294
1,0.0,0.0,-0.3815789473684211,-0.06578947368421052,-0.6578947368421053,-0.2894736842105263,-0.6052631578947368,-0.5526315789473685,-0.39473684210526316,-0.6842105263157895,-0.5789473684210527,-0.618421052631579,-0.6578947368421053,-0.881578947368421,-0.5789473684210527,-0.6710526315789473,-0.5,-0.5,-0.35526315789473684,-0.6973684210526315,-0.4342105263157895,-1.0,-0.35526315789473684,-0.7105263157894737,-0.3026315789473684,-0.5394736842105263,-0.13157894736842105,-0.7236842105263158,-0.18421052631578946,-0.9342105263157895,-0.11842105263157894,-0.6447368421052632,-0.09210526315789473,-0.4868421052631579,0.11842105263157894,-0.7105263157894737,0.05263157894736842,-0.8947368421052632,0.05263157894736842,-0.6973684210526315,0.07894736842105263,-0.5789473684210527
1,0.0,0.0,-0.4444444444444444,-0.015873015873015872,-0.8571428571428571,-0.2698412698412698,-0.873015873015873,-0.5873015873015873,-0.6666666666666666,-0.7777777777777778,-0.6984126984126984,-0.6825396825396826,-0.7777777777777778,-0.9365079365079365,-0.6825396825396826,-0.6507936507936508,-0.6349206349206349,-0.5396825396825397,-0.4126984126984127,-0.7619047619047619,-0.5079365079365079,-1.0,-0.42857142857142855,-0.6507936507936508,-0.4126984126984127,-0.5714285714285714,-0.15873015873015872,-0.7936507936507936,-0.23809523809523808,-1.0,-0.1746031746031746,-0.6507936507936508,-0.15873015873015872,-0.5873015873015873,0.12698412698412698,-0.8095238095238095,0.031746031746031744,-0.9841269841269841,0.06349206349206349,-0.7301587301587301,0.09523809523809523,-0.6507936507936508
1,0.0,0.0,-0.358974358974359,-0.01282051282051282,-0.6923076923076923,-0.11538461538461539,-0.8076923076923077,-0.3333333333333333,-0.7435897435897436,-0.48717948717948717,-0.5512820512820513,-0.5512820512820513,-0.6410256410256411,-0.7692307692307693,-0.5641025641025641,-0.5641025641025641,-0.5128205128205128,-0.44871794871794873,-0.358974358974359,-0.6410256410256411,-0.4358974358974359,-0.8461538461538461,-0.3717948717948718,-0.5897435897435898,-0.32051282051282054,-0.5128205128205128,-0.16666666666666666,-0.7051282051282052,-0.23076923076923078,-0.9230769230769231,-0.19230769230769232,-0.6923076923076923,-0.15384615384615385,-0.5769230769230769,0.02564102564102564,-0.7564102564102564,-0.02564102564102564,-1.0,-0.038461538461538464,-0.8846153846153846,-0.02564102564102564,-0.782051282051282
1,0.0,0.0,-0.4126984126984127,0.015873015873015872,-0.8412698412698413,-0.1111111111111111,-1.0,-0.38095238095238093,-0.9047619047619048,-0.5555555555555556,-0.6984126984126984,-0.6190476190476191,-0.7936507936507936,-0.8571428571428571,-0.6825396825396826,-0.5714285714285714,-0.6349206349206349,-0.49206349206349204,-0.42857142857142855,-0.7142857142857143,-0.5238095238095238,-0.9206349206349206,-0.4444444444444444,-0.5873015873015873,-0.42857142857142855,-0.5714285714285714,-0.1746031746031746,-0.7619047619047619,-0.25396825396825395,-0.9682539682539683,-0.20634920634920634,-0.6507936507936508,-0.1746031746031746,-0.6349206349206349,0.09523809523809523,-0.8095238095238095,0.015873015873015872,-0.9841269841269841,0.031746031746031744,-0.746031746031746,0.06349206349206349,-0.6984126984126984
1,0.0,0.0,-0.43548387096774194,0.04838709677419355,-0.8709677419354839,-0.11290322580645161,-1.0,-0.4032258064516129,-0.9193548387096774,-0.5967741935483871,-0.6935483870967742,-0.6129032258064516,-0.8064516129032258,-0.8548387096774194,-0.6935483870967742,-0.5645161290322581,-0.6451612903225806,-0.4838709677419355,-0.43548387096774194,-0.6935483870967742,-0.532258064516129,-0.9354838709677419,-0.45161290322580644,-0.5806451612903226,-0.41935483870967744,-0.5645161290322581,-0.1774193548387097,-0.7580645161290323,-0.25806451612903225,-0.9838709677419355,-0.1935483870967742,-0.6451612903225806,-0.16129032258064516,-0.6129032258064516,0.08064516129032258,-0.7903225806451613,0.0,-0.9838709677419355,0.03225806451612903,-0.7419354838709677,0.06451612903225806,-0.6774193548387096
1,0.0,0.0,-0.4166666666666667,0.06666666666666667,-0.8666666666666667,-0.1,-1.0,-0.4,-0.9166666666666666,-0.5833333333333334,-0.6833333333333333,-0.6,-0.8,-0.85,-0.7,-0.55,-0.65,-0.48333333333333334,-0.4166666666666667,-0.6833333333333333,-0.5333333333333333,-0.9166666666666666,-0.45,-0.5666666666666667,-0.4,-0.5333333333333333,-0.15,-0.75,-0.26666666666666666,-0.9666666666666667,-0.2,-0.6166666666666667,-0.16666666666666666,-0.6,0.13333333333333333,-0.7833333333333333,0.016666666666666666,-0.9833333333333333,0.03333333333333333,-0.7333333333333333,0.08333333333333333,-0.65
1,0.0,0.0,-0.4098360655737705,0.01639344262295082,-0.8032786885245902,-0.13114754098360656,-0.9508196721311475,-0.3770491803278688,-0.8688524590163934,-0.5901639344262295,-0.6557377049180327,-0.6065573770491803,-0.7540983606557377,-0.8524590163934426,-0.639344262295082,-0.5737704918032787,-0.6065573770491803,-0.47540983606557374,-0.39344262295081966,-0.7049180327868853,-0.4918032786885246,-0.9508196721311475,-0.4098360655737705,-0.6065573770491803,-0.3770491803278688,-0.5573770491803278,-0.13114754098360656,-0.7704918032786885,-0.22950819672131148,-1.0,-0.16393442622950818,-0.6721311475409836,-0.13114754098360656,-0.6229508196721312,0.14754098360655737,-0.8032786885245902,0.04918032786885246,-0.9836065573770492,0.08196721311475409,-0.7540983606557377,0.11475409836065574,-0.6721311475409836
1,0.0,0.0,-0.43333333333333335,0.03333333333333333,-0.8333333333333334,-0.1,-0.9666666666666667,-0.38333333333333336,-0.9166666666666666,-0.5666666666666667,-0.6833333333333333,-0.6,-0.7833333333333333,-0.8833333333333333,-0.6666666666666666,-0.6,-0.6166666666666667,-0.48333333333333334,-0.4,-0.6833333333333333,-0.5166666666666667,-0.9666666666666667,-0.4166666666666667,-0.6166666666666667,-0.4,-0.5333333333333333,-0.15,-0.75,-0.23333333333333334,-1.0,-0.16666666666666666,-0.6666666666666666,-0.13333333333333333,-0.5666666666666667,0.13333333333333333,-0.7666666666666667,0.03333333333333333,-0.9833333333333333,0.05,-0.75,0.08333333333333333,-0.65
1,0.0,0.0,-0.45,0.03333333333333333,-0.8666666666666667,-0.08333333333333333,-1.0,-0.35,-0.9333333333333333,-0.55,-0.7166666666666667,-0.5833333333333334,-0.8,-0.8666666666666667,-0.6833333333333333,-0.5833333333333334,-0.65,-0.48333333333333334,-0.43333333333333335,-0.6833333333333333,-0.5333333333333333,-0.95,-0.43333333333333335,-0.6,-0.43333333333333335,-0.5333333333333333,-0.18333333333333332,-0.7333333333333333,-0.25,-1.0,-0.18333333333333332,-0.65,-0.16666666666666666,-0.5666666666666667,0.08333333333333333,-0.7666666666666667,0.016666666666666666,-0.9833333333333333,0.05,-0.7333333333333333,0.06666666666666667,-0.65
1,0.0,0.0,-0.4406779661016949,0.05084745762711865,-0.847457627118644,-0.1016949152542373,-0.9830508474576272,-0.3898305084745763,-0.9152542372881356,-0.5932203389830508,-0.711864406779661,-0.6271186440677966,-0.7966101694915254,-0.9152542372881356,-0.6779661016949152,-0.6271186440677966,-0.6271186440677966,-0.4915254237288136,-0.423728813559322,-0.6949152542372882,-0.5084745762711864,-0.9830508474576272,-0.423728813559322,-0.6101694915254238,-0.4067796610169492,-0.5254237288135594,-0.1694915254237288,-0.7457627118644068,-0.23728813559322035,-1.0,-0.1694915254237288,-0.6440677966101694,-0.15254237288135594,-0.559322033898305,0.1016949152542373,-0.7627118644067796,0.05084745762711865,-0.9661016949152542,0.06779661016949153,-0.711864406779661,0.0847457627118644,-0.6271186440677966
1,0.0,0.0,-0.390625,0.0625,-0.8125,-0.09375,-1.0,-0.375,-0.921875,-0.5625,-0.6875,-0.609375,-0.796875,-0.9375,-0.71875,-0.75,-0.625,-0.5625,-0.421875,-0.6875,-0.5,-0.984375,-0.40625,-0.65625,-0.390625,-0.515625,-0.15625,-0.71875,-0.234375,-0.96875,-0.171875,-0.65625,-0.15625,-0.546875,0.109375,-0.71875,0.03125,-0.921875,0.046875,-0.71875,0.0625,-0.625
1,0.0,0.0,-0.4307692307692308,-0.03076923076923077,-0.8153846153846154,-0.2153846153846154,-0.9384615384615385,-0.5538461538461539,-0.8307692307692308,-0.8,-0.7230769230769231,-0.6,-0.8153846153846154,-0.9076923076923077,-0.7076923076923077,-0.6307692307692307,-0.676923076923077,-0.49230769230769234,-0.47692307692307695,-0.6923076923076923,-0.5538461538461539,-0.9384615384615385,-0.46153846153846156,-0.6307692307692307,-0.4461538461538462,-0.5230769230769231,-0.24615384615384617,-0.7384615384615385,-0.3076923076923077,-1.0,-0.23076923076923078,-0.676923076923077,-0.2153846153846154,-0.5538461538461539,0.015384615384615385,-0.7692307692307693,-0.07692307692307693,-0.9846153846153847,-0.03076923076923077,-0.7692307692307693,-0.015384615384615385,-0.6307692307692307
1,0.0,0.0,-0.4153846153846154,-0.1076923076923077,-0.7076923076923077,-0.4153846153846154,-0.5846153846153846,-0.7076923076923077,-0.27692307692307694,-0.7692307692307693,-0.7384615384615385,-0.6,-0.9076923076923077,-0.8615384615384616,-0.7692307692307693,-0.6153846153846154,-0.6923076923076923,-0.5230769230769231,-0.5230769230769231,-0.7076923076923077,-0.6307692307692307,-0.9692307692307692,-0.49230769230769234,-0.6615384615384615,-0.4461538461538462,-0.6153846153846154,-0.26153846153846155,-0.7692307692307693,-0.3384615384615385,-1.0,-0.24615384615384617,-0.7076923076923077,-0.2153846153846154,-0.6615384615384615,0.015384615384615385,-0.8,-0.06153846153846154,-0.9846153846153847,-0.03076923076923077,-0.7846153846153846,0.0,-0.7076923076923077
1,0.0,0.0,-0.42424242424242425,-0.10606060606060606,-0.7121212121212122,-0.45454545454545453,-0.5606060606060606,-0.7272727272727273,-0.24242424242424243,-0.7272727272727273,-0.7272727272727273,-0.6060606060606061,-0.8939393939393939,-0.8787878787878788,-0.7727272727272727,-0.6515151515151515,-0.6666666666666666,-0.5303030303030303,-0.5,-0.7121212121212122,-0.6060606060606061,-1.0,-0.4696969696969697,-0.6818181818181818,-0.4090909090909091,-0.6060606060606061,-0.22727272727272727,-0.7727272727272727,-0.30303030303030304,-1.0,-0.22727272727272727,-0.7121212121212122,-0.18181818181818182,-0.6515151515151515,0.045454545454545456,-0.803030303030303,-0.030303030303030304,-0.9848484848484849,-0.015151515151515152,-0.7878787878787878,0.015151515151515152,-0.7121212121212122
1,0.0,0.0,-0.4117647058823529,-0.1323529411764706,-0.6764705882352942,-0.4411764705882353,-0.5441176470588235,-0.6911764705882353,-0.25,-0.75,-0.6911764705882353,-0.6029411764705882,-0.8529411764705882,-0.8529411764705882,-0.75,-0.6617647058823529,-0.6764705882352942,-0.5441176470588235,-0.47058823529411764,-0.6911764705882353,-0.5735294117647058,-0.9852941176470589,-0.4852941176470588,-0.7352941176470589,-0.4264705882352941,-0.6176470588235294,-0.22058823529411764,-0.75,-0.27941176470588236,-1.0,-0.23529411764705882,-0.7647058823529411,-0.20588235294117646,-0.6764705882352942,0.04411764705882353,-0.7794117647058824,-0.014705882352941176,-0.9852941176470589,-0.014705882352941176,-0.8235294117647058,0.0,-0.7205882352941176
1,0.0,0.0,-0.3194444444444444,-0.125,-0.5555555555555556,-0.4166666666666667,-0.4444444444444444,-0.7083333333333334,-0.18055555555555555,-0.7916666666666666,-0.625,-0.5972222222222222,-0.7777777777777778,-0.8888888888888888,-0.6527777777777778,-0.6527777777777778,-0.5833333333333334,-0.5416666666666666,-0.4305555555555556,-0.6944444444444444,-0.5277777777777778,-0.9722222222222222,-0.4305555555555556,-0.6944444444444444,-0.3888888888888889,-0.5972222222222222,-0.19444444444444445,-0.7361111111111112,-0.2777777777777778,-1.0,-0.2222222222222222,-0.7361111111111112,-0.18055555555555555,-0.6388888888888888,0.041666666666666664,-0.75,-0.027777777777777776,-0.9722222222222222,-0.027777777777777776,-0.8055555555555556,0.0,-0.6944444444444444
1,0.0,0.0,-0.373134328358209,-0.14925373134328357,-0.6417910447761194,-0.4925373134328358,-0.47761194029850745,-0.746268656716418,-0.16417910447761194,-0.7611940298507462,-0.6865671641791045,-0.6417910447761194,-0.8059701492537313,-0.9104477611940298,-0.6716417910447762,-0.6716417910447762,-0.6268656716417911,-0.5671641791044776,-0.44776119402985076,-0.7313432835820896,-0.5373134328358209,-1.0,-0.43283582089552236,-0.7313432835820896,-0.40298507462686567,-0.6567164179104478,-0.1791044776119403,-0.7611940298507462,-0.23880597014925373,-0.9850746268656716,-0.16417910447761194,-0.7313432835820896,-0.14925373134328357,-0.6716417910447762,0.07462686567164178,-0.746268656716418,0.029850746268656716,-0.9104477611940298,0.04477611940298507,-0.7313432835820896,0.07462686567164178,-0.6417910447761194
1,0.0,0.0,-0.3787878787878788,-0.16666666666666666,-0.6212121212121212,-0.5,-0.45454545454545453,-0.7575757575757576,-0.15151515151515152,-0.7272727272727273,-0.6666666666666666,-0.6212121212121212,-0.803030303030303,-0.9242424242424242,-0.6666666666666666,-0.696969696969697,-0.6060606060606061,-0.5757575757575758,-0.4393939393939394,-0.7121212121212122,-0.5151515151515151,-1.0,-0.4090909090909091,-0.7272727272727273,-0.3787878787878788,-0.6515151515151515,-0.18181818181818182,-0.7575757575757576,-0.22727272727272727,-1.0,-0.15151515151515152,-0.7424242424242424,-0.15151515151515152,-0.6666666666666666,0.07575757575757576,-0.7575757575757576,0.045454545454545456,-0.9242424242424242,0.045454545454545456,-0.7424242424242424,0.07575757575757576,-0.6515151515151515
1,0.0,0.0,-0.4098360655737705,-0.18032786885245902,-0.6885245901639344,-0.45901639344262296,-0.5901639344262295,-0.7213114754098361,-0.3114754098360656,-0.819672131147541,-0.6721311475409836,-0.6557377049180327,-0.7704918032786885,-0.9344262295081968,-0.7213114754098361,-0.7049180327868853,-0.6557377049180327,-0.5901639344262295,-0.4426229508196721,-0.7213114754098361,-0.47540983606557374,-1.0,-0.4426229508196721,-0.7213114754098361,-0.4098360655737705,-0.6229508196721312,-0.21311475409836064,-0.7868852459016393,-0.22950819672131148,-1.0,-0.19672131147540983,-0.7377049180327869,-0.19672131147540983,-0.6557377049180327,0.03278688524590164,-0.7868852459016393,0.01639344262295082,-0.9836065573770492,0.01639344262295082,-0.8032786885245902,0.03278688524590164,-0.7213114754098361
1,0.0,0.0,-0.373134328358209,-0.208955223880597,-0.5671641791044776,-0.5373134328358209,-0.373134328358209,-0.7910447761194029,-0.08955223880597014,-0.7910447761194029,-0.6268656716417911,-0.6268656716417911,-0.7014925373134329,-0.9552238805970149,-0.582089552238806,-0.7313432835820896,-0.5373134328358209,-0.582089552238806,-0.3880597014925373,-0.6865671641791045,-0.417910447761194,-1.0,-0.3283582089552239,-0.7313432835820896,-0.31343283582089554,-0.6268656716417911,-0.14925373134328357,-0.7164179104477612,-0.14925373134328357,-0.9552238805970149,-0.08955223880597014,-0.7164179104477612,-0.1044776119402985,-0.6268656716417911,0.08955223880597014,-0.7164179104477612,0.08955223880597014,-0.9104477611940298,0.1044776119402985,-0.7761194029850746,0.08955223880597014,-0.6865671641791045
1,0.0,0.0,-0.3787878787878788,-0.15151515151515152,-0.5606060606060606,-0.4696969696969697,-0.3787878787878788,-0.7424242424242424,-0.12121212121212122,-0.8181818181818182,-0.6666666666666666,-0.6212121212121212,-0.7121212121212122,-0.9393939393939394,-0.5909090909090909,-0.7272727272727273,-0.5606060606060606,-0.6060606060606061,-0.42424242424242425,-0.6818181818181818,-0.4393939393939394,-1.0,-0.3484848484848485,-0.7272727272727273,-0.36363636363636365,-0.6666666666666666,-0.18181818181818182,-0.7121212121212122,-0.16666666666666666,-0.9393939393939394,-0.10606060606060606,-0.6666666666666666,-0.15151515151515152,-0.6212121212121212,0.06060606060606061,-0.7272727272727273,0.07575757575757576,-0.8939393939393939,0.09090909090909091,-0.7121212121212122,0.07575757575757576,-0.6212121212121212
1,0.0,0.0,-0.2777777777777778,-0.125,-0.4583333333333333,-0.4027777777777778,-0.3472222222222222,-0.6666666666666666,-0.16666666666666666,-0.7916666666666666,-0.5694444444444444,-0.5972222222222222,-0.7222222222222222,-0.8611111111111112,-0.6388888888888888,-0.7916666666666666,-0.5555555555555556,-0.6666666666666666,-0.375,-0.6805555555555556,-0.4861111111111111,-1.0,-0.4305555555555556,-0.8888888888888888,-0.375,-0.7638888888888888,-0.1527777777777778,-0.6805555555555556,-0.19444444444444445,-0.9305555555555556,-0.16666666666666666,-0.75,-0.1527777777777778,-0.625,0.08333333333333333,-0.625,0.041666666666666664,-0.8194444444444444,0.027777777777777776,-0.6805555555555556,0.027777777777777776,-0.5694444444444444
1,0.0,0.0,-0.2876712328767123,-0.136986301369863,-0.5342465753424658,-0.4794520547945205,-0.3561643835616438,-0.726027397260274,-0.0547945205479452,-0.6986301369863014,-0.6438356164383562,-0.6438356164383562,-0.7123287671232876,-0.9041095890410958,-0.5753424657534246,-0.6575342465753424,-0.547945205479452,-0.589041095890411,-0.4246575342465753,-0.726027397260274,-0.4794520547945205,-1.0,-0.3835616438356164,-0.6986301369863014,-0.3835616438356164,-0.6712328767123288,-0.1917808219178082,-0.7534246575342466,-0.2054794520547945,-0.958904109589041,-0.1643835616438356,-0.6986301369863014,-0.1780821917808219,-0.6575342465753424,0.0410958904109589,-0.726027397260274,0.0136986301369863,-0.863013698630137,0.0136986301369863,-0.6986301369863014,0.0273972602739726,-0.6438356164383562
1,0.0,0.0,-0.3382352941176471,-0.14705882352941177,-0.5735294117647058,-0.4852941176470588,-0.39705882352941174,-0.7352941176470589,-0.07352941176470588,-0.7058823529411765,-0.6617647058823529,-0.6470588235294118,-0.75,-0.9264705882352942,-0.6323529411764706,-0.6617647058823529,-0.5735294117647058,-0.5735294117647058,-0.4411764705882353,-0.7352941176470589,-0.4852941176470588,-1.0,-0.39705882352941174,-0.6911764705882353,-0.39705882352941174,-0.6323529411764706,-0.19117647058823528,-0.7647058823529411,-0.19117647058823528,-0.9705882352941176,-0.17647058823529413,-0.7058823529411765,-0.19117647058823528,-0.6470588235294118,0.04411764705882353,-0.75,0.029411764705882353,-0.8970588235294118,0.014705882352941176,-0.7058823529411765,0.0,-0.6176470588235294
1,0.0,0.0,-0.32857142857142857,-0.15714285714285714,-0.5428571428571428,-0.44285714285714284,-0.42857142857142855,-0.6714285714285714,-0.14285714285714285,-0.7142857142857143,-0.6,-0.6571428571428571,-0.7142857142857143,-0.9142857142857143,-0.6,-0.6714285714285714,-0.5428571428571428,-0.5714285714285714,-0.38571428571428573,-0.7285714285714285,-0.4714285714285714,-1.0,-0.38571428571428573,-0.7,-0.34285714285714286,-0.6428571428571429,-0.14285714285714285,-0.7428571428571429,-0.2,-0.9857142857142858,-0.15714285714285714,-0.7142857142857143,-0.12857142857142856,-0.6428571428571429,0.1,-0.7142857142857143,0.04285714285714286,-0.9,0.02857142857142857,-0.7285714285714285,0.05714285714285714,-0.6428571428571429
1,0.0,0.0,-0.323943661971831,-0.15492957746478872,-0.5352112676056338,-0.4647887323943662,-0.352112676056338,-0.6901408450704225,-0.056338028169014086,-0.704225352112676,-0.5915492957746479,-0.6619718309859155,-0.6901408450704225,-0.9154929577464789,-0.5774647887323944,-0.6619718309859155,-0.5070422535211268,-0.5774647887323944,-0.38028169014084506,-0.7323943661971831,-0.4507042253521127,-1.0,-0.36619718309859156,-0.704225352112676,-0.323943661971831,-0.6338028169014085,-0.14084507042253522,-0.7605633802816901,-0.18309859154929578,-0.9859154929577465,-0.14084507042253522,-0.704225352112676,-0.11267605633802817,-0.647887323943662,0.09859154929577464,-0.7464788732394366,0.04225352112676056,-0.9014084507042254,0.04225352112676056,-0.7323943661971831,0.07042253521126761,-0.6619718309859155
1,0.0,0.0,-0.34285714285714286,-0.15714285714285714,-0.5714285714285714,-0.45714285714285713,-0.4142857142857143,-0.6857142857142857,-0.12857142857142856,-0.7,-0.6,-0.6571428571428571,-0.7285714285714285,-0.9142857142857143,-0.6285714285714286,-0.6714285714285714,-0.5571428571428572,-0.5571428571428572,-0.38571428571428573,-0.7285714285714285,-0.4714285714285714,-1.0,-0.4,-0.7142857142857143,-0.34285714285714286,-0.6285714285714286,-0.15714285714285714,-0.7571428571428571,-0.21428571428571427,-0.9857142857142858,-0.2,-0.7285714285714285,-0.15714285714285714,-0.6428571428571429,0.08571428571428572,-0.7571428571428571,0.014285714285714285,-0.9285714285714286,0.0,-0.7714285714285715,0.02857142857142857,-0.7
1,0.0,0.0,-0.36231884057971014,-0.14492753623188406,-0.5942028985507246,-0.4492753623188406,-0.43478260869565216,-0.6956521739130435,-0.18840579710144928,-0.7101449275362319,-0.6086956521739131,-0.6521739130434783,-0.7536231884057971,-0.8985507246376812,-0.6521739130434783,-0.7101449275362319,-0.5797101449275363,-0.5797101449275363,-0.4057971014492754,-0.7246376811594203,-0.4927536231884058,-1.0,-0.391304347826087,-0.7536231884057971,-0.34782608695652173,-0.6231884057971014,-0.17391304347826086,-0.7681159420289855,-0.2318840579710145,-1.0,-0.17391304347826086,-0.7536231884057971,-0.14492753623188406,-0.6521739130434783,0.07246376811594203,-0.7536231884057971,0.014492753623188406,-0.9420289855072463,0.014492753623188406,-0.782608695652174,0.043478260869565216,-0.6811594202898551
1,0.0,0.0,-0.38028169014084506,-0.1267605633802817,-0.5633802816901409,-0.36619718309859156,-0.43661971830985913,-0.6197183098591549,-0.29577464788732394,-0.7605633802816901,-0.5492957746478874,-0.6619718309859155,-0.676056338028169,-0.9014084507042254,-0.704225352112676,-0.7183098591549296,-0.647887323943662,-0.5492957746478874,-0.36619718309859156,-0.7323943661971831,-0.4647887323943662,-0.9859154929577465,-0.49295774647887325,-0.7887323943661971,-0.4507042253521127,-0.6056338028169014,-0.15492957746478872,-0.7464788732394366,-0.22535211267605634,-1.0,-0.28169014084507044,-0.8169014084507042,-0.2676056338028169,-0.676056338028169,0.07042253521126761,-0.7323943661971831,0.0,-0.9577464788732394,-0.07042253521126761,-0.8591549295774648,-0.09859154929577464,-0.7464788732394366
1,0.0,0.0,-0.3968253968253968,-0.047619047619047616,-0.6984126984126984,-0.31746031746031744,-0.6031746031746031,-0.6031746031746031,-0.3968253968253968,-0.7619047619047619,-0.7301587301587301,-0.5873015873015873,-0.8888888888888888,-0.8253968253968254,-0.8095238095238095,-0.6031746031746031,-0.7142857142857143,-0.47619047619047616,-0.5238095238095238,-0.6984126984126984,-0.6666666666666666,-0.9523809523809523,-0.5555555555555556,-0.6984126984126984,-0.4603174603174603,-0.5714285714285714,-0.2698412698412698,-0.7619047619047619,-0.3968253968253968,-1.0,-0.31746031746031744,-0.746031746031746,-0.23809523809523808,-0.6349206349206349,0.0,-0.7936507936507936,-0.1111111111111111,-0.9682539682539683,-0.07936507936507936,-0.7777777777777778,-0.031746031746031744,-0.6825396825396826
1,0.0,0.0,-0.390625,-0.125,-0.625,-0.359375,-0.609375,-0.59375,-0.40625,-0.671875,-0.46875,-0.71875,-0.6875,-0.875,-0.640625,-0.65625,-0.515625,-0.53125,-0.3125,-0.796875,-0.546875,-0.984375,-0.46875,-0.703125,-0.3125,-0.59375,-0.125,-0.859375,-0.375,-1.0,-0.3125,-0.75,-0.15625,-0.65625,0.109375,-0.890625,-0.171875,-1.0,-0.140625,-0.796875,-0.015625,-0.71875
1,0.0,0.0,-0.38235294117647056,-0.08823529411764706,-0.6323529411764706,-0.35294117647058826,-0.5294117647058824,-0.6176470588235294,-0.23529411764705882,-0.7058823529411765,-0.5441176470588235,-0.6176470588235294,-0.6764705882352942,-0.8088235294117647,-0.6911764705882353,-0.6029411764705882,-0.6176470588235294,-0.4852941176470588,-0.35294117647058826,-0.7205882352941176,-0.5,-0.9558823529411765,-0.4852941176470588,-0.7058823529411765,-0.38235294117647056,-0.5882352941176471,-0.14705882352941177,-0.7794117647058824,-0.2647058823529412,-1.0,-0.27941176470588236,-0.75,-0.19117647058823528,-0.6323529411764706,0.11764705882352941,-0.8088235294117647,-0.029411764705882353,-1.0,-0.08823529411764706,-0.8235294117647058,-0.029411764705882353,-0.7058823529411765
1,0.0,0.0,-0.38235294117647056,-0.11764705882352941,-0.6617647058823529,-0.36764705882352944,-0.5588235294117647,-0.6323529411764706,-0.2647058823529412,-0.7058823529411765,-0.5147058823529411,-0.7058823529411765,-0.6764705882352942,-0.8676470588235294,-0.6470588235294118,-0.6323529411764706,-0.5588235294117647,-0.5147058823529411,-0.3235294117647059,-0.7647058823529411,-0.4852941176470588,-0.9705882352941176,-0.45588235294117646,-0.7058823529411765,-0.3382352941176471,-0.6029411764705882,-0.11764705882352941,-0.8088235294117647,-0.2647058823529412,-1.0,-0.2647058823529412,-0.7205882352941176,-0.16176470588235295,-0.6176470588235294,0.1323529411764706,-0.8088235294117647,-0.04411764705882353,-0.9705882352941176,-0.07352941176470588,-0.7794117647058824,0.0,-0.6764705882352942
1,0.0,0.0,-0.3880597014925373,-0.08955223880597014,-0.6716417910447762,-0.3880597014925373,-0.5373134328358209,-0.6716417910447762,-0.23880597014925373,-0.7164179104477612,-0.746268656716418,-0.582089552238806,-0.8805970149253731,-0.835820895522388,-0.7611940298507462,-0.5970149253731343,-0.6865671641791045,-0.5074626865671642,-0.5223880597014925,-0.6865671641791045,-0.6268656716417911,-0.9701492537313433,-0.5074626865671642,-0.6865671641791045,-0.4626865671641791,-0.6119402985074627,-0.2537313432835821,-0.746268656716418,-0.34328358208955223,-1.0,-0.2537313432835821,-0.7164179104477612,-0.22388059701492538,-0.6417910447761194,0.014925373134328358,-0.7611940298507462,-0.05970149253731343,-0.9402985074626866,-0.04477611940298507,-0.746268656716418,-0.014925373134328358,-0.6567164179104478
1,0.0,0.0,-0.3620689655172414,-0.05172413793103448,-0.6206896551724138,-0.2413793103448276,-0.8275862068965517,-0.39655172413793105,-0.9137931034482759,-0.5,-0.29310344827586204,-0.9482758620689655,-0.7413793103448276,-0.896551724137931,-0.7413793103448276,-0.6379310344827587,-0.603448275862069,-0.5517241379310345,-0.2413793103448276,-1.0,-0.7241379310344828,-0.9310344827586207,-0.7241379310344828,-0.6724137931034483,-0.603448275862069,-0.5689655172413793,-0.2413793103448276,-1.0,-0.7068965517241379,-0.896551724137931,-0.7068965517241379,-0.6551724137931034,-0.5862068965517241,-0.5689655172413793,-0.2413793103448276,-0.9310344827586207,-0.6551724137931034,-0.8620689655172413,-0.6724137931034483,-0.6551724137931034,-0.5689655172413793,-0.5517241379310345
1,0.0,0.0,0.2786885245901639,-0.3442622950819672,0.29508196721311475,-0.639344262295082,0.11475409836065574,-0.7868852459016393,-0.09836065573770492,-0.7868852459016393,0.11475409836065574,-1.0,0.04918032786885246,-0.9180327868852459,0.08196721311475409,-0.7377049180327869,0.09836065573770492,-0.6229508196721312,-0.18032786885245902,-0.9836065573770492,-0.19672131147540983,-0.8524590163934426,-0.16393442622950818,-0.6885245901639344,-0.11475409836065574,-0.5737704918032787,-0.4426229508196721,-0.8524590163934426,-0.45901639344262296,-0.7377049180327869,-0.3770491803278688,-0.5901639344262295,-0.29508196721311475,-0.4918032786885246,-0.6557377049180327,-0.6885245901639344,-0.6721311475409836,-0.5901639344262295,-0.5901639344262295,-0.45901639344262296,-0.5081967213114754,-0.3770491803278688
1,0.0,0.0,0.28125,-0.328125,0.3125,-0.625,0.140625,-0.796875,-0.078125,-0.8125,0.21875,-1.0,0.109375,-0.9375,0.109375,-0.765625,0.140625,-0.65625,-0.078125,-1.0,-0.140625,-0.890625,-0.125,-0.734375,-0.078125,-0.625,-0.359375,-0.890625,-0.40625,-0.796875,-0.34375,-0.640625,-0.265625,-0.546875,-0.59375,-0.734375,-0.640625,-0.65625,-0.5625,-0.515625,-0.5,-0.4375
1,0.0,0.0,0.27692307692307694,-0.3230769230769231,0.3230769230769231,-0.6,0.16923076923076924,-0.7692307692307693,-0.046153846153846156,-0.7846153846153846,0.23076923076923078,-0.9846153846153847,0.06153846153846154,-0.9384615384615385,0.06153846153846154,-0.7692307692307693,0.1076923076923077,-0.6615384615384615,-0.06153846153846154,-1.0,-0.18461538461538463,-0.9230769230769231,-0.18461538461538463,-0.7692307692307693,-0.12307692307692308,-0.6461538461538462,-0.3384615384615385,-0.9076923076923077,-0.4307692307692308,-0.8461538461538461,-0.4,-0.6923076923076923,-0.3384615384615385,-0.5846153846153846,-0.5692307692307692,-0.7692307692307693,-0.6615384615384615,-0.7384615384615385,-0.6307692307692307,-0.5846153846153846,-0.5692307692307692,-0.47692307692307695
1,0.0,0.0,0.26865671641791045,-0.31343283582089554,0.31343283582089554,-0.5970149253731343,0.16417910447761194,-0.7910447761194029,-0.014925373134328358,-0.8507462686567164,0.19402985074626866,-1.0,0.1044776119402985,-0.9552238805970149,0.1044776119402985,-0.7761194029850746,0.13432835820895522,-0.6716417910447762,-0.07462686567164178,-1.0,-0.13432835820895522,-0.9104477611940298,-0.11940298507462686,-0.7611940298507462,-0.08955223880597014,-0.6567164179104478,-0.34328358208955223,-0.8955223880597015,-0.373134328358209,-0.8059701492537313,-0.34328358208955223,-0.6716417910447762,-0.2835820895522388,-0.5671641791044776,-0.5671641791044776,-0.7611940298507462,-0.5970149253731343,-0.7014925373134329,-0.5522388059701493,-0.5671641791044776,-0.5223880597014925,-0.47761194029850745
1,0.0,0.0,0.25,-0.3333333333333333,0.2638888888888889,-0.6666666666666666,0.08333333333333333,-0.8333333333333334,-0.1388888888888889,-0.8472222222222222,0.18055555555555555,-0.9861111111111112,-0.05555555555555555,-1.0,-0.05555555555555555,-0.8472222222222222,0.013888888888888888,-0.7361111111111112,-0.06944444444444445,-0.9722222222222222,-0.25,-0.9444444444444444,-0.25,-0.8055555555555556,-0.18055555555555555,-0.6944444444444444,-0.3194444444444444,-0.875,-0.4444444444444444,-0.8611111111111112,-0.4166666666666667,-0.7222222222222222,-0.3472222222222222,-0.6111111111111112,-0.5277777777777778,-0.75,-0.6111111111111112,-0.7361111111111112,-0.5694444444444444,-0.6111111111111112,-0.5,-0.5277777777777778
1,0.0,0.0,0.30158730158730157,-0.31746031746031744,0.3492063492063492,-0.6349206349206349,0.25396825396825395,-0.8253968253968254,0.09523809523809523,-0.873015873015873,0.15873015873015872,-1.0,0.06349206349206349,-1.0,0.06349206349206349,-0.8253968253968254,0.09523809523809523,-0.6984126984126984,-0.07936507936507936,-0.9841269841269841,-0.15873015873015872,-0.9365079365079365,-0.14285714285714285,-0.7777777777777778,-0.09523809523809523,-0.6349206349206349,-0.31746031746031744,-0.873015873015873,-0.36507936507936506,-0.8253968253968254,-0.3492063492063492,-0.6825396825396826,-0.2857142857142857,-0.5555555555555556,-0.5079365079365079,-0.7301587301587301,-0.5714285714285714,-0.7142857142857143,-0.5555555555555556,-0.5714285714285714,-0.5079365079365079,-0.4603174603174603
1,0.0,0.0,-0.32432432432432434,-0.14864864864864866,-0.527027027027027,-0.43243243243243246,-0.3783783783783784,-0.6621621621621622,-0.10810810810810811,-0.7027027027027027,-0.5945945945945946,-0.6351351351351351,-0.7027027027027027,-0.8783783783783784,-0.6081081081081081,-0.6621621621621622,-0.5405405405405406,-0.5540540540540541,-0.3783783783783784,-0.7162162162162162,-0.4864864864864865,-1.0,-0.3918918918918919,-0.7297297297297297,-0.33783783783783783,-0.6351351351351351,-0.14864864864864866,-0.7567567567567568,-0.21621621621621623,-1.0,-0.17567567567567569,-0.7432432432432432,-0.13513513513513514,-0.6351351351351351,0.0945945945945946,-0.7567567567567568,0.02702702702702703,-0.9594594594594594,0.013513513513513514,-0.7972972972972973,0.05405405405405406,-0.7027027027027027
1,0.0,0.0,-0.3380281690140845,-0.1267605633802817,-0.5633802816901409,-0.4225352112676056,-0.39436619718309857,-0.676056338028169,-0.09859154929577464,-0.704225352112676,-0.6338028169014085,-0.6338028169014085,-0.7464788732394366,-0.8873239436619719,-0.6338028169014085,-0.647887323943662,-0.5774647887323944,-0.5633802816901409,-0.4084507042253521,-0.7183098591549296,-0.5070422535211268,-1.0,-0.4084507042253521,-0.7183098591549296,-0.36619718309859156,-0.6338028169014085,-0.16901408450704225,-0.7605633802816901,-0.22535211267605634,-1.0,-0.16901408450704225,-0.7183098591549296,-0.14084507042253522,-0.6338028169014085,0.07042253521126761,-0.7605633802816901,0.014084507042253521,-0.9577464788732394,0.014084507042253521,-0.7746478873239436,0.04225352112676056,-0.6901408450704225
1,0.0,0.0,-0.35714285714285715,-0.14285714285714285,-0.5571428571428572,-0.4142857142857143,-0.38571428571428573,-0.6428571428571429,-0.11428571428571428,-0.6714285714285714,-0.6,-0.6428571428571429,-0.7142857142857143,-0.9,-0.6285714285714286,-0.6714285714285714,-0.5714285714285714,-0.5714285714285714,-0.38571428571428573,-0.7142857142857143,-0.4714285714285714,-1.0,-0.4,-0.7285714285714285,-0.35714285714285715,-0.6285714285714286,-0.14285714285714285,-0.7428571428571429,-0.2,-1.0,-0.17142857142857143,-0.7428571428571429,-0.12857142857142856,-0.6285714285714286,0.11428571428571428,-0.7285714285714285,0.05714285714285714,-0.9428571428571428,0.04285714285714286,-0.8,0.07142857142857142,-0.7
1,0.0,0.0,-0.32857142857142857,-0.14285714285714285,-0.5571428571428572,-0.4,-0.4142857142857143,-0.6428571428571429,-0.12857142857142856,-0.6857142857142857,-0.6,-0.6428571428571429,-0.7,-0.9142857142857143,-0.6,-0.6571428571428571,-0.5571428571428572,-0.5571428571428572,-0.37142857142857144,-0.7142857142857143,-0.45714285714285713,-1.0,-0.37142857142857144,-0.7,-0.32857142857142857,-0.6142857142857143,-0.12857142857142856,-0.7428571428571429,-0.18571428571428572,-1.0,-0.14285714285714285,-0.7142857142857143,-0.11428571428571428,-0.6285714285714286,0.11428571428571428,-0.7285714285714285,0.07142857142857142,-0.9428571428571428,0.05714285714285714,-0.7857142857142857,0.08571428571428572,-0.6857142857142857
1,0.0,0.0,-0.38028169014084506,-0.11267605633802817,-0.6619718309859155,-0.4225352112676056,-0.5070422535211268,-0.676056338028169,-0.19718309859154928,-0.6619718309859155,-0.6338028169014085,-0.6619718309859155,-0.7887323943661971,-0.8732394366197183,-0.6901408450704225,-0.6197183098591549,-0.6197183098591549,-0.5492957746478874,-0.4225352112676056,-0.7464788732394366,-0.5352112676056338,-0.9859154929577465,-0.4647887323943662,-0.676056338028169,-0.39436619718309857,-0.6197183098591549,-0.16901408450704225,-0.7746478873239436,-0.2535211267605634,-1.0,-0.22535211267605634,-0.6901408450704225,-0.16901408450704225,-0.6338028169014085,0.08450704225352113,-0.7746478873239436,-0.014084507042253521,-0.9577464788732394,-0.028169014084507043,-0.7605633802816901,0.014084507042253521,-0.6901408450704225
1,0.0,0.0,-0.36619718309859156,-0.1267605633802817,-0.647887323943662,-0.39436619718309857,-0.5211267605633803,-0.647887323943662,-0.22535211267605634,-0.676056338028169,-0.5915492957746479,-0.6901408450704225,-0.7464788732394366,-0.8732394366197183,-0.6901408450704225,-0.6338028169014085,-0.6056338028169014,-0.5492957746478874,-0.38028169014084506,-0.7746478873239436,-0.5211267605633803,-0.9859154929577465,-0.4788732394366197,-0.6901408450704225,-0.38028169014084506,-0.6197183098591549,-0.15492957746478872,-0.8028169014084507,-0.2676056338028169,-1.0,-0.2535211267605634,-0.7183098591549296,-0.18309859154929578,-0.6338028169014085,0.11267605633802817,-0.8028169014084507,-0.014084507042253521,-0.9577464788732394,-0.04225352112676056,-0.7746478873239436,0.014084507042253521,-0.676056338028169
1,0.0,0.0,-0.36619718309859156,-0.11267605633802817,-0.6619718309859155,-0.38028169014084506,-0.5352112676056338,-0.6338028169014085,-0.23943661971830985,-0.676056338028169,-0.5915492957746479,-0.6901408450704225,-0.7464788732394366,-0.8732394366197183,-0.6901408450704225,-0.6197183098591549,-0.6056338028169014,-0.5492957746478874,-0.38028169014084506,-0.7746478873239436,-0.5211267605633803,-0.9859154929577465,-0.4788732394366197,-0.676056338028169,-0.38028169014084506,-0.6056338028169014,-0.15492957746478872,-0.8028169014084507,-0.2676056338028169,-1.0,-0.2535211267605634,-0.6901408450704225,-0.18309859154929578,-0.6197183098591549,0.11267605633802817,-0.8028169014084507,-0.014084507042253521,-0.9436619718309859,-0.04225352112676056,-0.7323943661971831,0.014084507042253521,-0.647887323943662
1,0.0,0.0,-0.36231884057971014,-0.11594202898550725,-0.6666666666666666,-0.391304347826087,-0.5652173913043478,-0.6231884057971014,-0.2608695652173913,-0.6521739130434783,-0.5072463768115942,-0.782608695652174,-0.6811594202898551,-0.927536231884058,-0.6231884057971014,-0.6376811594202898,-0.5362318840579711,-0.5797101449275363,-0.2898550724637681,-0.8260869565217391,-0.463768115942029,-1.0,-0.43478260869565216,-0.6811594202898551,-0.3188405797101449,-0.6376811594202898,-0.057971014492753624,-0.8260869565217391,-0.2318840579710145,-0.9855072463768116,-0.21739130434782608,-0.6666666666666666,-0.13043478260869565,-0.6231884057971014,0.18840579710144928,-0.782608695652174,0.0,-0.8695652173913043,-0.028985507246376812,-0.6666666666666666,0.043478260869565216,-0.6231884057971014
1,0.0,0.0,-0.37681159420289856,-0.13043478260869565,-0.6086956521739131,-0.4057971014492754,-0.4927536231884058,-0.6231884057971014,-0.2463768115942029,-0.6956521739130435,-0.5362318840579711,-0.6666666666666666,-0.6811594202898551,-0.8985507246376812,-0.6956521739130435,-0.7681159420289855,-0.6376811594202898,-0.6086956521739131,-0.3188405797101449,-0.7246376811594203,-0.4492753623188406,-1.0,-0.4492753623188406,-0.8115942028985508,-0.37681159420289856,-0.6666666666666666,-0.08695652173913043,-0.7536231884057971,-0.18840579710144928,-0.9855072463768116,-0.2028985507246377,-0.7681159420289855,-0.14492753623188406,-0.6376811594202898,0.18840579710144928,-0.7246376811594203,0.07246376811594203,-0.8840579710144928,0.028985507246376812,-0.7246376811594203,0.07246376811594203,-0.6231884057971014
1,0.0,0.0,-0.37142857142857144,-0.14285714285714285,-0.6428571428571429,-0.4142857142857143,-0.5714285714285714,-0.6285714285714286,-0.3142857142857143,-0.6714285714285714,-0.42857142857142855,-0.8285714285714286,-0.6285714285714286,-0.9428571428571428,-0.5857142857142857,-0.6571428571428571,-0.4857142857142857,-0.6142857142857143,-0.22857142857142856,-0.8571428571428571,-0.45714285714285713,-1.0,-0.42857142857142855,-0.6857142857142857,-0.3142857142857143,-0.6571428571428571,-0.04285714285714286,-0.8428571428571429,-0.2571428571428571,-0.9714285714285714,-0.2571428571428571,-0.6571428571428571,-0.14285714285714285,-0.6142857142857143,0.18571428571428572,-0.8,-0.05714285714285714,-0.8857142857142857,-0.08571428571428572,-0.6714285714285714,0.014285714285714285,-0.6285714285714286
1,0.0,0.0,-0.34782608695652173,-0.14492753623188406,-0.6086956521739131,-0.4057971014492754,-0.5362318840579711,-0.6231884057971014,-0.2753623188405797,-0.6811594202898551,-0.391304347826087,-0.7971014492753623,-0.5942028985507246,-0.927536231884058,-0.5507246376811594,-0.6521739130434783,-0.43478260869565216,-0.5942028985507246,-0.18840579710144928,-0.8405797101449275,-0.42028985507246375,-1.0,-0.37681159420289856,-0.6811594202898551,-0.2463768115942029,-0.6376811594202898,0.014492753623188406,-0.8405797101449275,-0.2028985507246377,-1.0,-0.18840579710144928,-0.6811594202898551,-0.07246376811594203,-0.6231884057971014,0.2608695652173913,-0.8115942028985508,0.014492753623188406,-0.8985507246376812,-0.014492753623188406,-0.6811594202898551,0.08695652173913043,-0.6231884057971014
1,0.0,0.0,-0.4090909090909091,-0.12121212121212122,-0.6515151515151515,-0.4090909090909091,-0.4696969696969697,-0.6666666666666666,-0.18181818181818182,-0.696969696969697,-0.6212121212121212,-0.6515151515151515,-0.7424242424242424,-0.8787878787878788,-0.696969696969697,-0.6666666666666666,-0.6212121212121212,-0.5303030303030303,-0.3787878787878788,-0.7424242424242424,-0.45454545454545453,-1.0,-0.42424242424242425,-0.7424242424242424,-0.36363636363636365,-0.6060606060606061,-0.12121212121212122,-0.7727272727272727,-0.18181818181818182,-1.0,-0.18181818181818182,-0.7575757575757576,-0.15151515151515152,-0.6363636363636364,0.15151515151515152,-0.7424242424242424,0.09090909090909091,-0.9242424242424242,0.045454545454545456,-0.7575757575757576,0.06060606060606061,-0.6515151515151515
1,0.0,0.0,-0.2916666666666667,-0.1388888888888889,-0.4722222222222222,-0.4444444444444444,-0.3194444444444444,-0.7083333333333334,-0.09722222222222222,-0.8194444444444444,-0.6666666666666666,-0.6527777777777778,-0.6388888888888888,-0.9166666666666666,-0.5555555555555556,-0.7083333333333334,-0.5277777777777778,-0.5833333333333334,-0.4583333333333333,-0.7361111111111112,-0.4305555555555556,-1.0,-0.3611111111111111,-0.75,-0.3888888888888889,-0.6805555555555556,-0.2638888888888889,-0.7777777777777778,-0.18055555555555555,-0.9583333333333334,-0.16666666666666666,-0.7222222222222222,-0.2361111111111111,-0.6527777777777778,-0.06944444444444445,-0.7638888888888888,-0.013888888888888888,-0.875,-0.013888888888888888,-0.6944444444444444,-0.08333333333333333,-0.6111111111111112
1,0.0,0.0,-0.0875,-0.1375,-0.1625,-0.375,-0.1125,-0.6375,-0.0125,-0.8125,-0.6125,-0.575,-0.45,-0.875,-0.3125,-0.725,-0.3375,-0.5875,-0.5,-0.7,-0.3625,-0.975,-0.2125,-0.7875,-0.225,-0.65,-0.375,-0.775,-0.2625,-1.0,-0.1375,-0.8375,-0.1625,-0.7,-0.2375,-0.8,-0.1625,-0.975,-0.075,-0.8625,-0.1125,-0.75
1,0.0,0.0,-0.23684210526315788,-0.17105263157894737,-0.35526315789473684,-0.4868421052631579,-0.17105263157894737,-0.7368421052631579,0.02631578947368421,-0.8421052631578947,-0.5394736842105263,-0.6447368421052632,-0.4868421052631579,-0.9342105263157895,-0.40789473684210525,-0.7368421052631579,-0.4342105263157895,-0.618421052631579,-0.34210526315789475,-0.6973684210526315,-0.27631578947368424,-1.0,-0.2236842105263158,-0.7763157894736842,-0.2894736842105263,-0.6973684210526315,-0.14473684210526316,-0.7236842105263158,-0.06578947368421052,-0.9342105263157895,-0.02631578947368421,-0.7236842105263158,-0.13157894736842105,-0.6578947368421053,0.039473684210526314,-0.6973684210526315,0.09210526315789473,-0.8552631578947368,0.10526315789473684,-0.6973684210526315,0.02631578947368421,-0.6052631578947368
1,0.0,0.0,-0.28378378378378377,-0.14864864864864866,-0.4594594594594595,-0.4594594594594595,-0.24324324324324326,-0.6891891891891891,0.04054054054054054,-0.7297297297297297,-0.527027027027027,-0.6351351351351351,-0.5675675675675675,-0.9054054054054054,-0.4864864864864865,-0.6621621621621622,-0.4594594594594595,-0.5675675675675675,-0.3108108108108108,-0.7027027027027027,-0.32432432432432434,-1.0,-0.2702702702702703,-0.7027027027027027,-0.2702702702702703,-0.6621621621621622,-0.08108108108108109,-0.7162162162162162,-0.05405405405405406,-0.9459459459459459,-0.04054054054054054,-0.6756756756756757,-0.06756756756756757,-0.6216216216216216,0.12162162162162163,-0.6756756756756757,0.16216216216216217,-0.8378378378378378,0.13513513513513514,-0.6621621621621622,0.10810810810810811,-0.581081081081081
1,0.0,0.0,-0.29333333333333333,-0.17333333333333334,-0.4533333333333333,-0.49333333333333335,-0.24,-0.7066666666666667,0.02666666666666667,-0.72,-0.52,-0.6533333333333333,-0.56,-0.92,-0.48,-0.6666666666666666,-0.4533333333333333,-0.5733333333333334,-0.29333333333333333,-0.72,-0.32,-1.0,-0.28,-0.7066666666666667,-0.26666666666666666,-0.6533333333333333,-0.06666666666666667,-0.72,-0.06666666666666667,-0.96,-0.06666666666666667,-0.6933333333333334,-0.06666666666666667,-0.6266666666666667,0.14666666666666667,-0.6933333333333334,0.14666666666666667,-0.8533333333333334,0.12,-0.6666666666666666,0.10666666666666667,-0.5733333333333334
1,0.0,0.0,-0.32,-0.16,-0.48,-0.4533333333333333,-0.28,-0.68,0.0,-0.6933333333333334,-0.49333333333333335,-0.6533333333333333,-0.5866666666666667,-0.88,-0.52,-0.64,-0.4533333333333333,-0.5466666666666666,-0.28,-0.72,-0.3466666666666667,-1.0,-0.30666666666666664,-0.6933333333333334,-0.25333333333333335,-0.6266666666666667,-0.05333333333333334,-0.72,-0.09333333333333334,-0.96,-0.09333333333333334,-0.6933333333333334,-0.05333333333333334,-0.6266666666666667,0.18666666666666668,-0.68,0.14666666666666667,-0.84,0.10666666666666667,-0.6533333333333333,0.12,-0.5866666666666667
1,0.0,0.0,-0.38028169014084506,-0.14084507042253522,-0.6338028169014085,-0.4225352112676056,-0.4507042253521127,-0.6619718309859155,-0.14084507042253522,-0.676056338028169,-0.5915492957746479,-0.676056338028169,-0.704225352112676,-0.8873239436619719,-0.647887323943662,-0.6338028169014085,-0.5774647887323944,-0.5352112676056338,-0.36619718309859156,-0.7464788732394366,-0.4647887323943662,-1.0,-0.4225352112676056,-0.704225352112676,-0.3380281690140845,-0.6197183098591549,-0.1267605633802817,-0.7746478873239436,-0.19718309859154928,-1.0,-0.19718309859154928,-0.704225352112676,-0.15492957746478872,-0.6197183098591549,0.1267605633802817,-0.7464788732394366,0.04225352112676056,-0.9014084507042254,0.014084507042253521,-0.704225352112676,0.04225352112676056,-0.6197183098591549
1,0.0,0.0,-0.37681159420289856,-0.10144927536231885,-0.6521739130434783,-0.3333333333333333,-0.6086956521739131,-0.5652173913043478,-0.37681159420289856,-0.6231884057971014,-0.5217391304347826,-0.6956521739130435,-0.6521739130434783,-0.8985507246376812,-0.6376811594202898,-0.6811594202898551,-0.5652173913043478,-0.5507246376811594,-0.3188405797101449,-0.7681159420289855,-0.4927536231884058,-0.9710144927536232,-0.4782608695652174,-0.7391304347826086,-0.37681159420289856,-0.6086956521739131,-0.11594202898550725,-0.8115942028985508,-0.2898550724637681,-1.0,-0.30434782608695654,-0.782608695652174,-0.21739130434782608,-0.6376811594202898,0.13043478260869565,-0.8115942028985508,-0.043478260869565216,-0.9565217391304348,-0.08695652173913043,-0.8115942028985508,-0.028985507246376812,-0.7101449275362319
1,0.0,0.0,-0.36764705882352944,-0.16176470588235295,-0.6176470588235294,-0.38235294117647056,-0.6470588235294118,-0.5882352941176471,-0.45588235294117646,-0.6029411764705882,-0.4117647058823529,-0.7794117647058824,-0.5735294117647058,-0.9558823529411765,-0.5882352941176471,-0.7352941176470589,-0.5,-0.6029411764705882,-0.25,-0.8088235294117647,-0.45588235294117646,-1.0,-0.45588235294117646,-0.7352941176470589,-0.3382352941176471,-0.6323529411764706,-0.07352941176470588,-0.8382352941176471,-0.29411764705882354,-1.0,-0.3088235294117647,-0.7647058823529411,-0.20588235294117646,-0.6764705882352942,0.1323529411764706,-0.8382352941176471,-0.08823529411764706,-0.9558823529411765,-0.1323529411764706,-0.7941176470588235,-0.04411764705882353,-0.7205882352941176
1,0.0,0.0,-0.34328358208955223,-0.16417910447761194,-0.5522388059701493,-0.40298507462686567,-0.5970149253731343,-0.5970149253731343,-0.4626865671641791,-0.5671641791044776,-0.31343283582089554,-0.8507462686567164,-0.5223880597014925,-0.9701492537313433,-0.5223880597014925,-0.7164179104477612,-0.417910447761194,-0.6119402985074627,-0.1791044776119403,-0.8656716417910447,-0.417910447761194,-1.0,-0.417910447761194,-0.7164179104477612,-0.2835820895522388,-0.6268656716417911,-0.014925373134328358,-0.8805970149253731,-0.26865671641791045,-1.0,-0.2835820895522388,-0.746268656716418,-0.14925373134328357,-0.6716417910447762,0.1791044776119403,-0.8507462686567164,-0.05970149253731343,-0.9701492537313433,-0.1044776119402985,-0.7910447761194029,0.0,-0.7164179104477612
1,0.0,0.0,-0.3333333333333333,-0.10144927536231885,-0.6086956521739131,-0.3333333333333333,-0.5942028985507246,-0.5217391304347826,-0.37681159420289856,-0.5217391304347826,-0.463768115942029,-0.7536231884057971,-0.5942028985507246,-0.927536231884058,-0.5797101449275363,-0.6956521739130435,-0.5072463768115942,-0.5652173913043478,-0.2608695652173913,-0.7971014492753623,-0.42028985507246375,-1.0,-0.42028985507246375,-0.7391304347826086,-0.3333333333333333,-0.5942028985507246,-0.043478260869565216,-0.8115942028985508,-0.2028985507246377,-1.0,-0.2028985507246377,-0.7536231884057971,-0.14492753623188406,-0.6376811594202898,0.2028985507246377,-0.7681159420289855,0.043478260869565216,-0.9565217391304348,0.0,-0.7971014492753623,0.057971014492753624,-0.6956521739130435
1,0.0,0.0,-0.3125,-0.075,-0.6125,-0.2375,-0.6375,-0.4375,-0.4375,-0.5,-0.525,-0.7,-0.65,-0.85,-0.575,-0.6,-0.5,-0.5375,-0.3125,-0.7625,-0.45,-0.925,-0.4,-0.6375,-0.3375,-0.6,-0.1,-0.7875,-0.2125,-0.9875,-0.2,-0.725,-0.1375,-0.6625,0.1375,-0.7875,0.05,-1.0,0.0125,-0.85,0.0375,-0.775
1,0.0,0.0,-0.3048780487804878,-0.036585365853658534,-0.6341463414634146,-0.2073170731707317,-0.6585365853658537,-0.4268292682926829,-0.4268292682926829,-0.4878048780487805,-0.5609756097560976,-0.6951219512195121,-0.6707317073170732,-0.8536585365853658,-0.5853658536585366,-0.5853658536585366,-0.5365853658536586,-0.5365853658536586,-0.35365853658536583,-0.7560975609756098,-0.45121951219512196,-0.9390243902439024,-0.3902439024390244,-0.6097560975609756,-0.32926829268292684,-0.5975609756097561,-0.13414634146341464,-0.8048780487804879,-0.21951219512195122,-0.9878048780487805,-0.18292682926829268,-0.6829268292682927,-0.12195121951219512,-0.6463414634146342,0.10975609756097561,-0.8048780487804879,0.024390243902439025,-1.0,0.012195121951219513,-0.7926829268292683,0.06097560975609756,-0.7317073170731707
1,0.0,0.0,-0.3218390804597701,-0.04597701149425287,-0.632183908045977,-0.20689655172413793,-0.6666666666666666,-0.41379310344827586,-0.4482758620689655,-0.4827586206896552,-0.5402298850574713,-0.6436781609195402,-0.6551724137931034,-0.8620689655172413,-0.6091954022988506,-0.6551724137931034,-0.5517241379310345,-0.5402298850574713,-0.3333333333333333,-0.7241379310344828,-0.4482758620689655,-0.9425287356321839,-0.40229885057471265,-0.6896551724137931,-0.3448275862068966,-0.6091954022988506,-0.12643678160919541,-0.7701149425287356,-0.20689655172413793,-1.0,-0.19540229885057472,-0.7586206896551724,-0.14942528735632185,-0.6666666666666666,0.10344827586206896,-0.7816091954022989,0.034482758620689655,-0.9885057471264368,0.011494252873563218,-0.8390804597701149,0.034482758620689655,-0.7471264367816092
1,0.0,0.0,-0.32978723404255317,-0.06382978723404255,-0.6170212765957447,-0.24468085106382978,-0.5957446808510638,-0.4574468085106383,-0.3723404255319149,-0.5106382978723404,-0.5212765957446809,-0.648936170212766,-0.6276595744680851,-0.8936170212765957,-0.5425531914893617,-0.648936170212766,-0.48936170212765956,-0.5106382978723404,-0.3191489361702128,-0.723404255319149,-0.40425531914893614,-0.9574468085106383,-0.32978723404255317,-0.6808510638297872,-0.30851063829787234,-0.574468085106383,-0.11702127659574468,-0.7446808510638298,-0.1702127659574468,-1.0,-0.1276595744680851,-0.7340425531914894,-0.11702127659574468,-0.6063829787234043,0.10638297872340426,-0.7340425531914894,0.06382978723404255,-0.9574468085106383,0.05319148936170213,-0.7978723404255319,0.0425531914893617,-0.6808510638297872
1,0.0,0.0,-0.32989690721649484,-0.061855670103092786,-0.6288659793814433,-0.25773195876288657,-0.5979381443298969,-0.4639175257731959,-0.3917525773195876,-0.5463917525773195,-0.5360824742268041,-0.6597938144329897,-0.6288659793814433,-0.8969072164948454,-0.5567010309278351,-0.6804123711340206,-0.5051546391752577,-0.5360824742268041,-0.32989690721649484,-0.7319587628865979,-0.4020618556701031,-0.979381443298969,-0.32989690721649484,-0.7010309278350515,-0.30927835051546393,-0.5876288659793815,-0.1134020618556701,-0.7525773195876289,-0.15463917525773196,-1.0,-0.12371134020618557,-0.7422680412371134,-0.1134020618556701,-0.6185567010309279,0.10309278350515463,-0.7319587628865979,0.07216494845360824,-0.9587628865979382,0.061855670103092786,-0.7938144329896907,0.05154639175257732,-0.6907216494845361
1,0.0,0.0,-0.33663366336633666,-0.0594059405940594,-0.6336633663366337,-0.25742574257425743,-0.5841584158415841,-0.4752475247524752,-0.32673267326732675,-0.5346534653465347,-0.5643564356435643,-0.6732673267326733,-0.6534653465346535,-0.9207920792079208,-0.5742574257425742,-0.6732673267326733,-0.5247524752475248,-0.5445544554455446,-0.3465346534653465,-0.7425742574257426,-0.4158415841584158,-1.0,-0.3465346534653465,-0.693069306930693,-0.32673267326732675,-0.594059405940594,-0.12871287128712872,-0.7623762376237624,-0.16831683168316833,-1.0,-0.12871287128712872,-0.7227722772277227,-0.1188118811881188,-0.6039603960396039,0.09900990099009901,-0.7326732673267327,0.04950495049504951,-0.9603960396039604,0.04950495049504951,-0.7821782178217822,0.04950495049504951,-0.6831683168316832
1,0.0,0.0,-0.35294117647058826,-0.08823529411764706,-0.6274509803921569,-0.28431372549019607,-0.6078431372549019,-0.49019607843137253,-0.45098039215686275,-0.6176470588235294,-0.5196078431372549,-0.6666666666666666,-0.6176470588235294,-0.9313725490196079,-0.5784313725490197,-0.7450980392156863,-0.5392156862745098,-0.5980392156862745,-0.30392156862745096,-0.7254901960784313,-0.37254901960784315,-1.0,-0.3333333333333333,-0.7352941176470589,-0.3137254901960784,-0.6078431372549019,-0.08823529411764706,-0.7352941176470589,-0.13725490196078433,-1.0,-0.12745098039215685,-0.7450980392156863,-0.10784313725490197,-0.6078431372549019,0.13725490196078433,-0.696078431372549,0.08823529411764706,-0.9313725490196079,0.058823529411764705,-0.7647058823529411,0.049019607843137254,-0.6372549019607843
1,0.0,0.0,-0.3486238532110092,-0.07339449541284404,-0.6330275229357798,-0.24770642201834864,-0.5963302752293578,-0.44954128440366975,-0.42201834862385323,-0.5688073394495413,-0.5688073394495413,-0.6605504587155964,-0.6330275229357798,-0.908256880733945,-0.5871559633027523,-0.6880733944954128,-0.5596330275229358,-0.5596330275229358,-0.3486238532110092,-0.7247706422018348,-0.4036697247706422,-0.981651376146789,-0.3577981651376147,-0.7064220183486238,-0.3394495412844037,-0.5963302752293578,-0.12844036697247707,-0.7431192660550459,-0.1651376146788991,-1.0,-0.12844036697247707,-0.7247706422018348,-0.12844036697247707,-0.5963302752293578,0.09174311926605505,-0.7064220183486238,0.06422018348623854,-0.926605504587156,0.05504587155963303,-0.7522935779816514,0.045871559633027525,-0.6330275229357798
1,0.0,0.0,-0.35185185185185186,-0.07407407407407407,-0.6296296296296297,-0.2777777777777778,-0.5648148148148148,-0.49074074074074076,-0.37037037037037035,-0.5555555555555556,-0.5462962962962963,-0.6574074074074074,-0.5833333333333334,-0.9074074074074074,-0.5185185185185185,-0.7129629629629629,-0.5,-0.5740740740740741,-0.3148148148148148,-0.7222222222222222,-0.3611111111111111,-0.9814814814814815,-0.28703703703703703,-0.7314814814814815,-0.28703703703703703,-0.6018518518518519,-0.09259259259259259,-0.75,-0.12037037037037036,-1.0,-0.07407407407407407,-0.7592592592592593,-0.07407407407407407,-0.6296296296296297,0.12962962962962962,-0.7222222222222222,0.1111111111111111,-0.9259259259259259,0.1111111111111111,-0.7777777777777778,0.09259259259259259,-0.6759259259259259
1,0.0,0.0,-0.35514018691588783,-0.07476635514018691,-0.6355140186915887,-0.2616822429906542,-0.5607476635514018,-0.48598130841121495,-0.32710280373831774,-0.5233644859813084,-0.5046728971962616,-0.6542056074766355,-0.5794392523364486,-0.8878504672897196,-0.5233644859813084,-0.6728971962616822,-0.4766355140186916,-0.514018691588785,-0.2897196261682243,-0.7102803738317757,-0.3644859813084112,-0.9906542056074766,-0.3177570093457944,-0.7102803738317757,-0.2616822429906542,-0.5514018691588785,-0.07476635514018691,-0.7289719626168224,-0.12149532710280374,-1.0,-0.11214953271028037,-0.7476635514018691,-0.08411214953271028,-0.5700934579439252,0.14953271028037382,-0.6915887850467289,0.12149532710280374,-0.9345794392523364,0.08411214953271028,-0.7850467289719626,0.07476635514018691,-0.6448598130841121
1,0.0,0.0,-0.35964912280701755,-0.07894736842105263,-0.631578947368421,-0.2543859649122807,-0.6052631578947368,-0.47368421052631576,-0.4298245614035088,-0.5701754385964912,-0.5263157894736842,-0.6403508771929824,-0.5789473684210527,-0.8947368421052632,-0.543859649122807,-0.7192982456140351,-0.5175438596491229,-0.5614035087719298,-0.30701754385964913,-0.7105263157894737,-0.35964912280701755,-0.9736842105263158,-0.30701754385964913,-0.7017543859649122,-0.2894736842105263,-0.5526315789473685,-0.08771929824561403,-0.7368421052631579,-0.12280701754385964,-1.0,-0.10526315789473684,-0.7456140350877193,-0.09649122807017543,-0.5877192982456141,0.13157894736842105,-0.7105263157894737,0.11403508771929824,-0.9298245614035088,0.09649122807017543,-0.7719298245614035,0.07017543859649122,-0.6578947368421053
1,0.0,0.0,-0.3418803418803419,-0.05128205128205128,-0.6239316239316239,-0.24786324786324787,-0.6068376068376068,-0.452991452991453,-0.4358974358974359,-0.5641025641025641,-0.5213675213675214,-0.6837606837606838,-0.6068376068376068,-0.8974358974358975,-0.5384615384615384,-0.6410256410256411,-0.48717948717948717,-0.5042735042735043,-0.3076923076923077,-0.7435897435897436,-0.38461538461538464,-0.9743589743589743,-0.3418803418803419,-0.6752136752136753,-0.3162393162393162,-0.5726495726495726,-0.08547008547008547,-0.7606837606837606,-0.13675213675213677,-1.0,-0.11965811965811966,-0.7264957264957265,-0.10256410256410256,-0.6239316239316239,0.13675213675213677,-0.7350427350427351,0.10256410256410256,-0.9401709401709402,0.07692307692307693,-0.7692307692307693,0.07692307692307693,-0.6752136752136753
1,0.0,0.0,-0.3090909090909091,-0.045454545454545456,-0.5909090909090909,-0.22727272727272727,-0.6454545454545455,-0.44545454545454544,-0.5454545454545454,-0.6090909090909091,-0.509090909090909,-0.6909090909090909,-0.5909090909090909,-0.9090909090909091,-0.5363636363636364,-0.6545454545454545,-0.4727272727272727,-0.5181818181818182,-0.2909090909090909,-0.7545454545454545,-0.35454545454545455,-0.9818181818181818,-0.32727272727272727,-0.7,-0.2909090909090909,-0.6181818181818182,-0.06363636363636363,-0.7727272727272727,-0.10909090909090909,-1.0,-0.1,-0.7454545454545455,-0.07272727272727272,-0.6818181818181818,0.16363636363636364,-0.7545454545454545,0.12727272727272726,-0.9545454545454546,0.10909090909090909,-0.7818181818181819,0.11818181818181818,-0.7
1,0.0,0.0,-0.3148148148148148,-0.06481481481481481,-0.6111111111111112,-0.26851851851851855,-0.5925925925925926,-0.4722222222222222,-0.35185185185185186,-0.48148148148148145,-0.5277777777777778,-0.7037037037037037,-0.6018518518518519,-0.9351851851851852,-0.5185185185185185,-0.6759259259259259,-0.48148148148148145,-0.5648148148148148,-0.3055555555555556,-0.75,-0.3611111111111111,-0.9629629629629629,-0.3148148148148148,-0.6666666666666666,-0.3148148148148148,-0.5925925925925926,-0.08333333333333333,-0.7685185185185185,-0.10185185185185185,-1.0,-0.08333333333333333,-0.7314814814814815,-0.09259259259259259,-0.6388888888888888,0.14814814814814814,-0.7314814814814815,0.12962962962962962,-0.9537037037037037,0.1111111111111111,-0.7870370370370371,0.1111111111111111,-0.7037037037037037
1,0.0,0.0,-0.30392156862745096,-0.09803921568627451,-0.5980392156862745,-0.29411764705882354,-0.6176470588235294,-0.5098039215686274,-0.39215686274509803,-0.5294117647058824,-0.47058823529411764,-0.7156862745098039,-0.5686274509803921,-0.9411764705882353,-0.5098039215686274,-0.6764705882352942,-0.46078431372549017,-0.5784313725490197,-0.2647058823529412,-0.7549019607843137,-0.3431372549019608,-0.9607843137254902,-0.30392156862745096,-0.6666666666666666,-0.28431372549019607,-0.5980392156862745,-0.049019607843137254,-0.7549019607843137,-0.09803921568627451,-1.0,-0.09803921568627451,-0.7156862745098039,-0.0784313725490196,-0.6274509803921569,0.16666666666666666,-0.7156862745098039,0.12745098039215685,-0.9313725490196079,0.09803921568627451,-0.7647058823529411,0.10784313725490197,-0.6862745098039216
1,0.0,0.0,-0.3655913978494624,-0.11827956989247312,-0.6559139784946236,-0.3333333333333333,-0.6236559139784946,-0.5483870967741935,-0.3978494623655914,-0.5698924731182796,-0.5053763440860215,-0.7311827956989247,-0.6021505376344086,-0.978494623655914,-0.5483870967741935,-0.7311827956989247,-0.4946236559139785,-0.6344086021505376,-0.2903225806451613,-0.7741935483870968,-0.3763440860215054,-1.0,-0.34408602150537637,-0.7311827956989247,-0.3118279569892473,-0.6666666666666666,-0.07526881720430108,-0.7741935483870968,-0.13978494623655913,-1.0,-0.13978494623655913,-0.7634408602150538,-0.10752688172043011,-0.6881720430107527,0.13978494623655913,-0.7526881720430108,0.07526881720430108,-0.956989247311828,0.06451612903225806,-0.7956989247311828,0.07526881720430108,-0.7096774193548387
1,0.0,0.0,-0.34065934065934067,-0.12087912087912088,-0.6373626373626373,-0.3626373626373626,-0.6153846153846154,-0.5824175824175825,-0.3626373626373626,-0.5824175824175825,-0.4945054945054945,-0.7472527472527473,-0.5384615384615384,-1.0,-0.4835164835164835,-0.7362637362637363,-0.46153846153846156,-0.6263736263736264,-0.27472527472527475,-0.7802197802197802,-0.31868131868131866,-1.0,-0.27472527472527475,-0.7142857142857143,-0.2857142857142857,-0.6483516483516484,-0.06593406593406594,-0.7802197802197802,-0.08791208791208792,-1.0,-0.07692307692307693,-0.7362637362637363,-0.07692307692307693,-0.6703296703296703,0.15384615384615385,-0.7472527472527473,0.10989010989010989,-0.9230769230769231,0.10989010989010989,-0.7582417582417582,0.10989010989010989,-0.6923076923076923
1,0.0,0.0,-0.34831460674157305,-0.1348314606741573,-0.6179775280898876,-0.3707865168539326,-0.550561797752809,-0.5842696629213483,-0.3146067415730337,-0.5955056179775281,-0.48314606741573035,-0.7303370786516854,-0.5056179775280899,-0.9775280898876404,-0.449438202247191,-0.7640449438202247,-0.4157303370786517,-0.6292134831460674,-0.25842696629213485,-0.7752808988764045,-0.25842696629213485,-1.0,-0.2247191011235955,-0.7640449438202247,-0.23595505617977527,-0.6404494382022472,-0.056179775280898875,-0.7752808988764045,-0.033707865168539325,-0.9887640449438202,-0.02247191011235955,-0.7752808988764045,-0.056179775280898875,-0.6629213483146067,0.14606741573033707,-0.7303370786516854,0.15730337078651685,-0.898876404494382,0.14606741573033707,-0.7528089887640449,0.11235955056179775,-0.6629213483146067
1,0.0,0.0,-0.3146067415730337,-0.14606741573033707,-0.5842696629213483,-0.3595505617977528,-0.5617977528089888,-0.5730337078651685,-0.3258426966292135,-0.6404494382022472,-0.42696629213483145,-0.7528089887640449,-0.42696629213483145,-0.9887640449438202,-0.38202247191011235,-0.7528089887640449,-0.39325842696629215,-0.6404494382022472,-0.20224719101123595,-0.7752808988764045,-0.1797752808988764,-1.0,-0.16853932584269662,-0.7191011235955056,-0.20224719101123595,-0.6404494382022472,0.011235955056179775,-0.7528089887640449,0.0449438202247191,-0.9775280898876404,0.0449438202247191,-0.7191011235955056,0.011235955056179775,-0.6179775280898876,0.21348314606741572,-0.6853932584269663,0.2247191011235955,-0.8764044943820225,0.20224719101123595,-0.6966292134831461,0.1797752808988764,-0.6067415730337079
1,0.0,0.0,-0.32558139534883723,-0.1511627906976744,-0.5930232558139535,-0.36046511627906974,-0.5697674418604651,-0.5930232558139535,-0.3372093023255814,-0.6744186046511628,-0.43023255813953487,-0.7209302325581395,-0.4418604651162791,-0.9534883720930233,-0.4069767441860465,-0.7325581395348837,-0.4069767441860465,-0.6162790697674418,-0.20930232558139536,-0.7558139534883721,-0.20930232558139536,-1.0,-0.18604651162790697,-0.7441860465116279,-0.18604651162790697,-0.6395348837209303,0.011627906976744186,-0.7441860465116279,0.023255813953488372,-0.9883720930232558,0.023255813953488372,-0.7325581395348837,0.011627906976744186,-0.6395348837209303,0.23255813953488372,-0.686046511627907,0.20930232558139536,-0.8837209302325582,0.19767441860465115,-0.7209302325581395,0.18604651162790697,-0.627906976744186
1,0.0,0.0,-0.3409090909090909,-0.14772727272727273,-0.625,-0.3409090909090909,-0.625,-0.5568181818181818,-0.42045454545454547,-0.6477272727272727,-0.4659090909090909,-0.7272727272727273,-0.48863636363636365,-0.9772727272727273,-0.4431818181818182,-0.7386363636363636,-0.4431818181818182,-0.6363636363636364,-0.23863636363636365,-0.7613636363636364,-0.25,-0.9886363636363636,-0.2159090909090909,-0.7272727272727273,-0.25,-0.6590909090909091,-0.022727272727272728,-0.7613636363636364,-0.011363636363636364,-1.0,0.0,-0.75,-0.022727272727272728,-0.6590909090909091,0.19318181818181818,-0.7045454545454546,0.19318181818181818,-0.8977272727272727,0.18181818181818182,-0.7272727272727273,0.14772727272727273,-0.6363636363636364
1,0.0,0.0,-0.35294117647058826,-0.09411764705882353,-0.6470588235294118,-0.3058823529411765,-0.611764705882353,-0.5294117647058824,-0.38823529411764707,-0.6352941176470588,-0.49411764705882355,-0.6941176470588235,-0.4823529411764706,-0.9294117647058824,-0.4588235294117647,-0.7058823529411765,-0.4588235294117647,-0.5647058823529412,-0.23529411764705882,-0.7411764705882353,-0.23529411764705882,-1.0,-0.2,-0.7294117647058823,-0.2,-0.5882352941176471,0.0,-0.7529411764705882,0.011764705882352941,-0.9529411764705882,0.023529411764705882,-0.6941176470588235,0.011764705882352941,-0.5764705882352941,0.23529411764705882,-0.7058823529411765,0.23529411764705882,-0.8941176470588236,0.21176470588235294,-0.6941176470588235,0.18823529411764706,-0.5647058823529412
1,0.0,0.0,-0.37777777777777777,-0.12222222222222222,-0.6666666666666666,-0.36666666666666664,-0.6,-0.5888888888888889,-0.36666666666666664,-0.6222222222222222,-0.5,-0.7111111111111111,-0.5222222222222223,-0.9777777777777777,-0.5,-0.7666666666666667,-0.4777777777777778,-0.6222222222222222,-0.2777777777777778,-0.7333333333333333,-0.3,-1.0,-0.28888888888888886,-0.7666666666666667,-0.28888888888888886,-0.6555555555555556,-0.07777777777777778,-0.7333333333333333,-0.1,-0.9777777777777777,-0.08888888888888889,-0.7444444444444445,-0.1,-0.6333333333333333,0.13333333333333333,-0.6888888888888889,0.08888888888888889,-0.9,0.07777777777777778,-0.7333333333333333,0.06666666666666667,-0.6222222222222222
1,0.0,0.0,-0.3707865168539326,-0.0898876404494382,-0.6629213483146067,-0.3146067415730337,-0.5955056179775281,-0.550561797752809,-0.3595505617977528,-0.5730337078651685,-0.5280898876404494,-0.6966292134831461,-0.5280898876404494,-0.9662921348314607,-0.47191011235955055,-0.7528089887640449,-0.4606741573033708,-0.6179775280898876,-0.30337078651685395,-0.7415730337078652,-0.29213483146067415,-1.0,-0.25842696629213485,-0.7415730337078652,-0.2808988764044944,-0.6292134831460674,-0.0898876404494382,-0.7528089887640449,-0.06741573033707865,-0.9887640449438202,-0.06741573033707865,-0.7528089887640449,-0.0898876404494382,-0.6404494382022472,0.12359550561797752,-0.7191011235955056,0.1348314606741573,-0.9325842696629213,0.12359550561797752,-0.7752808988764045,0.0898876404494382,-0.6629213483146067
1,0.0,0.0,-0.375,-0.07954545454545454,-0.6704545454545454,-0.29545454545454547,-0.6022727272727273,-0.5227272727272727,-0.3522727272727273,-0.5568181818181818,-0.5568181818181818,-0.6818181818181818,-0.6022727272727273,-0.9431818181818182,-0.5568181818181818,-0.7159090909090909,-0.5340909090909091,-0.5909090909090909,-0.3181818181818182,-0.7386363636363636,-0.36363636363636365,-1.0,-0.32954545454545453,-0.7272727272727273,-0.32954545454545453,-0.625,-0.09090909090909091,-0.7613636363636364,-0.11363636363636363,-1.0,-0.10227272727272728,-0.75,-0.11363636363636363,-0.6363636363636364,0.13636363636363635,-0.7272727272727273,0.11363636363636363,-0.9431818181818182,0.11363636363636363,-0.7840909090909091,0.10227272727272728,-0.6931818181818182
1,0.0,0.0,-0.3404255319148936,-0.0851063829787234,-0.6276595744680851,-0.2978723404255319,-0.6063829787234043,-0.5319148936170213,-0.3723404255319149,-0.5531914893617021,-0.4787234042553192,-0.6914893617021277,-0.5425531914893617,-0.9468085106382979,-0.48936170212765956,-0.7021276595744681,-0.4574468085106383,-0.5638297872340425,-0.26595744680851063,-0.7446808510638298,-0.32978723404255317,-0.9893617021276596,-0.2872340425531915,-0.7021276595744681,-0.26595744680851063,-0.574468085106383,-0.05319148936170213,-0.7446808510638298,-0.0851063829787234,-1.0,-0.07446808510638298,-0.723404255319149,-0.06382978723404255,-0.5851063829787234,0.1702127659574468,-0.7021276595744681,0.14893617021276595,-0.9148936170212766,0.11702127659574468,-0.7446808510638298,0.11702127659574468,-0.6382978723404256
1,0.0,0.0,-0.3617021276595745,-0.07446808510638298,-0.648936170212766,-0.2765957446808511,-0.6170212765957447,-0.5,-0.3829787234042553,-0.5212765957446809,-0.5425531914893617,-0.6595744680851063,-0.6063829787234043,-0.9042553191489362,-0.5531914893617021,-0.6808510638297872,-0.5212765957446809,-0.5531914893617021,-0.32978723404255317,-0.723404255319149,-0.40425531914893614,-0.9680851063829787,-0.35106382978723405,-0.6914893617021277,-0.3191489361702128,-0.5851063829787234,-0.11702127659574468,-0.7446808510638298,-0.14893617021276595,-1.0,-0.13829787234042554,-0.7340425531914894,-0.10638297872340426,-0.6063829787234043,0.10638297872340426,-0.7127659574468085,0.09574468085106383,-0.9361702127659575,0.06382978723404255,-0.7872340425531915,0.06382978723404255,-0.6808510638297872
1,0.0,0.0,-0.3333333333333333,-0.07777777777777778,-0.6,-0.26666666666666666,-0.5888888888888889,-0.4666666666666667,-0.4666666666666667,-0.5777777777777777,-0.4888888888888889,-0.7,-0.5444444444444444,-0.9333333333333333,-0.5,-0.7,-0.4777777777777778,-0.5666666666666667,-0.26666666666666666,-0.7555555555555555,-0.3,-1.0,-0.2777777777777778,-0.7111111111111111,-0.26666666666666666,-0.6222222222222222,-0.03333333333333333,-0.7666666666666667,-0.05555555555555555,-1.0,-0.044444444444444446,-0.7444444444444445,-0.044444444444444446,-0.6666666666666666,0.18888888888888888,-0.7222222222222222,0.17777777777777778,-0.9111111111111111,0.15555555555555556,-0.7333333333333333,0.14444444444444443,-0.6555555555555556
1,0.0,0.0,-0.325,-0.0125,-0.625,-0.225,-0.675,-0.475,-0.5625,-0.65,-0.5875,-0.7,-0.6375,-0.9625,-0.5625,-0.75,-0.525,-0.575,-0.3375,-0.775,-0.3625,-1.0,-0.3,-0.7125,-0.3,-0.575,-0.075,-0.7875,-0.1,-1.0,-0.0625,-0.7375,-0.0625,-0.6125,0.1875,-0.7375,0.15,-0.8875,0.1625,-0.6875,0.15,-0.6
1,0.0,0.0,-0.34146341463414637,-0.04878048780487805,-0.6585365853658537,-0.25609756097560976,-0.6341463414634146,-0.47560975609756095,-0.4146341463414634,-0.5365853658536586,-0.5487804878048781,-0.7073170731707317,-0.5975609756097561,-0.9634146341463414,-0.524390243902439,-0.7317073170731707,-0.5121951219512195,-0.6097560975609756,-0.3048780487804878,-0.7560975609756098,-0.35365853658536583,-0.9878048780487805,-0.2804878048780488,-0.7073170731707317,-0.3048780487804878,-0.6219512195121951,-0.06097560975609756,-0.7560975609756098,-0.07317073170731707,-1.0,-0.04878048780487805,-0.7317073170731707,-0.06097560975609756,-0.6463414634146342,0.17073170731707318,-0.7073170731707317,0.15853658536585366,-0.9146341463414634,0.17073170731707318,-0.7439024390243902,0.14634146341463414,-0.6707317073170732
1,0.0,0.0,-0.3333333333333333,-0.08333333333333333,-0.6309523809523809,-0.2619047619047619,-0.6666666666666666,-0.47619047619047616,-0.5119047619047619,-0.5714285714285714,-0.4880952380952381,-0.7142857142857143,-0.5476190476190477,-0.9761904761904762,-0.5,-0.7380952380952381,-0.4880952380952381,-0.6071428571428571,-0.2619047619047619,-0.7619047619047619,-0.2976190476190476,-1.0,-0.27380952380952384,-0.7142857142857143,-0.27380952380952384,-0.6547619047619048,-0.023809523809523808,-0.7619047619047619,-0.03571428571428571,-1.0,-0.023809523809523808,-0.75,-0.03571428571428571,-0.6904761904761905,0.20238095238095238,-0.7142857142857143,0.19047619047619047,-0.9166666666666666,0.17857142857142858,-0.75,0.17857142857142858,-0.6785714285714286
1,0.0,0.0,-0.32941176470588235,-0.10588235294117647,-0.5882352941176471,-0.3058823529411765,-0.5882352941176471,-0.5058823529411764,-0.38823529411764707,-0.5882352941176471,-0.43529411764705883,-0.7411764705882353,-0.49411764705882355,-0.9647058823529412,-0.4823529411764706,-0.7294117647058823,-0.4588235294117647,-0.6,-0.21176470588235294,-0.7647058823529411,-0.25882352941176473,-1.0,-0.27058823529411763,-0.7411764705882353,-0.24705882352941178,-0.6470588235294118,0.011764705882352941,-0.7647058823529411,-0.011764705882352941,-0.9764705882352941,-0.03529411764705882,-0.7529411764705882,-0.023529411764705882,-0.6705882352941176,0.2235294117647059,-0.7058823529411765,0.21176470588235294,-0.9058823529411765,0.16470588235294117,-0.7647058823529411,0.16470588235294117,-0.6823529411764706
1,0.0,0.0,-0.28888888888888886,-0.06666666666666667,-0.5777777777777777,-0.32222222222222224,-0.5888888888888889,-0.5444444444444444,-0.35555555555555557,-0.5444444444444444,-0.4444444444444444,-0.7666666666666667,-0.4888888888888889,-0.9888888888888889,-0.4444444444444444,-0.7111111111111111,-0.43333333333333335,-0.6444444444444445,-0.23333333333333334,-0.7888888888888889,-0.25555555555555554,-0.9888888888888889,-0.25555555555555554,-0.6666666666666666,-0.25555555555555554,-0.6444444444444445,-0.011111111111111112,-0.7888888888888889,-0.011111111111111112,-1.0,-0.03333333333333333,-0.7111111111111111,-0.03333333333333333,-0.6777777777777778,0.2111111111111111,-0.7444444444444445,0.2111111111111111,-0.9333333333333333,0.17777777777777778,-0.7555555555555555,0.17777777777777778,-0.7
1,0.0,0.0,-0.32222222222222224,-0.1,-0.6111111111111112,-0.32222222222222224,-0.6222222222222222,-0.5444444444444444,-0.4,-0.5444444444444444,-0.4666666666666667,-0.7666666666666667,-0.5222222222222223,-0.9777777777777777,-0.4777777777777778,-0.7333333333333333,-0.4444444444444444,-0.6666666666666666,-0.24444444444444444,-0.8,-0.3,-0.9888888888888889,-0.2777777777777778,-0.7333333333333333,-0.26666666666666666,-0.6888888888888889,-0.03333333333333333,-0.8,-0.05555555555555555,-1.0,-0.06666666666666667,-0.7555555555555555,-0.05555555555555555,-0.7111111111111111,0.18888888888888888,-0.7666666666666667,0.16666666666666666,-0.9444444444444444,0.13333333333333333,-0.7888888888888889,0.14444444444444443,-0.7222222222222222
1,0.0,0.0,-0.3375,-0.0375,-0.6375,-0.2625,-0.675,-0.4875,-0.4375,-0.525,-0.45,-0.775,-0.5625,-0.9875,-0.5375,-0.7375,-0.4875,-0.6375,-0.2125,-0.8,-0.325,-1.0,-0.325,-0.7125,-0.2625,-0.65,0.025,-0.7875,-0.0625,-1.0,-0.0875,-0.7375,-0.0375,-0.6625,0.275,-0.7375,0.2,-0.9375,0.15,-0.775,0.175,-0.6875
1,0.0,0.0,-0.32,-0.05333333333333334,-0.64,-0.18666666666666668,-0.7866666666666666,-0.36,-0.6266666666666667,-0.48,-0.56,-0.7333333333333333,-0.6933333333333334,-0.9733333333333334,-0.64,-0.6666666666666666,-0.5866666666666667,-0.5866666666666667,-0.30666666666666664,-0.7866666666666666,-0.44,-0.9733333333333334,-0.41333333333333333,-0.6533333333333333,-0.37333333333333335,-0.6133333333333333,-0.06666666666666667,-0.8,-0.16,-1.0,-0.16,-0.6933333333333334,-0.12,-0.6533333333333333,0.21333333333333335,-0.7733333333333333,0.10666666666666667,-0.9466666666666667,0.08,-0.7466666666666667,0.10666666666666667,-0.68
1,0.0,0.0,-0.39344262295081966,0.0,-0.7049180327868853,0.0,-0.8360655737704918,-0.13114754098360656,-0.8524590163934426,-0.21311475409836064,-0.6885245901639344,-0.6721311475409836,-1.0,-0.7540983606557377,-0.8688524590163934,-0.4426229508196721,-0.7213114754098361,-0.4262295081967213,-0.4262295081967213,-0.7377049180327869,-0.7377049180327869,-0.8688524590163934,-0.6721311475409836,-0.4918032786885246,-0.5409836065573771,-0.47540983606557374,-0.16393442622950818,-0.7704918032786885,-0.45901639344262296,-0.9180327868852459,-0.4426229508196721,-0.5409836065573771,-0.3114754098360656,-0.5081967213114754,0.14754098360655737,-0.7704918032786885,-0.13114754098360656,-0.9508196721311475,-0.18032786885245902,-0.6721311475409836,-0.08196721311475409,-0.5901639344262295
1,0.0,0.0,0.13333333333333333,0.0,0.13333333333333333,-0.35555555555555557,0.06666666666666667,-0.6666666666666666,0.0,-0.8444444444444444,-0.08888888888888889,-0.8444444444444444,-0.28888888888888886,-1.0,-0.26666666666666666,-0.6,-0.2,-0.4666666666666667,-0.2,-0.8222222222222222,-0.35555555555555557,-0.9555555555555556,-0.3111111111111111,-0.4888888888888889,-0.2222222222222222,-0.4444444444444444,-0.26666666666666666,-0.7777777777777778,-0.4,-0.8888888888888888,-0.37777777777777777,-0.4666666666666667,-0.28888888888888886,-0.4222222222222222,-0.26666666666666666,-0.6666666666666666,-0.4222222222222222,-0.7333333333333333,-0.4222222222222222,-0.4444444444444444,-0.35555555555555557,-0.4
1,0.0,0.0,-0.38181818181818183,-0.01818181818181818,-0.7272727272727273,-0.16363636363636364,-0.9090909090909091,-0.2727272727272727,-1.0,-0.3090909090909091,-0.6363636363636364,-0.5454545454545454,-0.8363636363636363,-0.5818181818181818,-0.7636363636363637,-0.2545454545454545,-0.6545454545454545,-0.2545454545454545,-0.3090909090909091,-0.5636363636363636,-0.4727272727272727,-0.5818181818181818,-0.43636363636363634,-0.2545454545454545,-0.36363636363636365,-0.2545454545454545,0.01818181818181818,-0.5636363636363636,-0.09090909090909091,-0.6181818181818182,-0.07272727272727272,-0.2727272727272727,-0.01818181818181818,-0.2727272727272727,0.32727272727272727,-0.5272727272727272,0.2727272727272727,-0.5454545454545454,0.2545454545454545,-0.3090909090909091,0.3090909090909091,-0.3090909090909091
1,0.0,0.0,-0.30434782608695654,-0.06521739130434782,-0.6086956521739131,-0.30434782608695654,-0.6086956521739131,-0.5217391304347826,-0.391304347826087,-0.532608695652174,-0.45652173913043476,-0.782608695652174,-0.5,-0.9782608695652174,-0.4673913043478261,-0.7065217391304348,-0.44565217391304346,-0.6304347826086957,-0.22826086956521738,-0.8043478260869565,-0.2717391304347826,-0.9891304347826086,-0.2608695652173913,-0.6630434782608695,-0.25,-0.6413043478260869,0.010869565217391304,-0.7934782608695652,-0.010869565217391304,-1.0,-0.03260869565217391,-0.7065217391304348,-0.03260869565217391,-0.6521739130434783,0.2391304347826087,-0.75,0.2391304347826087,-0.9456521739130435,0.1956521739130435,-0.7608695652173914,0.18478260869565216,-0.7065217391304348
1,0.0,0.0,-0.3,-0.09,-0.59,-0.35,-0.58,-0.57,-0.36,-0.56,-0.42,-0.79,-0.49,-1.0,-0.44,-0.7,-0.41,-0.64,-0.21,-0.81,-0.26,-0.99,-0.25,-0.65,-0.24,-0.65,0.0,-0.79,-0.02,-0.99,-0.04,-0.69,-0.02,-0.66,0.21,-0.75,0.19,-0.93,0.15,-0.74,0.17,-0.7
1,0.0,0.0,-0.4,-0.1,-0.7444444444444445,-0.32222222222222224,-0.9,-0.5222222222222223,-0.8888888888888888,-0.6,-0.5555555555555556,-0.8111111111111111,-0.6555555555555556,-0.9888888888888889,-0.6333333333333333,-0.7222222222222222,-0.6,-0.6333333333333333,-0.36666666666666664,-0.8555555555555555,-0.45555555555555555,-1.0,-0.43333333333333335,-0.7222222222222222,-0.4111111111111111,-0.6777777777777778,-0.15555555555555556,-0.8777777777777778,-0.24444444444444444,-1.0,-0.24444444444444444,-0.7444444444444445,-0.2222222222222222,-0.7,0.05555555555555555,-0.8666666666666667,-0.011111111111111112,-0.9777777777777777,-0.03333333333333333,-0.7888888888888889,-0.03333333333333333,-0.7333333333333333
1,0.0,0.0,-0.45569620253164556,-0.012658227848101266,-0.7974683544303798,-0.26582278481012656,-0.9113924050632911,-0.5189873417721519,-0.9240506329113924,-0.6962025316455697,-0.7088607594936709,-0.6455696202531646,-0.8481012658227848,-0.8227848101265823,-0.7721518987341772,-0.6075949367088608,-0.7215189873417721,-0.5189873417721519,-0.5189873417721519,-0.7468354430379747,-0.6582278481012658,-0.9113924050632911,-0.6075949367088608,-0.6708860759493671,-0.5443037974683544,-0.5949367088607594,-0.31645569620253167,-0.8227848101265823,-0.45569620253164556,-0.9620253164556962,-0.4177215189873418,-0.7215189873417721,-0.35443037974683544,-0.6455696202531646,-0.0759493670886076,-0.8987341772151899,-0.22784810126582278,-1.0,-0.24050632911392406,-0.8227848101265823,-0.17721518987341772,-0.7341772151898734
1,0.0,0.0,-0.3333333333333333,0.0,-0.6419753086419753,-0.14814814814814814,-0.7283950617283951,-0.345679012345679,-0.6049382716049383,-0.4444444444444444,-0.5925925925925926,-0.6296296296296297,-0.7654320987654321,-0.8148148148148148,-0.7160493827160493,-0.5802469135802469,-0.6172839506172839,-0.48148148148148145,-0.4074074074074074,-0.7160493827160493,-0.5925925925925926,-0.9012345679012346,-0.5555555555555556,-0.6296296296296297,-0.4444444444444444,-0.5555555555555556,-0.20987654320987653,-0.7777777777777778,-0.3950617283950617,-0.9629629629629629,-0.3950617283950617,-0.7160493827160493,-0.2962962962962963,-0.6419753086419753,0.024691358024691357,-0.8148148148148148,-0.16049382716049382,-1.0,-0.19753086419753085,-0.8271604938271605,-0.13580246913580246,-0.7407407407407407
1,0.0,0.0,-0.3625,0.0125,-0.65,-0.1375,-0.725,-0.325,-0.6,-0.425,-0.575,-0.625,-0.775,-0.775,-0.7125,-0.5375,-0.6,-0.45,-0.4125,-0.7125,-0.625,-0.875,-0.5625,-0.6,-0.425,-0.55,-0.225,-0.7875,-0.4375,-0.9625,-0.4125,-0.7,-0.2875,-0.6375,0.0,-0.8375,-0.225,-1.0,-0.25,-0.825,-0.15,-0.7375
1,0.0,0.0,-0.3125,0.0,-0.575,-0.15,-0.6625,-0.325,-0.575,-0.4125,-0.5375,-0.6375,-0.725,-0.7625,-0.6375,-0.5125,-0.525,-0.4375,-0.3875,-0.7125,-0.6,-0.8375,-0.5125,-0.55,-0.375,-0.5125,-0.2,-0.8,-0.425,-0.925,-0.375,-0.6625,-0.25,-0.625,0.0125,-0.85,-0.2,-1.0,-0.2,-0.8125,-0.0875,-0.75
1,0.0,0.0,-0.2727272727272727,-0.012987012987012988,-0.5194805194805194,-0.16883116883116883,-0.5974025974025974,-0.33766233766233766,-0.4935064935064935,-0.4155844155844156,-0.45454545454545453,-0.6493506493506493,-0.6493506493506493,-0.7792207792207793,-0.5974025974025974,-0.5324675324675324,-0.4805194805194805,-0.42857142857142855,-0.3116883116883117,-0.7402597402597403,-0.5324675324675324,-0.8831168831168831,-0.4935064935064935,-0.5974025974025974,-0.35064935064935066,-0.4935064935064935,-0.11688311688311688,-0.8051948051948052,-0.35064935064935066,-0.948051948051948,-0.33766233766233766,-0.6883116883116883,-0.22077922077922077,-0.6103896103896104,0.1038961038961039,-0.8441558441558441,-0.09090909090909091,-1.0,-0.11688311688311688,-0.8181818181818182,-0.025974025974025976,-0.7272727272727273
1,0.0,0.0,-0.3472222222222222,0.0,-0.6388888888888888,-0.1527777777777778,-0.7361111111111112,-0.3333333333333333,-0.6944444444444444,-0.5,-0.5833333333333334,-0.6666666666666666,-0.7777777777777778,-0.7916666666666666,-0.7361111111111112,-0.5694444444444444,-0.625,-0.4305555555555556,-0.3888888888888889,-0.7638888888888888,-0.5972222222222222,-0.9027777777777778,-0.5694444444444444,-0.6388888888888888,-0.4444444444444444,-0.5,-0.1527777777777778,-0.8194444444444444,-0.3611111111111111,-0.9722222222222222,-0.3611111111111111,-0.7222222222222222,-0.25,-0.5833333333333334,0.1111111111111111,-0.8333333333333334,-0.06944444444444445,-1.0,-0.125,-0.8194444444444444,-0.05555555555555555,-0.6805555555555556
1,0.0,0.0,-0.2948717948717949,-0.01282051282051282,-0.5897435897435898,-0.19230769230769232,-0.6410256410256411,-0.3974358974358974,-0.44871794871794873,-0.46153846153846156,-0.5128205128205128,-0.6794871794871795,-0.6794871794871795,-0.8461538461538461,-0.6410256410256411,-0.6153846153846154,-0.5512820512820513,-0.5,-0.32051282051282054,-0.7435897435897436,-0.5128205128205128,-0.9358974358974359,-0.47435897435897434,-0.6538461538461539,-0.3717948717948718,-0.5512820512820513,-0.10256410256410256,-0.7948717948717948,-0.28205128205128205,-0.9743589743589743,-0.2564102564102564,-0.7051282051282052,-0.16666666666666666,-0.5897435897435898,0.15384615384615385,-0.8076923076923077,-0.01282051282051282,-1.0,-0.038461538461538464,-0.8076923076923077,0.038461538461538464,-0.6923076923076923
1,0.0,0.0,-0.2987012987012987,-0.025974025974025976,-0.5844155844155844,-0.2077922077922078,-0.6233766233766234,-0.4155844155844156,-0.45454545454545453,-0.4935064935064935,-0.4935064935064935,-0.6883116883116883,-0.6493506493506493,-0.8831168831168831,-0.6233766233766234,-0.6623376623376623,-0.5454545454545454,-0.5454545454545454,-0.2857142857142857,-0.7402597402597403,-0.4675324675324675,-0.948051948051948,-0.45454545454545453,-0.6753246753246753,-0.35064935064935066,-0.5714285714285714,-0.06493506493506493,-0.7792207792207793,-0.23376623376623376,-0.974025974025974,-0.23376623376623376,-0.7142857142857143,-0.14285714285714285,-0.5974025974025974,0.18181818181818182,-0.7792207792207793,0.03896103896103896,-1.0,0.0,-0.8051948051948052,0.06493506493506493,-0.6883116883116883
1,0.0,0.0,-0.3125,-0.0375,-0.5875,-0.25,-0.6,-0.4625,-0.4,-0.5,-0.4625,-0.725,-0.625,-0.8875,-0.575,-0.6125,-0.4875,-0.55,-0.2625,-0.7625,-0.45,-0.9375,-0.4,-0.625,-0.3,-0.575,-0.0625,-0.7875,-0.2125,-0.9875,-0.2,-0.675,-0.1,-0.6,0.1875,-0.7875,0.0375,-1.0,0.0,-0.7875,0.075,-0.7
1,0.0,0.0,-0.32051282051282054,-0.038461538461538464,-0.6025641025641025,-0.24358974358974358,-0.6153846153846154,-0.44871794871794873,-0.4230769230769231,-0.47435897435897434,-0.48717948717948717,-0.6923076923076923,-0.6410256410256411,-0.8717948717948718,-0.6153846153846154,-0.6282051282051282,-0.5384615384615384,-0.5384615384615384,-0.2948717948717949,-0.7435897435897436,-0.47435897435897434,-0.9358974358974359,-0.44871794871794873,-0.6538461538461539,-0.358974358974359,-0.5897435897435898,-0.08974358974358974,-0.782051282051282,-0.24358974358974358,-0.9871794871794872,-0.24358974358974358,-0.7051282051282052,-0.15384615384615385,-0.6282051282051282,0.15384615384615385,-0.782051282051282,0.01282051282051282,-1.0,-0.02564102564102564,-0.8076923076923077,0.038461538461538464,-0.717948717948718
1,0.0,0.0,-0.2987012987012987,-0.03896103896103896,-0.5714285714285714,-0.24675324675324675,-0.5714285714285714,-0.44155844155844154,-0.38961038961038963,-0.4805194805194805,-0.42857142857142855,-0.7012987012987013,-0.5974025974025974,-0.8701298701298701,-0.5584415584415584,-0.6363636363636364,-0.4675324675324675,-0.5454545454545454,-0.24675324675324675,-0.7532467532467533,-0.44155844155844154,-0.935064935064935,-0.4025974025974026,-0.6623376623376623,-0.2987012987012987,-0.5714285714285714,-0.03896103896103896,-0.7922077922077922,-0.22077922077922077,-0.987012987012987,-0.22077922077922077,-0.7012987012987013,-0.11688311688311688,-0.5974025974025974,0.2077922077922078,-0.7922077922077922,0.03896103896103896,-1.0,0.0,-0.8181818181818182,0.07792207792207792,-0.7012987012987013
1,0.0,0.0,-0.3287671232876712,0.0,-0.6164383561643836,-0.1506849315068493,-0.684931506849315,-0.3561643835616438,-0.5342465753424658,-0.4931506849315068,-0.5342465753424658,-0.6164383561643836,-0.7123287671232876,-0.7945205479452054,-0.6712328767123288,-0.5753424657534246,-0.589041095890411,-0.4520547945205479,-0.3698630136986301,-0.6986301369863014,-0.5616438356164384,-0.8767123287671232,-0.5342465753424658,-0.6301369863013698,-0.410958904109589,-0.5205479452054794,-0.1643835616438356,-0.7808219178082192,-0.3698630136986301,-0.9452054794520548,-0.3698630136986301,-0.7123287671232876,-0.2602739726027397,-0.6027397260273972,0.0684931506849315,-0.821917808219178,-0.1232876712328767,-1.0,-0.1643835616438356,-0.8493150684931506,-0.0958904109589041,-0.726027397260274
1,0.0,0.0,-0.28,0.0,-0.52,-0.14666666666666667,-0.5866666666666667,-0.30666666666666664,-0.4533333333333333,-0.41333333333333333,-0.4533333333333333,-0.6,-0.6133333333333333,-0.76,-0.5866666666666667,-0.56,-0.49333333333333335,-0.44,-0.29333333333333333,-0.68,-0.5066666666666667,-0.8533333333333334,-0.4666666666666667,-0.5866666666666667,-0.36,-0.49333333333333335,-0.10666666666666667,-0.7466666666666667,-0.32,-0.9333333333333333,-0.30666666666666664,-0.68,-0.2,-0.5733333333333334,0.10666666666666667,-0.8,-0.06666666666666667,-1.0,-0.09333333333333334,-0.8266666666666667,-0.02666666666666667,-0.7066666666666667
1,0.0,0.0,-0.29333333333333333,-0.02666666666666667,-0.5066666666666667,-0.2,-0.5733333333333334,-0.36,-0.49333333333333335,-0.48,-0.41333333333333333,-0.6533333333333333,-0.5866666666666667,-0.8,-0.5733333333333334,-0.56,-0.4533333333333333,-0.4266666666666667,-0.26666666666666666,-0.7333333333333333,-0.48,-0.8933333333333333,-0.4533333333333333,-0.6,-0.3333333333333333,-0.48,-0.09333333333333334,-0.8,-0.32,-0.9333333333333333,-0.30666666666666664,-0.6666666666666666,-0.18666666666666668,-0.5733333333333334,0.12,-0.84,-0.08,-1.0,-0.12,-0.8133333333333334,-0.02666666666666667,-0.7066666666666667
1,0.0,0.0,-0.3194444444444444,-0.041666666666666664,-0.5277777777777778,-0.2222222222222222,-0.6111111111111112,-0.3888888888888889,-0.5833333333333334,-0.5277777777777778,-0.4305555555555556,-0.6944444444444444,-0.5833333333333334,-0.8333333333333334,-0.5972222222222222,-0.6388888888888888,-0.5138888888888888,-0.5,-0.2638888888888889,-0.7638888888888888,-0.4305555555555556,-0.9444444444444444,-0.4444444444444444,-0.7083333333333334,-0.3611111111111111,-0.5555555555555556,-0.06944444444444445,-0.8055555555555556,-0.2361111111111111,-0.9861111111111112,-0.2638888888888889,-0.7777777777777778,-0.16666666666666666,-0.6527777777777778,0.16666666666666666,-0.8194444444444444,-0.013888888888888888,-1.0,-0.06944444444444445,-0.8472222222222222,0.0,-0.7222222222222222
1,0.0,0.0,-0.3088235294117647,-0.04411764705882353,-0.5441176470588235,-0.25,-0.5882352941176471,-0.4264705882352941,-0.5147058823529411,-0.5588235294117647,-0.39705882352941174,-0.7205882352941176,-0.5588235294117647,-0.8823529411764706,-0.5588235294117647,-0.6470588235294118,-0.47058823529411764,-0.5147058823529411,-0.22058823529411764,-0.7794117647058824,-0.39705882352941174,-0.9705882352941176,-0.4117647058823529,-0.6911764705882353,-0.3088235294117647,-0.5588235294117647,0.0,-0.8088235294117647,-0.19117647058823528,-1.0,-0.22058823529411764,-0.7352941176470589,-0.11764705882352941,-0.6176470588235294,0.23529411764705882,-0.7941176470588235,0.058823529411764705,-0.9852941176470589,0.0,-0.8088235294117647,0.07352941176470588,-0.6764705882352942
1,0.0,0.0,-0.3,-0.05714285714285714,-0.5571428571428572,-0.24285714285714285,-0.6,-0.44285714285714284,-0.42857142857142855,-0.5142857142857142,-0.38571428571428573,-0.7142857142857143,-0.5285714285714286,-0.9142857142857143,-0.5428571428571428,-0.6714285714285714,-0.45714285714285713,-0.5428571428571428,-0.2,-0.7714285714285715,-0.35714285714285715,-1.0,-0.37142857142857144,-0.7142857142857143,-0.2714285714285714,-0.6,0.014285714285714285,-0.8,-0.12857142857142856,-0.9857142857142858,-0.17142857142857143,-0.7285714285714285,-0.07142857142857142,-0.6428571428571429,0.2571428571428571,-0.7857142857142857,0.11428571428571428,-0.9857142857142858,0.04285714285714286,-0.8142857142857143,0.11428571428571428,-0.7285714285714285
1,0.0,0.0,-0.3333333333333333,-0.027777777777777776,-0.6111111111111112,-0.25,-0.5972222222222222,-0.4722222222222222,-0.3888888888888889,-0.5138888888888888,-0.4583333333333333,-0.6944444444444444,-0.5972222222222222,-0.8888888888888888,-0.5694444444444444,-0.6388888888888888,-0.4722222222222222,-0.5416666666666666,-0.25,-0.7638888888888888,-0.4166666666666667,-0.9722222222222222,-0.3888888888888889,-0.6666666666666666,-0.2916666666666667,-0.5972222222222222,-0.041666666666666664,-0.8055555555555556,-0.16666666666666666,-1.0,-0.18055555555555555,-0.7222222222222222,-0.08333333333333333,-0.6527777777777778,0.2222222222222222,-0.8055555555555556,0.09722222222222222,-1.0,0.041666666666666664,-0.8055555555555556,0.1111111111111111,-0.7361111111111112
1,0.0,0.0,-0.390625,-0.03125,-0.71875,-0.234375,-0.8125,-0.5,-0.703125,-0.6875,-0.5625,-0.671875,-0.703125,-0.921875,-0.6875,-0.65625,-0.609375,-0.515625,-0.34375,-0.75,-0.484375,-1.0,-0.46875,-0.734375,-0.40625,-0.578125,-0.125,-0.78125,-0.265625,-1.0,-0.265625,-0.75,-0.203125,-0.609375,0.125,-0.765625,-0.03125,-0.96875,-0.0625,-0.78125,-0.015625,-0.65625
1,0.0,0.0,-0.36619718309859156,-0.056338028169014086,-0.676056338028169,-0.2676056338028169,-0.676056338028169,-0.5070422535211268,-0.4507042253521127,-0.5633802816901409,-0.49295774647887325,-0.7183098591549296,-0.5915492957746479,-0.9295774647887324,-0.5915492957746479,-0.7183098591549296,-0.5352112676056338,-0.5915492957746479,-0.2676056338028169,-0.7605633802816901,-0.36619718309859156,-1.0,-0.38028169014084506,-0.7464788732394366,-0.30985915492957744,-0.6338028169014085,-0.028169014084507043,-0.7746478873239436,-0.11267605633802817,-1.0,-0.14084507042253522,-0.7605633802816901,-0.09859154929577464,-0.6619718309859155,0.22535211267605634,-0.7464788732394366,0.1267605633802817,-0.9436619718309859,0.07042253521126761,-0.7605633802816901,0.09859154929577464,-0.647887323943662
1,0.0,0.0,-0.3684210526315789,-0.05263157894736842,-0.6842105263157895,-0.27631578947368424,-0.6447368421052632,-0.5131578947368421,-0.39473684210526316,-0.5526315789473685,-0.5,-0.6710526315789473,-0.6052631578947368,-0.9342105263157895,-0.5789473684210527,-0.75,-0.5263157894736842,-0.5921052631578947,-0.27631578947368424,-0.7368421052631579,-0.3815789473684211,-1.0,-0.3815789473684211,-0.7763157894736842,-0.32894736842105265,-0.618421052631579,-0.06578947368421052,-0.75,-0.14473684210526316,-1.0,-0.15789473684210525,-0.7763157894736842,-0.11842105263157894,-0.618421052631579,0.17105263157894737,-0.7105263157894737,0.10526315789473684,-0.9210526315789473,0.06578947368421052,-0.7763157894736842,0.07894736842105263,-0.6578947368421053
1,0.0,0.0,-0.358974358974359,-0.07692307692307693,-0.6538461538461539,-0.3076923076923077,-0.6153846153846154,-0.5384615384615384,-0.38461538461538464,-0.5769230769230769,-0.5,-0.6923076923076923,-0.5641025641025641,-0.9487179487179487,-0.5384615384615384,-0.7307692307692307,-0.5128205128205128,-0.6025641025641025,-0.2692307692307692,-0.7307692307692307,-0.3333333333333333,-1.0,-0.3333333333333333,-0.7435897435897436,-0.3076923076923077,-0.6282051282051282,-0.038461538461538464,-0.7435897435897436,-0.08974358974358974,-0.9871794871794872,-0.10256410256410256,-0.7564102564102564,-0.08974358974358974,-0.6410256410256411,0.19230769230769232,-0.6923076923076923,0.14102564102564102,-0.8974358974358975,0.10256410256410256,-0.7435897435897436,0.11538461538461539,-0.6282051282051282
1,0.0,0.0,-0.3684210526315789,-0.05263157894736842,-0.6710526315789473,-0.25,-0.6842105263157895,-0.4868421052631579,-0.47368421052631576,-0.5657894736842105,-0.5,-0.6842105263157895,-0.6052631578947368,-0.9210526315789473,-0.5789473684210527,-0.6842105263157895,-0.5263157894736842,-0.5921052631578947,-0.27631578947368424,-0.7368421052631579,-0.39473684210526316,-0.9868421052631579,-0.3815789473684211,-0.7236842105263158,-0.3157894736842105,-0.6447368421052632,-0.06578947368421052,-0.75,-0.15789473684210525,-1.0,-0.15789473684210525,-0.75,-0.11842105263157894,-0.6710526315789473,0.17105263157894737,-0.7236842105263158,0.09210526315789473,-0.9342105263157895,0.039473684210526314,-0.7763157894736842,0.06578947368421052,-0.6842105263157895
1,0.0,0.0,-0.3974358974358974,-0.07692307692307693,-0.7051282051282052,-0.28205128205128205,-0.6410256410256411,-0.5256410256410257,-0.38461538461538464,-0.5641025641025641,-0.5384615384615384,-0.6923076923076923,-0.6025641025641025,-0.9487179487179487,-0.5512820512820513,-0.717948717948718,-0.5256410256410257,-0.5769230769230769,-0.2948717948717949,-0.7435897435897436,-0.358974358974359,-1.0,-0.3333333333333333,-0.7307692307692307,-0.32051282051282054,-0.6025641025641025,-0.05128205128205128,-0.7435897435897436,-0.10256410256410256,-1.0,-0.10256410256410256,-0.7564102564102564,-0.10256410256410256,-0.6025641025641025,0.19230769230769232,-0.7051282051282052,0.16666666666666666,-0.9358974358974359,0.1282051282051282,-0.7948717948717948,0.11538461538461539,-0.6923076923076923
1,0.0,0.0,-0.4025974025974026,-0.07792207792207792,-0.7012987012987013,-0.2727272727272727,-0.6623376623376623,-0.4805194805194805,-0.42857142857142855,-0.5584415584415584,-0.5454545454545454,-0.6753246753246753,-0.6233766233766234,-0.948051948051948,-0.5584415584415584,-0.7272727272727273,-0.5194805194805194,-0.5844155844155844,-0.2987012987012987,-0.7272727272727273,-0.36363636363636365,-0.987012987012987,-0.3246753246753247,-0.7272727272727273,-0.3246753246753247,-0.6103896103896104,-0.06493506493506493,-0.7402597402597403,-0.1038961038961039,-1.0,-0.07792207792207792,-0.7532467532467533,-0.07792207792207792,-0.6233766233766234,0.18181818181818182,-0.7012987012987013,0.15584415584415584,-0.922077922077922,0.14285714285714285,-0.7662337662337663,0.12987012987012986,-0.6623376623376623
1,0.0,0.0,-0.3563218390804598,-0.08045977011494253,-0.632183908045977,-0.28735632183908044,-0.5862068965517241,-0.4942528735632184,-0.39080459770114945,-0.5402298850574713,-0.4942528735632184,-0.6666666666666666,-0.5632183908045977,-0.9425287356321839,-0.5057471264367817,-0.7471264367816092,-0.47126436781609193,-0.5747126436781609,-0.27586206896551724,-0.7126436781609196,-0.3448275862068966,-1.0,-0.2988505747126437,-0.7471264367816092,-0.25287356321839083,-0.5747126436781609,-0.06896551724137931,-0.735632183908046,-0.10344827586206896,-1.0,-0.09195402298850575,-0.7586206896551724,-0.08045977011494253,-0.5977011494252874,0.14942528735632185,-0.7011494252873564,0.12643678160919541,-0.9080459770114943,0.10344827586206896,-0.7586206896551724,0.09195402298850575,-0.6436781609195402
1,0.0,0.0,-0.3118279569892473,-0.06451612903225806,-0.5698924731182796,-0.21505376344086022,-0.5913978494623656,-0.41935483870967744,-0.44086021505376344,-0.5483870967741935,-0.44086021505376344,-0.6129032258064516,-0.5268817204301075,-0.8924731182795699,-0.5161290322580645,-0.7526881720430108,-0.4838709677419355,-0.6129032258064516,-0.24731182795698925,-0.6666666666666666,-0.3118279569892473,-0.967741935483871,-0.3118279569892473,-0.7849462365591398,-0.27956989247311825,-0.6236559139784946,-0.053763440860215055,-0.6881720430107527,-0.0967741935483871,-1.0,-0.10752688172043011,-0.8387096774193549,-0.0967741935483871,-0.6881720430107527,0.13978494623655913,-0.6666666666666666,0.12903225806451613,-0.8924731182795699,0.07526881720430108,-0.7956989247311828,0.06451612903225806,-0.6774193548387096
1,0.0,0.0,-0.35365853658536583,-0.024390243902439025,-0.6707317073170732,-0.14634146341463414,-0.7195121951219512,-0.36585365853658536,-0.5609756097560976,-0.5121951219512195,-0.5975609756097561,-0.573170731707317,-0.7073170731707317,-0.8292682926829268,-0.6585365853658537,-0.6585365853658537,-0.5853658536585366,-0.5121951219512195,-0.3902439024390244,-0.6707317073170732,-0.5,-0.9634146341463414,-0.43902439024390244,-0.7195121951219512,-0.3780487804878049,-0.5853658536585366,-0.18292682926829268,-0.7317073170731707,-0.2682926829268293,-1.0,-0.23170731707317074,-0.7682926829268293,-0.18292682926829268,-0.6219512195121951,0.04878048780487805,-0.7317073170731707,-0.024390243902439025,-0.975609756097561,-0.04878048780487805,-0.8292682926829268,-0.036585365853658534,-0.6951219512195121
1,0.0,0.0,-0.379746835443038,-0.012658227848101266,-0.7215189873417721,-0.16455696202531644,-0.7088607594936709,-0.4050632911392405,-0.4810126582278481,-0.5063291139240507,-0.6708860759493671,-0.5569620253164557,-0.7974683544303798,-0.8481012658227848,-0.6962025316455697,-0.6455696202531646,-0.5949367088607594,-0.4810126582278481,-0.45569620253164556,-0.6708860759493671,-0.5949367088607594,-0.9746835443037974,-0.4936708860759494,-0.7341772151898734,-0.4050632911392405,-0.5569620253164557,-0.24050632911392406,-0.7215189873417721,-0.35443037974683544,-1.0,-0.2911392405063291,-0.7848101265822784,-0.22784810126582278,-0.620253164556962,-0.012658227848101266,-0.7341772151898734,-0.10126582278481013,-0.9620253164556962,-0.10126582278481013,-0.8354430379746836,-0.0759493670886076,-0.6962025316455697
1,0.0,0.0,-0.4305555555555556,-0.027777777777777776,-0.7638888888888888,-0.2222222222222222,-0.7638888888888888,-0.4861111111111111,-0.5972222222222222,-0.6666666666666666,-0.7222222222222222,-0.5972222222222222,-0.9166666666666666,-0.8611111111111112,-0.9305555555555556,-0.9027777777777778,-0.8333333333333334,-0.8194444444444444,-0.5138888888888888,-0.6944444444444444,-0.6388888888888888,-0.9861111111111112,-0.5833333333333334,-0.7638888888888888,-0.4861111111111111,-0.5555555555555556,-0.2916666666666667,-0.7638888888888888,-0.4027777777777778,-1.0,-0.3472222222222222,-0.7638888888888888,-0.2638888888888889,-0.5694444444444444,-0.041666666666666664,-0.7777777777777778,-0.16666666666666666,-0.9722222222222222,-0.16666666666666666,-0.8055555555555556,-0.125,-0.6388888888888888
2,0.0,0.0,-0.125,-0.2890625,-0.1171875,-0.59375,-0.078125,-0.8203125,-0.0625,-1.0,0.21875,-0.6640625,-0.140625,-0.5859375,-0.15625,-0.4609375,-0.046875,-0.4453125,0.3125,-0.5234375,-0.1171875,-0.4140625,-0.1015625,-0.3125,0.0078125,-0.3046875,0.3515625,-0.3359375,-0.0546875,-0.25,-0.0390625,-0.171875,0.0625,-0.1640625,0.3515625,-0.140625,0.046875,-0.09375,0.046875,-0.0546875,0.140625,-0.046875
2,0.0,0.0,-0.109375,-0.28125,-0.1015625,-0.59375,-0.0625,-0.8125,-0.046875,-1.0,0.234375,-0.65625,-0.1171875,-0.5859375,-0.140625,-0.4609375,-0.0390625,-0.4453125,0.328125,-0.5078125,-0.1015625,-0.40625,-0.1015625,-0.296875,0.0078125,-0.28125,0.3671875,-0.3203125,-0.0390625,-0.2421875,-0.0390625,-0.1640625,0.0625,-0.15625,0.375,-0.1328125,0.0625,-0.09375,0.0546875,-0.046875,0.1484375,-0.0390625
2,0.0,0.0,-0.14960629921259844,-0.29133858267716534,-0.16535433070866143,-0.5905511811023622,-0.14960629921259844,-0.8110236220472441,-0.14960629921259844,-1.0,0.1889763779527559,-0.6377952755905512,-0.1889763779527559,-0.5905511811023622,-0.2047244094488189,-0.49606299212598426,-0.10236220472440945,-0.48031496062992124,0.28346456692913385,-0.48031496062992124,-0.15748031496062992,-0.41732283464566927,-0.13385826771653545,-0.33858267716535434,-0.031496062992125984,-0.3228346456692913,0.3228346456692913,-0.2992125984251969,-0.10236220472440945,-0.25984251968503935,-0.07874015748031496,-0.1968503937007874,0.023622047244094488,-0.18110236220472442,0.30708661417322836,-0.11811023622047244,-0.007874015748031496,-0.11023622047244094,0.0,-0.06299212598425197,0.08661417322834646,-0.047244094488188976
2,0.0,0.0,-0.12605042016806722,-0.2773109243697479,-0.1092436974789916,-0.5882352941176471,-0.06722689075630252,-0.8067226890756303,-0.05042016806722689,-1.0,0.23529411764705882,-0.7058823529411765,-0.13445378151260504,-0.6302521008403361,-0.15126050420168066,-0.5042016806722689,-0.03361344537815126,-0.4789915966386555,0.3277310924369748,-0.5546218487394958,-0.10084033613445378,-0.44537815126050423,-0.07563025210084033,-0.33613445378151263,0.04201680672268908,-0.3277310924369748,0.37815126050420167,-0.3697478991596639,-0.03361344537815126,-0.2689075630252101,-0.01680672268907563,-0.18487394957983194,0.09243697478991597,-0.18487394957983194,0.37815126050420167,-0.16806722689075632,0.058823529411764705,-0.1092436974789916,0.06722689075630252,-0.06722689075630252,0.17647058823529413,-0.058823529411764705
2,0.0,0.0,-0.12173913043478261,-0.2782608695652174,-0.13043478260869565,-0.5826086956521739,-0.11304347826086956,-0.8,-0.10434782608695652,-1.0,0.17391304347826086,-0.6695652173913044,-0.22608695652173913,-0.6,-0.2,-0.5130434782608696,-0.06956521739130435,-0.5130434782608696,0.25217391304347825,-0.5217391304347826,-0.2,-0.40869565217391307,-0.12173913043478261,-0.34782608695652173,0.008695652173913044,-0.3652173913043478,0.2956521739130435,-0.33043478260869563,-0.1391304347826087,-0.22608695652173913,-0.0782608695652174,-0.17391304347826086,0.034782608695652174,-0.1826086956521739,0.2956521739130435,-0.12173913043478261,-0.043478260869565216,-0.05217391304347826,0.0,-0.02608695652173913,0.11304347826086956,-0.043478260869565216
2,0.0,0.0,-0.15966386554621848,-0.2857142857142857,-0.20168067226890757,-0.5798319327731093,-0.18487394957983194,-0.8067226890756303,-0.16806722689075632,-1.0,0.05042016806722689,-0.680672268907563,-0.33613445378151263,-0.6134453781512605,-0.31092436974789917,-0.5210084033613446,-0.18487394957983194,-0.5294117647058824,0.11764705882352941,-0.5378151260504201,-0.3277310924369748,-0.4369747899159664,-0.2605042016806723,-0.36134453781512604,-0.14285714285714285,-0.37815126050420167,0.15126050420168066,-0.35294117647058826,-0.2773109243697479,-0.2605042016806723,-0.21008403361344538,-0.19327731092436976,-0.09243697478991597,-0.20168067226890757,0.15126050420168066,-0.15126050420168066,-0.17647058823529413,-0.09243697478991597,-0.12605042016806722,-0.058823529411764705,0.0,-0.06722689075630252
2,0.0,0.0,-0.17777777777777778,-0.2962962962962963,-0.25925925925925924,-0.6074074074074074,-0.26666666666666666,-0.8296296296296296,-0.24444444444444444,-1.0,-0.0962962962962963,-0.6592592592592592,-0.45925925925925926,-0.5777777777777777,-0.3925925925925926,-0.4888888888888889,-0.2814814814814815,-0.5185185185185185,-0.05185185185185185,-0.5037037037037037,-0.45185185185185184,-0.4,-0.35555555555555557,-0.35555555555555557,-0.24444444444444444,-0.37037037037037035,-0.037037037037037035,-0.3333333333333333,-0.3925925925925926,-0.24444444444444444,-0.31851851851851853,-0.2,-0.2074074074074074,-0.22962962962962963,-0.044444444444444446,-0.16296296296296298,-0.31851851851851853,-0.1037037037037037,-0.24444444444444444,-0.08148148148148149,-0.1259259259259259,-0.0962962962962963
2,0.0,0.0,-0.13740458015267176,-0.2900763358778626,-0.25190839694656486,-0.5877862595419847,-0.31297709923664124,-0.8091603053435115,-0.3053435114503817,-1.0,-0.16030534351145037,-0.6106870229007634,-0.5419847328244275,-0.5038167938931297,-0.46564885496183206,-0.42748091603053434,-0.33587786259541985,-0.45038167938931295,-0.12213740458015267,-0.4122137404580153,-0.5267175572519084,-0.32061068702290074,-0.4198473282442748,-0.2900763358778626,-0.29770992366412213,-0.31297709923664124,-0.10687022900763359,-0.20610687022900764,-0.4961832061068702,-0.1297709923664122,-0.4122137404580153,-0.10687022900763359,-0.2900763358778626,-0.13740458015267176,-0.11450381679389313,-0.015267175572519083,-0.45038167938931295,0.04580152671755725,-0.3816793893129771,0.061068702290076333,-0.26717557251908397,0.05343511450381679
2,0.0,0.0,-0.125,-0.27205882352941174,-0.22794117647058823,-0.5735294117647058,-0.27941176470588236,-0.8088235294117647,-0.27205882352941174,-1.0,-0.19852941176470587,-0.6544117647058824,-0.5882352941176471,-0.5588235294117647,-0.49264705882352944,-0.4632352941176471,-0.36764705882352944,-0.4852941176470588,-0.16176470588235295,-0.5,-0.5661764705882353,-0.38235294117647056,-0.45588235294117646,-0.33088235294117646,-0.3382352941176471,-0.35294117647058826,-0.13970588235294118,-0.33088235294117646,-0.5,-0.23529411764705882,-0.4117647058823529,-0.19117647058823528,-0.3014705882352941,-0.20588235294117646,-0.13970588235294118,-0.16176470588235295,-0.4338235294117647,-0.09558823529411764,-0.35294117647058826,-0.07352941176470588,-0.22794117647058823,-0.08823529411764706
2,0.0,0.0,-0.10569105691056911,-0.2601626016260163,-0.24390243902439024,-0.5609756097560976,-0.3252032520325203,-0.7967479674796748,-0.34146341463414637,-1.0,-0.2845528455284553,-0.6097560975609756,-0.6910569105691057,-0.5121951219512195,-0.5772357723577236,-0.42276422764227645,-0.43902439024390244,-0.44715447154471544,-0.25203252032520324,-0.44715447154471544,-0.6829268292682927,-0.3252032520325203,-0.5691056910569106,-0.2764227642276423,-0.43902439024390244,-0.3089430894308943,-0.23577235772357724,-0.2601626016260163,-0.6341463414634146,-0.16260162601626016,-0.5203252032520326,-0.11382113821138211,-0.3902439024390244,-0.13821138211382114,-0.23577235772357724,-0.06504065040650407,-0.5609756097560976,0.008130081300813009,-0.45528455284552843,0.024390243902439025,-0.3170731707317073,0.0
2,0.0,0.0,-0.06722689075630252,-0.2689075630252101,-0.21008403361344538,-0.5714285714285714,-0.31092436974789917,-0.7983193277310925,-0.3277310924369748,-1.0,-0.33613445378151263,-0.6050420168067226,-0.7226890756302521,-0.4957983193277311,-0.6134453781512605,-0.42016806722689076,-0.47058823529411764,-0.4369747899159664,-0.31932773109243695,-0.4369747899159664,-0.7310924369747899,-0.3025210084033613,-0.6050420168067226,-0.25210084033613445,-0.47058823529411764,-0.2857142857142857,-0.3025210084033613,-0.24369747899159663,-0.6890756302521008,-0.14285714285714285,-0.5630252100840336,-0.10084033613445378,-0.42857142857142855,-0.11764705882352941,-0.29411764705882354,-0.05042016806722689,-0.6050420168067226,0.01680672268907563,-0.48739495798319327,0.04201680672268908,-0.36134453781512604,0.01680672268907563
2,0.0,0.0,-0.06086956521739131,-0.25217391304347825,-0.20869565217391303,-0.5652173913043478,-0.30434782608695654,-0.808695652173913,-0.3391304347826087,-1.0,-0.3391304347826087,-0.48695652173913045,-0.6869565217391305,-0.4260869565217391,-0.5826086956521739,-0.3826086956521739,-0.45217391304347826,-0.3826086956521739,-0.3391304347826087,-0.30434782608695654,-0.6956521739130435,-0.24347826086956523,-0.5739130434782609,-0.21739130434782608,-0.4260869565217391,-0.21739130434782608,-0.33043478260869563,-0.11304347826086956,-0.6434782608695652,-0.06956521739130435,-0.5304347826086957,-0.05217391304347826,-0.391304347826087,-0.06086956521739131,-0.33043478260869563,0.06956521739130435,-0.5826086956521739,0.09565217391304348,-0.46956521739130436,0.10434782608695652,-0.3391304347826087,0.10434782608695652
2,0.0,0.0,-0.09166666666666666,-0.275,-0.2916666666666667,-0.5833333333333334,-0.4083333333333333,-0.8083333333333333,-0.4583333333333333,-1.0,-0.39166666666666666,-0.475,-0.7916666666666666,-0.35833333333333334,-0.6583333333333333,-0.325,-0.5166666666666667,-0.36666666666666664,-0.375,-0.25833333333333336,-0.775,-0.15833333333333333,-0.6333333333333333,-0.14166666666666666,-0.475,-0.175,-0.35833333333333334,-0.058333333333333334,-0.7083333333333334,0.025,-0.575,0.025,-0.43333333333333335,0.0,-0.3416666666666667,0.125,-0.6166666666666667,0.18333333333333332,-0.49166666666666664,0.175,-0.35,0.15
2,0.0,0.0,-0.1111111111111111,-0.28205128205128205,-0.3333333333333333,-0.5897435897435898,-0.46153846153846156,-0.8205128205128205,-0.5213675213675214,-1.0,-0.4444444444444444,-0.46153846153846156,-0.8290598290598291,-0.3247863247863248,-0.7008547008547008,-0.3076923076923077,-0.5641025641025641,-0.3504273504273504,-0.4188034188034188,-0.23931623931623933,-0.8205128205128205,-0.1282051282051282,-0.6752136752136753,-0.1282051282051282,-0.5128205128205128,-0.15384615384615385,-0.4017094017094017,-0.03418803418803419,-0.7435897435897436,0.05128205128205128,-0.6153846153846154,0.042735042735042736,-0.46153846153846156,0.008547008547008548,-0.38461538461538464,0.15384615384615385,-0.6581196581196581,0.20512820512820512,-0.5299145299145299,0.19658119658119658,-0.38461538461538464,0.17094017094017094
2,0.0,0.0,-0.1415929203539823,-0.2920353982300885,-0.36283185840707965,-0.5663716814159292,-0.4778761061946903,-0.8053097345132744,-0.5575221238938053,-1.0,-0.4778761061946903,-0.4247787610619469,-0.8584070796460177,-0.3008849557522124,-0.7345132743362832,-0.2920353982300885,-0.5929203539823009,-0.3274336283185841,-0.46017699115044247,-0.20353982300884957,-0.8407079646017699,-0.11504424778761062,-0.7079646017699115,-0.11504424778761062,-0.5486725663716814,-0.1415929203539823,-0.4336283185840708,0.0,-0.7699115044247787,0.05309734513274336,-0.6548672566371682,0.05309734513274336,-0.5132743362831859,0.017699115044247787,-0.415929203539823,0.168141592920354,-0.6991150442477876,0.18584070796460178,-0.5929203539823009,0.17699115044247787,-0.45132743362831856,0.1592920353982301
2,0.0,0.0,-0.10084033613445378,-0.24369747899159663,-0.29411764705882354,-0.5546218487394958,-0.42016806722689076,-0.7899159663865546,-0.5042016806722689,-1.0,-0.31092436974789917,-0.47058823529411764,-0.7226890756302521,-0.4117647058823529,-0.6386554621848739,-0.37815126050420167,-0.5042016806722689,-0.37815126050420167,-0.31092436974789917,-0.2773109243697479,-0.7394957983193278,-0.25210084033613445,-0.6302521008403361,-0.226890756302521,-0.47058823529411764,-0.2184873949579832,-0.3277310924369748,-0.10084033613445378,-0.7226890756302521,-0.10084033613445378,-0.6134453781512605,-0.08403361344537816,-0.47058823529411764,-0.07563025210084033,-0.36134453781512604,0.06722689075630252,-0.6722689075630253,0.04201680672268908,-0.5714285714285714,0.05042016806722689,-0.4369747899159664,0.06722689075630252
2,0.0,0.0,-0.144,-0.232,-0.344,-0.528,-0.456,-0.776,-0.472,-1.0,-0.264,-0.488,-0.768,-0.432,-0.704,-0.384,-0.568,-0.376,-0.224,-0.272,-0.752,-0.216,-0.648,-0.208,-0.488,-0.224,-0.208,-0.064,-0.648,-0.024,-0.544,-0.008,-0.4,-0.024,-0.208,0.056,-0.544,0.056,-0.456,0.056,-0.328,0.056
2,0.0,0.0,-0.11851851851851852,-0.14074074074074075,-0.2,-0.5111111111111111,-0.22962962962962963,-0.7851851851851852,-0.23703703703703705,-1.0,-0.014814814814814815,-0.5111111111111111,-0.3851851851851852,-0.4740740740740741,-0.3333333333333333,-0.37777777777777777,-0.21481481481481482,-0.362962962962963,0.02962962962962963,-0.3333333333333333,-0.3851851851851852,-0.2814814814814815,-0.28888888888888886,-0.2222222222222222,-0.14814814814814814,-0.2222222222222222,0.044444444444444446,-0.15555555555555556,-0.32592592592592595,-0.1259259259259259,-0.23703703703703705,-0.08888888888888889,-0.0962962962962963,-0.0962962962962963,0.044444444444444446,0.0,-0.21481481481481482,0.0,-0.14814814814814814,0.0,-0.02962962962962963,0.0
2,0.0,0.0,-0.10077519379844961,-0.2868217054263566,-0.13953488372093023,-0.5813953488372093,-0.13178294573643412,-0.7984496124031008,-0.12403100775193798,-1.0,0.16279069767441862,-0.5116279069767442,-0.2248062015503876,-0.43410852713178294,-0.20155038759689922,-0.37209302325581395,-0.08527131782945736,-0.3953488372093023,0.20930232558139536,-0.32558139534883723,-0.23255813953488372,-0.26356589147286824,-0.16279069767441862,-0.24031007751937986,-0.046511627906976744,-0.26356589147286824,0.20930232558139536,-0.15503875968992248,-0.20930232558139536,-0.10852713178294573,-0.13953488372093023,-0.09302325581395349,-0.023255813953488372,-0.09302325581395349,0.18604651162790697,0.007751937984496124,-0.13953488372093023,0.03875968992248062,-0.10077519379844961,0.046511627906976744,0.023255813953488372,0.046511627906976744
2,0.0,0.0,-0.10743801652892562,-0.256198347107438,-0.09917355371900827,-0.5702479338842975,-0.09090909090909091,-0.7933884297520661,-0.0743801652892562,-1.0,0.21487603305785125,-0.4628099173553719,-0.19834710743801653,-0.4049586776859504,-0.18181818181818182,-0.33884297520661155,-0.03305785123966942,-0.3305785123966942,0.2892561983471074,-0.2727272727272727,-0.2066115702479339,-0.19008264462809918,-0.11570247933884298,-0.1652892561983471,0.04132231404958678,-0.17355371900826447,0.30578512396694213,-0.06611570247933884,-0.15702479338842976,-0.01652892561983471,-0.0743801652892562,0.0,0.0743801652892562,-0.008264462809917356,0.2892561983471074,0.1322314049586777,-0.09090909090909091,0.1487603305785124,-0.03305785123966942,0.1487603305785124,0.10743801652892562,0.1487603305785124
2,0.0,0.0,-0.12295081967213115,-0.26229508196721313,-0.13114754098360656,-0.5737704918032787,-0.13934426229508196,-0.7950819672131147,-0.13934426229508196,-1.0,0.1885245901639344,-0.5081967213114754,-0.23770491803278687,-0.4672131147540984,-0.20491803278688525,-0.3770491803278688,-0.06557377049180328,-0.3524590163934426,0.26229508196721313,-0.319672131147541,-0.23770491803278687,-0.27049180327868855,-0.13114754098360656,-0.22131147540983606,0.02459016393442623,-0.21311475409836064,0.27049180327868855,-0.11475409836065574,-0.18032786885245902,-0.09016393442622951,-0.09836065573770492,-0.04918032786885246,0.04918032786885246,-0.040983606557377046,0.23770491803278687,0.09016393442622951,-0.09836065573770492,0.10655737704918032,-0.04918032786885246,0.12295081967213115,0.08196721311475409,0.12295081967213115
2,0.0,0.0,-0.13846153846153847,-0.2846153846153846,-0.16153846153846155,-0.5923076923076923,-0.14615384615384616,-0.8076923076923077,-0.14615384615384616,-1.0,0.15384615384615385,-0.5769230769230769,-0.2230769230769231,-0.5307692307692308,-0.2076923076923077,-0.43846153846153846,-0.1,-0.4461538461538462,0.2153846153846154,-0.4153846153846154,-0.2153846153846154,-0.35384615384615387,-0.15384615384615385,-0.3,-0.046153846153846156,-0.3076923076923077,0.23846153846153847,-0.23076923076923078,-0.16923076923076924,-0.17692307692307693,-0.11538461538461539,-0.12307692307692308,0.0,-0.12307692307692308,0.2230769230769231,-0.046153846153846156,-0.09230769230769231,-0.015384615384615385,-0.046153846153846156,0.015384615384615385,0.06153846153846154,0.023076923076923078
2,0.0,0.0,-0.13953488372093023,-0.2868217054263566,-0.13178294573643412,-0.5968992248062015,-0.10852713178294573,-0.813953488372093,-0.08527131782945736,-1.0,0.23255813953488372,-0.5271317829457365,-0.13953488372093023,-0.4883720930232558,-0.11627906976744186,-0.40310077519379844,0.0,-0.3953488372093023,0.31007751937984496,-0.3643410852713178,-0.12403100775193798,-0.29457364341085274,-0.06201550387596899,-0.26356589147286824,0.05426356589147287,-0.2713178294573643,0.3333333333333333,-0.17829457364341086,-0.08527131782945736,-0.13178294573643412,-0.031007751937984496,-0.11627906976744186,0.08527131782945736,-0.12403100775193798,0.31007751937984496,0.0,-0.007751937984496124,0.015503875968992248,0.031007751937984496,0.023255813953488372,0.15503875968992248,0.015503875968992248
2,0.0,0.0,-0.16666666666666666,-0.2878787878787879,-0.18181818181818182,-0.5984848484848485,-0.1590909090909091,-0.8181818181818182,-0.1590909090909091,-1.0,0.18181818181818182,-0.5984848484848485,-0.16666666666666666,-0.5454545454545454,-0.19696969696969696,-0.44696969696969696,-0.11363636363636363,-0.4166666666666667,0.2803030303030303,-0.4393939393939394,-0.13636363636363635,-0.3939393939393939,-0.11363636363636363,-0.32575757575757575,-0.022727272727272728,-0.30303030303030304,0.3106060606060606,-0.26515151515151514,-0.09090909090909091,-0.24242424242424243,-0.07575757575757576,-0.18181818181818182,0.007575757575757576,-0.16666666666666666,0.30303030303030304,-0.09848484848484848,0.0,-0.10606060606060606,-0.015151515151515152,-0.06818181818181818,0.045454545454545456,-0.05303030303030303
2,0.0,0.0,-0.15702479338842976,-0.2809917355371901,-0.17355371900826447,-0.5785123966942148,-0.15702479338842976,-0.8016528925619835,-0.1652892561983471,-1.0,0.2231404958677686,-0.5867768595041323,-0.1487603305785124,-0.512396694214876,-0.18181818181818182,-0.4132231404958678,-0.09090909090909091,-0.36363636363636365,0.32231404958677684,-0.4049586776859504,-0.11570247933884298,-0.3305785123966942,-0.09917355371900827,-0.256198347107438,0.008264462809917356,-0.2231404958677686,0.36363636363636365,-0.2231404958677686,-0.06611570247933884,-0.17355371900826447,-0.04132231404958678,-0.11570247933884298,0.05785123966942149,-0.09917355371900827,0.35537190082644626,-0.04132231404958678,0.024793388429752067,-0.01652892561983471,0.03305785123966942,0.008264462809917356,0.12396694214876033,0.01652892561983471
2,0.0,0.0,-0.13333333333333333,-0.3,-0.125,-0.6,-0.1,-0.8166666666666667,-0.10833333333333334,-1.0,0.25833333333333336,-0.675,-0.09166666666666666,-0.6416666666666667,-0.11666666666666667,-0.525,-0.016666666666666666,-0.48333333333333334,0.35833333333333334,-0.5333333333333333,-0.058333333333333334,-0.48333333333333334,-0.05,-0.39166666666666666,0.041666666666666664,-0.35,0.4,-0.35833333333333334,0.0,-0.3333333333333333,-0.008333333333333333,-0.25833333333333336,0.075,-0.23333333333333334,0.39166666666666666,-0.16666666666666666,0.075,-0.19166666666666668,0.041666666666666664,-0.15833333333333333,0.09166666666666666,-0.13333333333333333
2,0.0,0.0,-0.14754098360655737,-0.28688524590163933,-0.20491803278688525,-0.5901639344262295,-0.22131147540983606,-0.8114754098360656,-0.22131147540983606,-1.0,0.06557377049180328,-0.680327868852459,-0.32786885245901637,-0.6311475409836066,-0.29508196721311475,-0.5327868852459017,-0.18032786885245902,-0.5327868852459017,0.13114754098360656,-0.5409836065573771,-0.3114754098360656,-0.4672131147540984,-0.2459016393442623,-0.39344262295081966,-0.13934426229508196,-0.4016393442622951,0.16393442622950818,-0.36065573770491804,-0.2540983606557377,-0.30327868852459017,-0.1885245901639344,-0.2459016393442623,-0.08196721311475409,-0.2459016393442623,0.16393442622950818,-0.1721311475409836,-0.1557377049180328,-0.14754098360655737,-0.10655737704918032,-0.11475409836065574,0.0,-0.10655737704918032
2,0.0,0.0,-0.14393939393939395,-0.32575757575757575,-0.23484848484848486,-0.6136363636363636,-0.2803030303030303,-0.8333333333333334,-0.2878787878787879,-1.0,-0.12121212121212122,-0.6515151515151515,-0.49242424242424243,-0.5833333333333334,-0.42424242424242425,-0.5075757575757576,-0.30303030303030304,-0.5303030303030303,-0.09848484848484848,-0.5,-0.5,-0.4166666666666667,-0.4015151515151515,-0.38636363636363635,-0.2803030303030303,-0.4015151515151515,-0.08333333333333333,-0.3409090909090909,-0.4621212121212121,-0.2727272727272727,-0.36363636363636365,-0.25,-0.24242424242424243,-0.26515151515151514,-0.09090909090909091,-0.17424242424242425,-0.38636363636363635,-0.14393939393939395,-0.3106060606060606,-0.12878787878787878,-0.1893939393939394,-0.12878787878787878
2,0.0,0.0,-0.05982905982905983,-0.29914529914529914,-0.20512820512820512,-0.6068376068376068,-0.3076923076923077,-0.811965811965812,-0.3333333333333333,-1.0,-0.29914529914529914,-0.5726495726495726,-0.6752136752136753,-0.47863247863247865,-0.5641025641025641,-0.4444444444444444,-0.42735042735042733,-0.47863247863247865,-0.28205128205128205,-0.38461538461538464,-0.6752136752136753,-0.28205128205128205,-0.5555555555555556,-0.28205128205128205,-0.4188034188034188,-0.3162393162393162,-0.27350427350427353,-0.19658119658119658,-0.6239316239316239,-0.1282051282051282,-0.5128205128205128,-0.1282051282051282,-0.38461538461538464,-0.15384615384615385,-0.2564102564102564,-0.017094017094017096,-0.5384615384615384,0.02564102564102564,-0.4358974358974359,0.017094017094017096,-0.3076923076923077,-0.008547008547008548
2,0.0,0.0,-0.0625,-0.29464285714285715,-0.21428571428571427,-0.5982142857142857,-0.33035714285714285,-0.8125,-0.3482142857142857,-1.0,-0.3392857142857143,-0.5714285714285714,-0.7232142857142857,-0.4732142857142857,-0.6160714285714286,-0.41964285714285715,-0.48214285714285715,-0.44642857142857145,-0.33035714285714285,-0.38392857142857145,-0.7232142857142857,-0.26785714285714285,-0.6071428571428571,-0.25892857142857145,-0.4732142857142857,-0.2857142857142857,-0.32142857142857145,-0.1875,-0.6696428571428571,-0.10714285714285714,-0.5714285714285714,-0.08928571428571429,-0.4375,-0.125,-0.3125,0.0,-0.5892857142857143,0.044642857142857144,-0.49107142857142855,0.044642857142857144,-0.36607142857142855,0.026785714285714284
2,0.0,0.0,-0.05454545454545454,-0.3,-0.20909090909090908,-0.6090909090909091,-0.3090909090909091,-0.8181818181818182,-0.3090909090909091,-1.0,-0.38181818181818183,-0.6090909090909091,-0.7363636363636363,-0.4727272727272727,-0.6363636363636364,-0.4090909090909091,-0.509090909090909,-0.44545454545454544,-0.39090909090909093,-0.42727272727272725,-0.7454545454545455,-0.2727272727272727,-0.6272727272727273,-0.2545454545454545,-0.5,-0.3,-0.4,-0.23636363636363636,-0.7090909090909091,-0.12727272727272726,-0.6,-0.10909090909090909,-0.4818181818181818,-0.15454545454545454,-0.39090909090909093,-0.05454545454545454,-0.6454545454545455,0.00909090909090909,-0.5272727272727272,0.01818181818181818,-0.4,-0.01818181818181818
2,0.0,0.0,-0.061946902654867256,-0.2831858407079646,-0.21238938053097345,-0.5929203539823009,-0.3185840707964602,-0.8141592920353983,-0.3274336283185841,-1.0,-0.3805309734513274,-0.6106194690265486,-0.7256637168141593,-0.504424778761062,-0.6460176991150443,-0.4336283185840708,-0.5398230088495575,-0.45132743362831856,-0.39823008849557523,-0.4424778761061947,-0.7610619469026548,-0.30973451327433627,-0.6548672566371682,-0.26548672566371684,-0.5221238938053098,-0.2920353982300885,-0.39823008849557523,-0.24778761061946902,-0.7433628318584071,-0.1504424778761062,-0.6283185840707964,-0.11504424778761062,-0.504424778761062,-0.1415929203539823,-0.3893805309734513,-0.061946902654867256,-0.672566371681416,0.0,-0.5663716814159292,0.017699115044247787,-0.4424778761061947,-0.008849557522123894
2,0.0,0.0,-0.044642857142857144,-0.29464285714285715,-0.17857142857142858,-0.6071428571428571,-0.26785714285714285,-0.8214285714285714,-0.2767857142857143,-1.0,-0.4107142857142857,-0.6071428571428571,-0.7142857142857143,-0.48214285714285715,-0.625,-0.41964285714285715,-0.5089285714285714,-0.44642857142857145,-0.44642857142857145,-0.41964285714285715,-0.7410714285714286,-0.30357142857142855,-0.6339285714285714,-0.26785714285714285,-0.5,-0.29464285714285715,-0.45535714285714285,-0.23214285714285715,-0.7321428571428571,-0.14285714285714285,-0.625,-0.11607142857142858,-0.49107142857142855,-0.14285714285714285,-0.45535714285714285,-0.044642857142857144,-0.6785714285714286,0.0,-0.5714285714285714,0.017857142857142856,-0.44642857142857145,0.0
2,0.0,0.0,-0.06363636363636363,-0.3181818181818182,-0.20909090909090908,-0.6,-0.3090909090909091,-0.8181818181818182,-0.32727272727272727,-1.0,-0.4909090909090909,-0.6090909090909091,-0.7727272727272727,-0.4636363636363636,-0.6636363636363637,-0.4,-0.5454545454545454,-0.42727272727272725,-0.5181818181818182,-0.41818181818181815,-0.7909090909090909,-0.2818181818181818,-0.6727272727272727,-0.24545454545454545,-0.5454545454545454,-0.2727272727272727,-0.5181818181818182,-0.22727272727272727,-0.7727272727272727,-0.11818181818181818,-0.6636363636363637,-0.08181818181818182,-0.5363636363636364,-0.11818181818181818,-0.5,-0.03636363636363636,-0.7181818181818181,0.02727272727272727,-0.6181818181818182,0.045454545454545456,-0.5,0.02727272727272727
2,0.0,0.0,-0.05454545454545454,-0.32727272727272727,-0.19090909090909092,-0.6090909090909091,-0.2818181818181818,-0.8272727272727273,-0.3090909090909091,-1.0,-0.4909090909090909,-0.6181818181818182,-0.7454545454545455,-0.4909090909090909,-0.6636363636363637,-0.4090909090909091,-0.5545454545454546,-0.41818181818181815,-0.5363636363636364,-0.43636363636363634,-0.7727272727272727,-0.3,-0.6727272727272727,-0.24545454545454545,-0.5545454545454546,-0.2727272727272727,-0.5545454545454546,-0.23636363636363636,-0.7636363636363637,-0.13636363636363635,-0.6636363636363637,-0.1,-0.5545454545454546,-0.11818181818181818,-0.5454545454545454,-0.045454545454545456,-0.7272727272727273,0.00909090909090909,-0.6363636363636364,0.03636363636363636,-0.5272727272727272,0.01818181818181818
2,0.0,0.0,-0.06481481481481481,-0.32407407407407407,-0.2037037037037037,-0.6018518518518519,-0.2962962962962963,-0.8240740740740741,-0.3148148148148148,-1.0,-0.5092592592592593,-0.6111111111111112,-0.7777777777777778,-0.48148148148148145,-0.6944444444444444,-0.39814814814814814,-0.5833333333333334,-0.4074074074074074,-0.5462962962962963,-0.42592592592592593,-0.7962962962962963,-0.2962962962962963,-0.7037037037037037,-0.23148148148148148,-0.5925925925925926,-0.25,-0.5648148148148148,-0.23148148148148148,-0.7870370370370371,-0.12962962962962962,-0.6944444444444444,-0.08333333333333333,-0.5833333333333334,-0.10185185185185185,-0.5555555555555556,-0.027777777777777776,-0.7592592592592593,0.018518518518518517,-0.6666666666666666,0.046296296296296294,-0.5555555555555556,0.037037037037037035
2,0.0,0.0,-0.047619047619047616,-0.3238095238095238,-0.17142857142857143,-0.6095238095238096,-0.2761904761904762,-0.8285714285714286,-0.29523809523809524,-1.0,-0.5333333333333333,-0.6190476190476191,-0.7619047619047619,-0.44761904761904764,-0.6666666666666666,-0.37142857142857144,-0.5619047619047619,-0.38095238095238093,-0.6,-0.42857142857142855,-0.7714285714285715,-0.2761904761904762,-0.6761904761904762,-0.21904761904761905,-0.5619047619047619,-0.23809523809523808,-0.6190476190476191,-0.21904761904761905,-0.7523809523809524,-0.11428571428571428,-0.6666666666666666,-0.06666666666666667,-0.5619047619047619,-0.0761904761904762,-0.6190476190476191,-0.009523809523809525,-0.7428571428571429,0.02857142857142857,-0.638095238095238,0.06666666666666667,-0.5333333333333333,0.06666666666666667
2,0.0,0.0,-0.04672897196261682,-0.32710280373831774,-0.16822429906542055,-0.6074766355140186,-0.2803738317757009,-0.822429906542056,-0.29906542056074764,-1.0,-0.5327102803738317,-0.616822429906542,-0.7757009345794392,-0.4485981308411215,-0.6822429906542056,-0.3644859813084112,-0.5700934579439252,-0.37383177570093457,-0.5887850467289719,-0.4392523364485981,-0.7850467289719626,-0.2803738317757009,-0.6822429906542056,-0.22429906542056074,-0.5794392523364486,-0.24299065420560748,-0.6074766355140186,-0.24299065420560748,-0.7757009345794392,-0.12149532710280374,-0.6822429906542056,-0.07476635514018691,-0.5794392523364486,-0.102803738317757,-0.5981308411214953,-0.037383177570093455,-0.7570093457943925,0.028037383177570093,-0.6542056074766355,0.06542056074766354,-0.5514018691588785,0.04672897196261682
2,0.0,0.0,-0.027777777777777776,-0.3148148148148148,-0.14814814814814814,-0.6018518518518519,-0.26851851851851855,-0.8055555555555556,-0.2962962962962963,-1.0,-0.4722222222222222,-0.6111111111111112,-0.7129629629629629,-0.5092592592592593,-0.6388888888888888,-0.4166666666666667,-0.5185185185185185,-0.39814814814814814,-0.5555555555555556,-0.42592592592592593,-0.7222222222222222,-0.3425925925925926,-0.6203703703703703,-0.26851851851851855,-0.5,-0.26851851851851855,-0.5925925925925926,-0.21296296296296297,-0.7129629629629629,-0.16666666666666666,-0.6203703703703703,-0.1111111111111111,-0.5092592592592593,-0.1111111111111111,-0.6111111111111112,-0.009259259259259259,-0.7037037037037037,0.018518518518518517,-0.6018518518518519,0.06481481481481481,-0.5,0.06481481481481481
2,0.0,0.0,-0.03508771929824561,-0.32456140350877194,-0.15789473684210525,-0.6140350877192983,-0.2631578947368421,-0.8245614035087719,-0.2894736842105263,-1.0,-0.45614035087719296,-0.6052631578947368,-0.7280701754385965,-0.49122807017543857,-0.6403508771929824,-0.41228070175438597,-0.5175438596491229,-0.40350877192982454,-0.5175438596491229,-0.4298245614035088,-0.7280701754385965,-0.3157894736842105,-0.631578947368421,-0.2543859649122807,-0.5175438596491229,-0.2631578947368421,-0.5526315789473685,-0.22807017543859648,-0.7105263157894737,-0.15789473684210525,-0.6228070175438597,-0.10526315789473684,-0.5175438596491229,-0.09649122807017543,-0.5614035087719298,-0.03508771929824561,-0.6842105263157895,-0.008771929824561403,-0.5877192982456141,0.043859649122807015,-0.49122807017543857,0.043859649122807015
2,0.0,0.0,-0.034782608695652174,-0.3130434782608696,-0.1565217391304348,-0.6,-0.26956521739130435,-0.8173913043478261,-0.30434782608695654,-1.0,-0.46956521739130436,-0.5652173913043478,-0.7217391304347827,-0.4608695652173913,-0.6260869565217392,-0.391304347826087,-0.4956521739130435,-0.3826086956521739,-0.5217391304347826,-0.3826086956521739,-0.7043478260869566,-0.2782608695652174,-0.6086956521739131,-0.22608695652173913,-0.48695652173913045,-0.23478260869565218,-0.5304347826086957,-0.19130434782608696,-0.6782608695652174,-0.11304347826086956,-0.591304347826087,-0.0782608695652174,-0.4782608695652174,-0.0782608695652174,-0.5304347826086957,0.0,-0.6434782608695652,0.034782608695652174,-0.5391304347826087,0.06086956521739131,-0.43478260869565216,0.05217391304347826
2,0.0,0.0,-0.058823529411764705,-0.31932773109243695,-0.19327731092436976,-0.6050420168067226,-0.3025210084033613,-0.8151260504201681,-0.3445378151260504,-1.0,-0.46218487394957986,-0.5378151260504201,-0.7394957983193278,-0.47058823529411764,-0.6470588235294118,-0.4117647058823529,-0.5210084033613446,-0.40336134453781514,-0.5042016806722689,-0.33613445378151263,-0.7394957983193278,-0.29411764705882354,-0.6386554621848739,-0.25210084033613445,-0.5210084033613446,-0.24369747899159663,-0.5126050420168067,-0.14285714285714285,-0.7142857142857143,-0.11764705882352941,-0.6134453781512605,-0.08403361344537816,-0.5042016806722689,-0.08403361344537816,-0.4957983193277311,0.05042016806722689,-0.680672268907563,0.04201680672268908,-0.5882352941176471,0.058823529411764705,-0.48739495798319327,0.058823529411764705
2,0.0,0.0,-0.06557377049180328,-0.3360655737704918,-0.19672131147540983,-0.6229508196721312,-0.28688524590163933,-0.8278688524590164,-0.32786885245901637,-1.0,-0.4262295081967213,-0.5327868852459017,-0.7131147540983607,-0.48360655737704916,-0.6147540983606558,-0.45901639344262296,-0.5,-0.45901639344262296,-0.4672131147540984,-0.32786885245901637,-0.7295081967213115,-0.319672131147541,-0.6147540983606558,-0.29508196721311475,-0.48360655737704916,-0.28688524590163933,-0.47540983606557374,-0.13114754098360656,-0.7049180327868853,-0.14754098360655737,-0.6065573770491803,-0.13114754098360656,-0.4918032786885246,-0.12295081967213115,-0.4672131147540984,0.04918032786885246,-0.6639344262295082,0.00819672131147541,-0.5737704918032787,0.01639344262295082,-0.4672131147540984,0.03278688524590164
2,0.0,0.0,-0.05511811023622047,-0.31496062992125984,-0.1968503937007874,-0.6062992125984252,-0.2677165354330709,-0.8267716535433071,-0.29133858267716534,-1.0,-0.4094488188976378,-0.5354330708661418,-0.7086614173228346,-0.4881889763779528,-0.6062992125984252,-0.44881889763779526,-0.48031496062992124,-0.44881889763779526,-0.44881889763779526,-0.33070866141732286,-0.7086614173228346,-0.3228346456692913,-0.5984251968503937,-0.29133858267716534,-0.47244094488188976,-0.28346456692913385,-0.4645669291338583,-0.13385826771653545,-0.6771653543307087,-0.15748031496062992,-0.5905511811023622,-0.13385826771653545,-0.47244094488188976,-0.12598425196850394,-0.4645669291338583,0.031496062992125984,-0.6456692913385826,-0.007874015748031496,-0.5590551181102362,0.007874015748031496,-0.44881889763779526,0.023622047244094488
2,0.0,0.0,-0.06349206349206349,-0.30158730158730157,-0.1984126984126984,-0.5952380952380952,-0.2698412698412698,-0.8174603174603174,-0.2857142857142857,-1.0,-0.40476190476190477,-0.5396825396825397,-0.6984126984126984,-0.5158730158730159,-0.6031746031746031,-0.4523809523809524,-0.47619047619047616,-0.4444444444444444,-0.4444444444444444,-0.3412698412698413,-0.7063492063492064,-0.3412698412698413,-0.6031746031746031,-0.29365079365079366,-0.46825396825396826,-0.2777777777777778,-0.47619047619047616,-0.15079365079365079,-0.6984126984126984,-0.1746031746031746,-0.6031746031746031,-0.1349206349206349,-0.48412698412698413,-0.11904761904761904,-0.49206349206349204,0.031746031746031744,-0.6825396825396826,-0.023809523809523808,-0.5952380952380952,0.007936507936507936,-0.48412698412698413,0.031746031746031744
2,0.0,0.0,-0.10344827586206896,-0.31896551724137934,-0.23275862068965517,-0.5775862068965517,-0.3103448275862069,-0.8103448275862069,-0.3275862068965517,-1.0,-0.5431034482758621,-0.47413793103448276,-0.7844827586206896,-0.46551724137931033,-0.6896551724137931,-0.4224137931034483,-0.5603448275862069,-0.41379310344827586,-0.5948275862068966,-0.2672413793103448,-0.8103448275862069,-0.28448275862068967,-0.6982758620689655,-0.25,-0.5689655172413793,-0.23275862068965517,-0.6120689655172413,-0.06896551724137931,-0.7931034482758621,-0.10344827586206896,-0.6982758620689655,-0.07758620689655173,-0.5689655172413793,-0.06896551724137931,-0.5948275862068966,0.11206896551724138,-0.7672413793103449,0.06896551724137931,-0.6810344827586207,0.07758620689655173,-0.5775862068965517,0.08620689655172414
2,0.0,0.0,-0.08333333333333333,-0.31666666666666665,-0.19166666666666668,-0.575,-0.2833333333333333,-0.8083333333333333,-0.30833333333333335,-1.0,-0.5833333333333334,-0.48333333333333334,-0.7083333333333334,-0.425,-0.6166666666666667,-0.38333333333333336,-0.5083333333333333,-0.36666666666666664,-0.6416666666666667,-0.275,-0.7083333333333334,-0.25,-0.6083333333333333,-0.23333333333333334,-0.49166666666666664,-0.21666666666666667,-0.6416666666666667,-0.075,-0.7,-0.08333333333333333,-0.6083333333333333,-0.06666666666666667,-0.5,-0.058333333333333334,-0.6166666666666667,0.1,-0.675,0.075,-0.5833333333333334,0.09166666666666666,-0.49166666666666664,0.09166666666666666
2,0.0,0.0,-0.07142857142857142,-0.33035714285714285,-0.20535714285714285,-0.5892857142857143,-0.3392857142857143,-0.8035714285714286,-0.39285714285714285,-1.0,-0.6696428571428571,-0.42857142857142855,-0.75,-0.4107142857142857,-0.6339285714285714,-0.375,-0.5267857142857143,-0.36607142857142855,-0.7142857142857143,-0.22321428571428573,-0.7678571428571429,-0.22321428571428573,-0.6696428571428571,-0.21428571428571427,-0.5535714285714286,-0.20535714285714285,-0.7053571428571429,-0.017857142857142856,-0.7589285714285714,-0.044642857142857144,-0.6607142857142857,-0.03571428571428571,-0.5625,-0.026785714285714284,-0.6607142857142857,0.15178571428571427,-0.7232142857142857,0.13392857142857142,-0.6428571428571429,0.13392857142857142,-0.5625,0.13392857142857142
2,0.0,0.0,-0.0603448275862069,-0.31896551724137934,-0.19827586206896552,-0.5948275862068966,-0.31896551724137934,-0.8275862068965517,-0.3706896551724138,-1.0,-0.6637931034482759,-0.4482758620689655,-0.5603448275862069,-0.46551724137931033,-0.43103448275862066,-0.4224137931034483,-0.3793103448275862,-0.3793103448275862,-0.7068965517241379,-0.2413793103448276,-0.5948275862068966,-0.27586206896551724,-0.4827586206896552,-0.25862068965517243,-0.4224137931034483,-0.21551724137931033,-0.6810344827586207,-0.0603448275862069,-0.6120689655172413,-0.10344827586206896,-0.5172413793103449,-0.10344827586206896,-0.4482758620689655,-0.06896551724137931,-0.6293103448275862,0.08620689655172414,-0.5948275862068966,0.04310344827586207,-0.5,0.04310344827586207,-0.4396551724137931,0.0603448275862069
2,0.0,0.0,-0.05454545454545454,-0.3181818181818182,-0.18181818181818182,-0.5909090909090909,-0.3090909090909091,-0.8090909090909091,-0.38181818181818183,-1.0,-0.6818181818181818,-0.45454545454545453,-0.5454545454545454,-0.42727272727272725,-0.41818181818181815,-0.39090909090909093,-0.37272727272727274,-0.34545454545454546,-0.7363636363636363,-0.24545454545454545,-0.5818181818181818,-0.24545454545454545,-0.4636363636363636,-0.22727272727272727,-0.41818181818181815,-0.19090909090909092,-0.7181818181818181,-0.05454545454545454,-0.6,-0.06363636363636363,-0.4909090909090909,-0.06363636363636363,-0.42727272727272725,-0.045454545454545456,-0.6818181818181818,0.11818181818181818,-0.6,0.1,-0.5,0.08181818181818182,-0.42727272727272725,0.1
2,0.0,0.0,-0.05714285714285714,-0.3333333333333333,-0.2,-0.6,-0.3238095238095238,-0.8095238095238095,-0.3619047619047619,-1.0,-0.6666666666666666,-0.45714285714285713,-0.5619047619047619,-0.41904761904761906,-0.4380952380952381,-0.38095238095238093,-0.37142857142857144,-0.34285714285714286,-0.7333333333333333,-0.22857142857142856,-0.6095238095238096,-0.21904761904761905,-0.49523809523809526,-0.20952380952380953,-0.41904761904761906,-0.18095238095238095,-0.7238095238095238,-0.01904761904761905,-0.6190476190476191,-0.02857142857142857,-0.5142857142857142,-0.02857142857142857,-0.4380952380952381,-0.01904761904761905,-0.6761904761904762,0.17142857142857143,-0.5904761904761905,0.1523809523809524,-0.4857142857142857,0.12380952380952381,-0.41904761904761906,0.12380952380952381
2,0.0,0.0,-0.04040404040404041,-0.3434343434343434,-0.1717171717171717,-0.6060606060606061,-0.30303030303030304,-0.8181818181818182,-0.3434343434343434,-1.0,-0.6565656565656566,-0.42424242424242425,-0.5454545454545454,-0.3939393939393939,-0.41414141414141414,-0.35353535353535354,-0.3434343434343434,-0.32323232323232326,-0.7272727272727273,-0.20202020202020202,-0.5959595959595959,-0.18181818181818182,-0.47474747474747475,-0.16161616161616163,-0.40404040404040403,-0.1414141414141414,-0.7070707070707071,0.010101010101010102,-0.6060606060606061,0.010101010101010102,-0.494949494949495,0.0,-0.42424242424242425,0.010101010101010102,-0.6666666666666666,0.20202020202020202,-0.5858585858585859,0.1919191919191919,-0.47474747474747475,0.1717171717171717,-0.40404040404040403,0.16161616161616163
2,0.0,0.0,-0.0625,-0.3541666666666667,-0.19791666666666666,-0.6145833333333334,-0.3333333333333333,-0.8229166666666666,-0.3854166666666667,-1.0,-0.7083333333333334,-0.4375,-0.6458333333333334,-0.3854166666666667,-0.5104166666666666,-0.34375,-0.4166666666666667,-0.3125,-0.78125,-0.19791666666666666,-0.6875,-0.17708333333333334,-0.5729166666666666,-0.15625,-0.4791666666666667,-0.14583333333333334,-0.7604166666666666,0.03125,-0.6875,0.020833333333333332,-0.5833333333333334,0.020833333333333332,-0.4895833333333333,0.03125,-0.71875,0.23958333333333334,-0.6666666666666666,0.22916666666666666,-0.5520833333333334,0.20833333333333334,-0.46875,0.1875
2,0.0,0.0,-0.05319148936170213,-0.35106382978723405,-0.18085106382978725,-0.6063829787234043,-0.30851063829787234,-0.8191489361702128,-0.35106382978723405,-1.0,-0.6702127659574468,-0.44680851063829785,-0.5851063829787234,-0.44680851063829785,-0.44680851063829785,-0.4148936170212766,-0.3723404255319149,-0.3723404255319149,-0.7553191489361702,-0.22340425531914893,-0.6595744680851063,-0.24468085106382978,-0.5319148936170213,-0.22340425531914893,-0.4574468085106383,-0.19148936170212766,-0.7446808510638298,-0.010638297872340425,-0.6702127659574468,-0.05319148936170213,-0.5638297872340425,-0.05319148936170213,-0.4787234042553192,-0.031914893617021274,-0.7127659574468085,0.18085106382978725,-0.6702127659574468,0.1595744680851064,-0.5638297872340425,0.14893617021276595,-0.4787234042553192,0.14893617021276595
2,0.0,0.0,-0.05555555555555555,-0.35555555555555557,-0.2,-0.6222222222222222,-0.32222222222222224,-0.8222222222222222,-0.35555555555555557,-1.0,-0.7111111111111111,-0.4888888888888889,-0.6666666666666666,-0.4111111111111111,-0.5333333333333333,-0.35555555555555557,-0.4444444444444444,-0.3333333333333333,-0.8,-0.24444444444444444,-0.7333333333333333,-0.2,-0.6111111111111112,-0.16666666666666666,-0.5111111111111111,-0.15555555555555556,-0.8,-0.011111111111111112,-0.7444444444444445,0.0,-0.6222222222222222,0.011111111111111112,-0.5222222222222223,0.022222222222222223,-0.7666666666666667,0.2,-0.7222222222222222,0.2222222222222222,-0.6111111111111112,0.2111111111111111,-0.5111111111111111,0.2
2,0.0,0.0,-0.053763440860215055,-0.3548387096774194,-0.1935483870967742,-0.6236559139784946,-0.3225806451612903,-0.8279569892473119,-0.3655913978494624,-1.0,-0.6989247311827957,-0.4838709677419355,-0.6559139784946236,-0.40860215053763443,-0.5161290322580645,-0.3655913978494624,-0.44086021505376344,-0.3333333333333333,-0.7849462365591398,-0.23655913978494625,-0.6989247311827957,-0.21505376344086022,-0.5806451612903226,-0.1827956989247312,-0.4838709677419355,-0.16129032258064516,-0.7849462365591398,-0.010752688172043012,-0.6989247311827957,-0.010752688172043012,-0.5913978494623656,0.0,-0.4946236559139785,0.010752688172043012,-0.7526881720430108,0.1935483870967742,-0.6881720430107527,0.1935483870967742,-0.5806451612903226,0.17204301075268819,-0.4946236559139785,0.17204301075268819
2,0.0,0.0,-0.043478260869565216,-0.358695652173913,-0.18478260869565216,-0.6304347826086957,-0.33695652173913043,-0.8152173913043478,-0.3695652173913043,-1.0,-0.7065217391304348,-0.41304347826086957,-0.6304347826086957,-0.3695652173913043,-0.5,-0.33695652173913043,-0.42391304347826086,-0.31521739130434784,-0.7717391304347826,-0.17391304347826086,-0.6956521739130435,-0.16304347826086957,-0.5760869565217391,-0.14130434782608695,-0.4891304347826087,-0.13043478260869565,-0.7608695652173914,0.043478260869565216,-0.6956521739130435,0.03260869565217391,-0.5869565217391305,0.03260869565217391,-0.4891304347826087,0.043478260869565216,-0.717391304347826,0.2391304347826087,-0.6630434782608695,0.2391304347826087,-0.5543478260869565,0.21739130434782608,-0.4673913043478261,0.20652173913043478
2,0.0,0.0,-0.07446808510638298,-0.35106382978723405,-0.23404255319148937,-0.6170212765957447,-0.3723404255319149,-0.8191489361702128,-0.4148936170212766,-1.0,-0.7340425531914894,-0.43617021276595747,-0.6382978723404256,-0.40425531914893614,-0.5,-0.3723404255319149,-0.425531914893617,-0.32978723404255317,-0.7978723404255319,-0.2127659574468085,-0.6914893617021277,-0.20212765957446807,-0.574468085106383,-0.18085106382978725,-0.48936170212765956,-0.14893617021276595,-0.7872340425531915,0.0,-0.7021276595744681,-0.02127659574468085,-0.5957446808510638,-0.02127659574468085,-0.5106382978723404,0.0,-0.7446808510638298,0.18085106382978725,-0.7021276595744681,0.1702127659574468,-0.5957446808510638,0.14893617021276595,-0.5106382978723404,0.13829787234042554
2,0.0,0.0,0.04854368932038835,-0.3300970873786408,-0.009708737864077669,-0.5825242718446602,-0.0970873786407767,-0.8155339805825242,-0.13592233009708737,-1.0,-0.3300970873786408,-0.39805825242718446,-0.2912621359223301,-0.4854368932038835,-0.1941747572815534,-0.44660194174757284,-0.13592233009708737,-0.3883495145631068,-0.3883495145631068,-0.21359223300970873,-0.32038834951456313,-0.27184466019417475,-0.23300970873786409,-0.2815533980582524,-0.17475728155339806,-0.2524271844660194,-0.39805825242718446,-0.04854368932038835,-0.3300970873786408,-0.0970873786407767,-0.2524271844660194,-0.11650485436893204,-0.20388349514563106,-0.0970873786407767,-0.3883495145631068,0.0970873786407767,-0.33980582524271846,0.05825242718446602,-0.2621359223300971,0.04854368932038835,-0.20388349514563106,0.06796116504854369
2,0.0,0.0,0.035398230088495575,-0.3008849557522124,-0.017699115044247787,-0.584070796460177,-0.07964601769911504,-0.831858407079646,-0.09734513274336283,-1.0,-0.22123893805309736,-0.4424778761061947,-0.19469026548672566,-0.6283185840707964,-0.1504424778761062,-0.6371681415929203,-0.1504424778761062,-0.6106194690265486,-0.3274336283185841,-0.3008849557522124,-0.3185840707964602,-0.5309734513274337,-0.23893805309734514,-0.5221238938053098,-0.21238938053097345,-0.46017699115044247,-0.3805309734513274,-0.17699115044247787,-0.35398230088495575,-0.3893805309734513,-0.2920353982300885,-0.3805309734513274,-0.25663716814159293,-0.3185840707964602,-0.3893805309734513,-0.07079646017699115,-0.37168141592920356,-0.23893805309734514,-0.3185840707964602,-0.25663716814159293,-0.2831858407079646,-0.22123893805309736
2,0.0,0.0,0.07766990291262135,-0.2912621359223301,0.04854368932038835,-0.5631067961165048,0.009708737864077669,-0.8058252427184466,0.019417475728155338,-1.0,-0.20388349514563106,-0.44660194174757284,-0.13592233009708737,-0.5533980582524272,-0.11650485436893204,-0.5728155339805825,-0.1262135922330097,-0.5728155339805825,-0.3300970873786408,-0.2815533980582524,-0.24271844660194175,-0.3786407766990291,-0.18446601941747573,-0.3592233009708738,-0.1650485436893204,-0.3106796116504854,-0.3786407766990291,-0.10679611650485436,-0.27184466019417475,-0.1941747572815534,-0.22330097087378642,-0.1941747572815534,-0.21359223300970873,-0.1553398058252427,-0.36893203883495146,0.04854368932038835,-0.2912621359223301,-0.02912621359223301,-0.24271844660194175,-0.02912621359223301,-0.22330097087378642,0.009708737864077669
2,0.0,0.0,0.05555555555555555,-0.35185185185185186,-0.009259259259259259,-0.6111111111111112,-0.09259259259259259,-0.8240740740740741,-0.1388888888888889,-1.0,-0.35185185185185186,-0.42592592592592593,-0.25,-0.4722222222222222,-0.16666666666666666,-0.4444444444444444,-0.1388888888888889,-0.3888888888888889,-0.4166666666666667,-0.24074074074074073,-0.2777777777777778,-0.2962962962962963,-0.21296296296296297,-0.28703703703703703,-0.17592592592592593,-0.25,-0.39814814814814814,-0.07407407407407407,-0.3055555555555556,-0.1388888888888889,-0.24074074074074073,-0.14814814814814814,-0.2037037037037037,-0.12037037037037036,-0.3611111111111111,0.06481481481481481,-0.3055555555555556,0.009259259259259259,-0.24074074074074073,0.0,-0.19444444444444445,0.027777777777777776
2,0.0,0.0,-0.00819672131147541,-0.3524590163934426,-0.13114754098360656,-0.6147540983606558,-0.22950819672131148,-0.819672131147541,-0.2540983606557377,-1.0,-0.5,-0.45901639344262296,-0.39344262295081966,-0.4918032786885246,-0.27049180327868855,-0.4672131147540984,-0.20491803278688525,-0.4426229508196721,-0.5327868852459017,-0.2459016393442623,-0.4262295081967213,-0.28688524590163933,-0.32786885245901637,-0.2786885245901639,-0.26229508196721313,-0.2459016393442623,-0.4918032786885246,-0.040983606557377046,-0.4180327868852459,-0.11475409836065574,-0.3442622950819672,-0.12295081967213115,-0.2786885245901639,-0.09836065573770492,-0.4262295081967213,0.13114754098360656,-0.3524590163934426,0.06557377049180328,-0.2786885245901639,0.040983606557377046,-0.22131147540983606,0.05737704918032787
2,0.0,0.0,0.008771929824561403,-0.3333333333333333,-0.07017543859649122,-0.5877192982456141,-0.16666666666666666,-0.7982456140350878,-0.20175438596491227,-1.0,-0.5263157894736842,-0.40350877192982454,-0.5263157894736842,-0.3157894736842105,-0.42105263157894735,-0.2719298245614035,-0.32456140350877194,-0.24561403508771928,-0.6052631578947368,-0.19298245614035087,-0.5350877192982456,-0.13157894736842105,-0.42105263157894735,-0.11403508771929824,-0.34210526315789475,-0.10526315789473684,-0.6140350877192983,0.0,-0.5526315789473685,0.02631578947368421,-0.45614035087719296,0.043859649122807015,-0.37719298245614036,0.043859649122807015,-0.5964912280701754,0.17543859649122806,-0.5789473684210527,0.20175438596491227,-0.4824561403508772,0.19298245614035087,-0.40350877192982454,0.17543859649122806
2,0.0,0.0,-0.02631578947368421,-0.32456140350877194,-0.16666666666666666,-0.5877192982456141,-0.2631578947368421,-0.8070175438596491,-0.2631578947368421,-1.0,-0.5964912280701754,-0.4824561403508772,-0.5701754385964912,-0.4298245614035088,-0.4649122807017544,-0.37719298245614036,-0.37719298245614036,-0.3333333333333333,-0.6754385964912281,-0.3157894736842105,-0.6754385964912281,-0.2719298245614035,-0.5789473684210527,-0.23684210526315788,-0.4824561403508772,-0.21929824561403508,-0.6842105263157895,-0.13157894736842105,-0.6754385964912281,-0.13157894736842105,-0.5789473684210527,-0.11403508771929824,-0.4824561403508772,-0.10526315789473684,-0.6578947368421053,0.03508771929824561,-0.6140350877192983,0.043859649122807015,-0.5175438596491229,0.03508771929824561,-0.4473684210526316,0.03508771929824561
2,0.0,0.0,-0.04424778761061947,-0.34513274336283184,-0.17699115044247787,-0.6017699115044248,-0.2743362831858407,-0.8141592920353983,-0.2743362831858407,-1.0,-0.6283185840707964,-0.504424778761062,-0.5221238938053098,-0.45132743362831856,-0.415929203539823,-0.39823008849557523,-0.34513274336283184,-0.35398230088495575,-0.7079646017699115,-0.2920353982300885,-0.6017699115044248,-0.26548672566371684,-0.5132743362831859,-0.23893805309734514,-0.4336283185840708,-0.21238938053097345,-0.7168141592920354,-0.08849557522123894,-0.6194690265486725,-0.07964601769911504,-0.5309734513274337,-0.061946902654867256,-0.46017699115044247,-0.05309734513274336,-0.6814159292035398,0.10619469026548672,-0.584070796460177,0.10619469026548672,-0.48672566371681414,0.10619469026548672,-0.4247787610619469,0.10619469026548672
2,0.0,0.0,-0.0603448275862069,-0.33620689655172414,-0.21551724137931033,-0.5948275862068966,-0.33620689655172414,-0.8103448275862069,-0.33620689655172414,-1.0,-0.646551724137931,-0.49137931034482757,-0.6120689655172413,-0.45689655172413796,-0.5086206896551724,-0.4051724137931034,-0.43103448275862066,-0.3793103448275862,-0.7155172413793104,-0.28448275862068967,-0.6551724137931034,-0.2672413793103448,-0.5517241379310345,-0.25,-0.4827586206896552,-0.22413793103448276,-0.7068965517241379,-0.07758620689655173,-0.646551724137931,-0.08620689655172414,-0.5603448275862069,-0.06896551724137931,-0.4827586206896552,-0.05172413793103448,-0.6810344827586207,0.11206896551724138,-0.6293103448275862,0.09482758620689655,-0.5431034482758621,0.09482758620689655,-0.4827586206896552,0.10344827586206896
2,0.0,0.0,-0.05357142857142857,-0.32142857142857145,-0.20535714285714285,-0.5892857142857143,-0.3125,-0.8035714285714286,-0.30357142857142855,-1.0,-0.625,-0.5178571428571429,-0.6875,-0.41964285714285715,-0.5714285714285714,-0.375,-0.4642857142857143,-0.35714285714285715,-0.6964285714285714,-0.33035714285714285,-0.6964285714285714,-0.24107142857142858,-0.5892857142857143,-0.21428571428571427,-0.48214285714285715,-0.20535714285714285,-0.6964285714285714,-0.13392857142857142,-0.6875,-0.08035714285714286,-0.5892857142857143,-0.0625,-0.48214285714285715,-0.0625,-0.6785714285714286,0.05357142857142857,-0.6607142857142857,0.09821428571428571,-0.5625,0.10714285714285714,-0.4732142857142857,0.08928571428571429
2,0.0,0.0,-0.09090909090909091,-0.3181818181818182,-0.24545454545454545,-0.5909090909090909,-0.36363636363636365,-0.8090909090909091,-0.35454545454545455,-1.0,-0.6727272727272727,-0.5272727272727272,-0.8,-0.4,-0.7,-0.32727272727272727,-0.5818181818181818,-0.3181818181818182,-0.7363636363636363,-0.34545454545454546,-0.7909090909090909,-0.20909090909090908,-0.6818181818181818,-0.16363636363636364,-0.5636363636363636,-0.17272727272727273,-0.7363636363636363,-0.13636363636363635,-0.7545454545454545,-0.045454545454545456,-0.6545454545454545,-0.01818181818181818,-0.5454545454545454,-0.03636363636363636,-0.7090909090909091,0.05454545454545454,-0.7363636363636363,0.12727272727272726,-0.6363636363636364,0.13636363636363635,-0.5454545454545454,0.10909090909090909
2,0.0,0.0,-0.06422018348623854,-0.3119266055045872,-0.23853211009174313,-0.6055045871559633,-0.3394495412844037,-0.8256880733944955,-0.3119266055045872,-1.0,-0.5321100917431193,-0.6055045871559633,-0.8165137614678899,-0.48623853211009177,-0.7522935779816514,-0.4036697247706422,-0.6513761467889908,-0.3944954128440367,-0.5779816513761468,-0.42201834862385323,-0.8440366972477065,-0.28440366972477066,-0.7431192660550459,-0.22935779816513763,-0.6238532110091743,-0.24770642201834864,-0.5963302752293578,-0.22935779816513763,-0.8256880733944955,-0.11926605504587157,-0.7247706422018348,-0.07339449541284404,-0.6055045871559633,-0.10091743119266056,-0.5871559633027523,-0.03669724770642202,-0.7798165137614679,0.03669724770642202,-0.6788990825688074,0.06422018348623854,-0.5688073394495413,0.03669724770642202
2,0.0,0.0,-0.13934426229508196,-0.28688524590163933,-0.21311475409836064,-0.5901639344262295,-0.23770491803278687,-0.819672131147541,-0.19672131147540983,-1.0,-0.13934426229508196,-0.7131147540983607,-0.5327868852459017,-0.6229508196721312,-0.47540983606557374,-0.5,-0.3524590163934426,-0.5081967213114754,-0.10655737704918032,-0.5655737704918032,-0.5327868852459017,-0.4426229508196721,-0.45081967213114754,-0.36065573770491804,-0.32786885245901637,-0.36065573770491804,-0.10655737704918032,-0.38524590163934425,-0.4918032786885246,-0.28688524590163933,-0.4098360655737705,-0.21311475409836064,-0.29508196721311475,-0.20491803278688525,-0.12295081967213115,-0.20491803278688525,-0.4180327868852459,-0.13114754098360656,-0.36065573770491804,-0.09016393442622951,-0.2540983606557377,-0.09836065573770492
2,0.0,0.0,-0.0847457627118644,-0.3135593220338983,-0.00847457627118644,-0.6016949152542372,0.07627118644067797,-0.8050847457627118,0.1271186440677966,-1.0,0.3559322033898305,-0.6694915254237288,-0.01694915254237288,-0.7288135593220338,-0.07627118644067797,-0.5847457627118644,0.00847457627118644,-0.5169491525423728,0.4322033898305085,-0.5169491525423728,-0.01694915254237288,-0.5423728813559322,-0.06779661016949153,-0.4067796610169492,0.00847457627118644,-0.3474576271186441,0.4406779661016949,-0.3305084745762712,0.01694915254237288,-0.3644067796610169,-0.0423728813559322,-0.2542372881355932,0.03389830508474576,-0.211864406779661,0.4067796610169492,-0.13559322033898305,0.0847457627118644,-0.1694915254237288,0.0423728813559322,-0.11016949152542373,0.11016949152542373,-0.06779661016949153
2,0.0,0.0,-0.05309734513274336,-0.30973451327433627,0.05309734513274336,-0.6017699115044248,0.1504424778761062,-0.8053097345132744,0.21238938053097345,-1.0,0.45132743362831856,-0.6548672566371682,0.07964601769911504,-0.7433628318584071,-0.008849557522123894,-0.5929203539823009,0.061946902654867256,-0.5132743362831859,0.5398230088495575,-0.49557522123893805,0.07964601769911504,-0.5575221238938053,0.0,-0.415929203539823,0.061946902654867256,-0.34513274336283184,0.5486725663716814,-0.3008849557522124,0.11504424778761062,-0.36283185840707965,0.035398230088495575,-0.25663716814159293,0.08849557522123894,-0.20353982300884957,0.5132743362831859,-0.09734513274336283,0.18584070796460178,-0.1592920353982301,0.11504424778761062,-0.10619469026548672,0.168141592920354,-0.05309734513274336
2,0.0,0.0,-0.05357142857142857,-0.29464285714285715,0.0625,-0.5892857142857143,0.17857142857142858,-0.8035714285714286,0.25,-1.0,0.48214285714285715,-0.6517857142857143,0.125,-0.7589285714285714,0.017857142857142856,-0.6160714285714286,0.08035714285714286,-0.5178571428571429,0.5714285714285714,-0.49107142857142855,0.125,-0.5625,0.017857142857142856,-0.4107142857142857,0.08035714285714286,-0.3392857142857143,0.5892857142857143,-0.29464285714285715,0.16071428571428573,-0.375,0.05357142857142857,-0.25892857142857145,0.11607142857142858,-0.19642857142857142,0.5535714285714286,-0.08928571428571429,0.23214285714285715,-0.16964285714285715,0.14285714285714285,-0.10714285714285714,0.17857142857142858,-0.05357142857142857
2,0.0,0.0,-0.05504587155963303,-0.29357798165137616,0.05504587155963303,-0.5963302752293578,0.1651376146788991,-0.8073394495412844,0.23853211009174313,-1.0,0.5045871559633027,-0.6697247706422018,0.1834862385321101,-0.8073394495412844,0.05504587155963303,-0.6513761467889908,0.08256880733944955,-0.5412844036697247,0.6146788990825688,-0.5321100917431193,0.22018348623853212,-0.6330275229357798,0.07339449541284404,-0.47706422018348627,0.11009174311926606,-0.3944954128440367,0.6513761467889908,-0.3486238532110092,0.27522935779816515,-0.44954128440366975,0.13761467889908258,-0.3119266055045872,0.1559633027522936,-0.24770642201834864,0.6422018348623854,-0.14678899082568808,0.3761467889908257,-0.23853211009174313,0.22935779816513763,-0.1743119266055046,0.22018348623853212,-0.11926605504587157
2,0.0,0.0,-0.05405405405405406,-0.2972972972972973,0.04504504504504504,-0.5945945945945946,0.15315315315315314,-0.8018018018018018,0.22522522522522523,-1.0,0.4594594594594595,-0.6936936936936937,0.09009009009009009,-0.7657657657657657,0.009009009009009009,-0.6216216216216216,0.0990990990990991,-0.5405405405405406,0.5585585585585585,-0.5405405405405406,0.11711711711711711,-0.5855855855855856,0.036036036036036036,-0.44144144144144143,0.10810810810810811,-0.3783783783783784,0.5765765765765766,-0.34234234234234234,0.16216216216216217,-0.38738738738738737,0.07207207207207207,-0.2702702702702703,0.12612612612612611,-0.22522522522522523,0.5585585585585585,-0.13513513513513514,0.23423423423423423,-0.1891891891891892,0.16216216216216217,-0.11711711711711711,0.2072072072072072,-0.07207207207207207
2,0.0,0.0,-0.1111111111111111,-0.28205128205128205,-0.07692307692307693,-0.5897435897435898,-0.03418803418803419,-0.8034188034188035,0.0,-1.0,0.20512820512820512,-0.7008547008547008,-0.19658119658119658,-0.6495726495726496,-0.19658119658119658,-0.5213675213675214,-0.07692307692307693,-0.49572649572649574,0.29914529914529914,-0.5470085470085471,-0.17094017094017094,-0.4700854700854701,-0.1282051282051282,-0.358974358974359,-0.008547008547008548,-0.3504273504273504,0.3333333333333333,-0.3504273504273504,-0.1111111111111111,-0.29914529914529914,-0.07692307692307693,-0.20512820512820512,0.02564102564102564,-0.18803418803418803,0.3333333333333333,-0.13675213675213677,-0.008547008547008548,-0.13675213675213677,0.0,-0.08547008547008547,0.09401709401709402,-0.06837606837606838
2,0.0,0.0,-0.10084033613445378,-0.2689075630252101,-0.10084033613445378,-0.5714285714285714,-0.06722689075630252,-0.7899159663865546,-0.025210084033613446,-1.0,0.15966386554621848,-0.6554621848739496,-0.24369747899159663,-0.5714285714285714,-0.226890756302521,-0.46218487394957986,-0.10084033613445378,-0.453781512605042,0.25210084033613445,-0.4957983193277311,-0.2184873949579832,-0.37815126050420167,-0.15966386554621848,-0.29411764705882354,-0.025210084033613446,-0.3025210084033613,0.29411764705882354,-0.29411764705882354,-0.14285714285714285,-0.20168067226890757,-0.09243697478991597,-0.12605042016806722,0.025210084033613446,-0.13445378151260504,0.31092436974789917,-0.08403361344537816,-0.03361344537815126,-0.03361344537815126,-0.008403361344537815,-0.008403361344537815,0.09243697478991597,-0.01680672268907563
2,0.0,0.0,-0.09565217391304348,-0.28695652173913044,-0.10434782608695652,-0.5826086956521739,-0.0782608695652174,-0.8,-0.034782608695652174,-1.0,0.16521739130434782,-0.6086956521739131,-0.25217391304347825,-0.5565217391304348,-0.22608695652173913,-0.4782608695652174,-0.09565217391304348,-0.4782608695652174,0.23478260869565218,-0.4260869565217391,-0.24347826086956523,-0.34782608695652173,-0.1565217391304348,-0.2956521739130435,-0.02608695652173913,-0.3130434782608696,0.2608695652173913,-0.21739130434782608,-0.19130434782608696,-0.14782608695652175,-0.10434782608695652,-0.10434782608695652,0.017391304347826087,-0.12173913043478261,0.2608695652173913,0.0,-0.08695652173913043,0.02608695652173913,-0.02608695652173913,0.034782608695652174,0.10434782608695652,0.02608695652173913
2,0.0,0.0,-0.17391304347826086,-0.3115942028985507,-0.2318840579710145,-0.6086956521739131,-0.2246376811594203,-0.8260869565217391,-0.1956521739130435,-1.0,-0.06521739130434782,-0.6521739130434783,-0.43478260869565216,-0.5797101449275363,-0.3695652173913043,-0.4927536231884058,-0.2463768115942029,-0.5144927536231884,-0.014492753623188406,-0.4927536231884058,-0.42028985507246375,-0.41304347826086957,-0.3188405797101449,-0.36231884057971014,-0.21014492753623187,-0.37681159420289856,0.007246376811594203,-0.3188405797101449,-0.36231884057971014,-0.2463768115942029,-0.2826086956521739,-0.21014492753623187,-0.17391304347826086,-0.2246376811594203,0.0,-0.14492753623188406,-0.2826086956521739,-0.09420289855072464,-0.21014492753623187,-0.07246376811594203,-0.09420289855072464,-0.07971014492753623
2,0.0,0.0,-0.19014084507042253,-0.3028169014084507,-0.24647887323943662,-0.5985915492957746,-0.2323943661971831,-0.823943661971831,-0.19014084507042253,-1.0,-0.1056338028169014,-0.6619718309859155,-0.4647887323943662,-0.5774647887323944,-0.4084507042253521,-0.4859154929577465,-0.29577464788732394,-0.5070422535211268,-0.04929577464788732,-0.5140845070422535,-0.44366197183098594,-0.4225352112676056,-0.3591549295774648,-0.3732394366197183,-0.24647887323943662,-0.38028169014084506,-0.028169014084507043,-0.352112676056338,-0.3873239436619718,-0.2746478873239437,-0.323943661971831,-0.2323943661971831,-0.21830985915492956,-0.24647887323943662,-0.035211267605633804,-0.19014084507042253,-0.31690140845070425,-0.14788732394366197,-0.2535211267605634,-0.11267605633802817,-0.14084507042253522,-0.11971830985915492
2,0.0,0.0,-0.15714285714285714,-0.29285714285714287,-0.24285714285714285,-0.5928571428571429,-0.2642857142857143,-0.8142857142857143,-0.2357142857142857,-1.0,-0.15,-0.6714285714285714,-0.5142857142857142,-0.5857142857142857,-0.45,-0.4857142857142857,-0.3357142857142857,-0.5,-0.11428571428571428,-0.5214285714285715,-0.5,-0.42142857142857143,-0.40714285714285714,-0.35714285714285715,-0.29285714285714287,-0.36428571428571427,-0.10714285714285714,-0.35714285714285715,-0.45714285714285713,-0.2714285714285714,-0.37857142857142856,-0.20714285714285716,-0.2714285714285714,-0.21428571428571427,-0.11428571428571428,-0.18571428571428572,-0.38571428571428573,-0.14285714285714285,-0.3142857142857143,-0.10714285714285714,-0.20714285714285716,-0.10714285714285714
2,0.0,0.0,-0.19852941176470587,-0.2867647058823529,-0.27205882352941174,-0.5882352941176471,-0.2647058823529412,-0.8161764705882353,-0.22794117647058823,-1.0,-0.11029411764705882,-0.6838235294117647,-0.47794117647058826,-0.6029411764705882,-0.4264705882352941,-0.5073529411764706,-0.3161764705882353,-0.5220588235294118,-0.0661764705882353,-0.5367647058823529,-0.4632352941176471,-0.4411764705882353,-0.38235294117647056,-0.3897058823529412,-0.27941176470588236,-0.39705882352941174,-0.058823529411764705,-0.36764705882352944,-0.41911764705882354,-0.29411764705882354,-0.35294117647058826,-0.2426470588235294,-0.25,-0.25,-0.07352941176470588,-0.19852941176470587,-0.35294117647058826,-0.16911764705882354,-0.29411764705882354,-0.1323529411764706,-0.19117647058823528,-0.1323529411764706
2,0.0,0.0,-0.16312056737588654,-0.3049645390070922,-0.22695035460992907,-0.6099290780141844,-0.23404255319148937,-0.8156028368794326,-0.2198581560283688,-1.0,-0.03546099290780142,-0.6524822695035462,-0.3617021276595745,-0.6170212765957447,-0.3191489361702128,-0.5177304964539007,-0.2198581560283688,-0.5177304964539007,0.014184397163120567,-0.48226950354609927,-0.3333333333333333,-0.48226950354609927,-0.2907801418439716,-0.425531914893617,-0.19148936170212766,-0.41134751773049644,0.02127659574468085,-0.3120567375886525,-0.3049645390070922,-0.3404255319148936,-0.2624113475177305,-0.28368794326241137,-0.16312056737588654,-0.2695035460992908,0.0,-0.16312056737588654,-0.24113475177304963,-0.2127659574468085,-0.2127659574468085,-0.16312056737588654,-0.1276595744680851,-0.14184397163120568
2,0.0,0.0,-0.007751937984496124,-0.2713178294573643,-0.09302325581395349,-0.5503875968992248,-0.11627906976744186,-0.7829457364341085,-0.12403100775193798,-1.0,-0.06976744186046512,-0.29457364341085274,-0.007751937984496124,-0.27906976744186046,0.015503875968992248,-0.2713178294573643,0.007751937984496124,-0.23255813953488372,-0.06201550387596899,-0.05426356589147287,0.0,-0.06201550387596899,0.0,-0.046511627906976744,-0.015503875968992248,0.0,-0.046511627906976744,0.12403100775193798,-0.015503875968992248,0.09302325581395349,-0.023255813953488372,0.09302325581395349,-0.046511627906976744,0.11627906976744186,-0.023255813953488372,0.24031007751937986,-0.023255813953488372,0.23255813953488372,-0.023255813953488372,0.2558139534883721,-0.03875968992248062,0.29457364341085274
2,0.0,0.0,-0.2077922077922078,-0.2727272727272727,-0.3051948051948052,-0.5714285714285714,-0.3246753246753247,-0.8051948051948052,-0.2987012987012987,-1.0,-0.06493506493506493,-0.5,-0.38961038961038963,-0.35714285714285715,-0.34415584415584416,-0.33116883116883117,-0.24025974025974026,-0.38961038961038963,0.012987012987012988,-0.3116883116883117,-0.37662337662337664,-0.2012987012987013,-0.3051948051948052,-0.21428571428571427,-0.19480519480519481,-0.2727272727272727,0.045454545454545456,-0.14285714285714285,-0.33116883116883117,-0.06493506493506493,-0.2727272727272727,-0.08441558441558442,-0.14935064935064934,-0.12337662337662338,0.03896103896103896,0.012987012987012988,-0.2597402597402597,0.06493506493506493,-0.18831168831168832,0.03896103896103896,-0.05194805194805195,0.0
2,0.0,0.0,-0.19858156028368795,-0.28368794326241137,-0.3262411347517731,-0.5673758865248227,-0.36879432624113473,-0.8014184397163121,-0.375886524822695,-1.0,-0.1276595744680851,-0.48226950354609927,-0.44680851063829785,-0.41134751773049644,-0.41134751773049644,-0.3900709219858156,-0.3120567375886525,-0.41843971631205673,-0.05673758865248227,-0.3049645390070922,-0.44680851063829785,-0.24822695035460993,-0.3829787234042553,-0.2553191489361702,-0.2624113475177305,-0.28368794326241137,-0.028368794326241134,-0.14184397163120568,-0.40425531914893614,-0.10638297872340426,-0.3404255319148936,-0.09929078014184398,-0.2127659574468085,-0.1347517730496454,-0.03546099290780142,0.0,-0.3191489361702128,0.028368794326241134,-0.2624113475177305,0.0425531914893617,-0.14184397163120568,0.02127659574468085
2,0.0,0.0,-0.21014492753623187,-0.2753623188405797,-0.2536231884057971,-0.5797101449275363,-0.2318840579710145,-0.8043478260869565,-0.2318840579710145,-1.0,0.021739130434782608,-0.4782608695652174,-0.2971014492753623,-0.36231884057971014,-0.2826086956521739,-0.3188405797101449,-0.18115942028985507,-0.3695652173913043,0.11594202898550725,-0.2898550724637681,-0.2898550724637681,-0.17391304347826086,-0.2463768115942029,-0.1956521739130435,-0.13043478260869565,-0.2463768115942029,0.15217391304347827,-0.11594202898550725,-0.2536231884057971,-0.036231884057971016,-0.21014492753623187,-0.057971014492753624,-0.08695652173913043,-0.09420289855072464,0.13768115942028986,0.036231884057971016,-0.18840579710144928,0.09420289855072464,-0.14492753623188406,0.07971014492753623,-0.021739130434782608,0.050724637681159424
2,0.0,0.0,-0.13008130081300814,-0.2764227642276423,-0.13821138211382114,-0.5772357723577236,-0.11382113821138211,-0.7886178861788617,-0.04878048780487805,-1.0,0.1951219512195122,-0.3821138211382114,-0.17073170731707318,-0.2845528455284553,-0.18699186991869918,-0.3089430894308943,-0.08943089430894309,-0.34146341463414637,0.3170731707317073,-0.16260162601626016,-0.15447154471544716,-0.056910569105691054,-0.12195121951219512,-0.13008130081300814,-0.024390243902439025,-0.18699186991869918,0.35772357723577236,0.04065040650406504,-0.08130081300813008,0.0975609756097561,-0.06504065040650407,0.032520325203252036,0.024390243902439025,-0.008130081300813009,0.35772357723577236,0.22764227642276422,0.056910569105691054,0.24390243902439024,0.032520325203252036,0.18699186991869918,0.08130081300813008,0.13821138211382114
2,0.0,0.0,-0.1111111111111111,-0.2619047619047619,-0.11904761904761904,-0.5555555555555556,-0.10317460317460317,-0.7698412698412699,-0.047619047619047616,-1.0,0.21428571428571427,-0.3968253968253968,-0.1349206349206349,-0.30952380952380953,-0.15079365079365079,-0.3333333333333333,-0.05555555555555555,-0.38095238095238093,0.3253968253968254,-0.19047619047619047,-0.1349206349206349,-0.0873015873015873,-0.0873015873015873,-0.15873015873015872,0.023809523809523808,-0.21428571428571427,0.36507936507936506,0.007936507936507936,-0.07936507936507936,0.07142857142857142,-0.03968253968253968,0.015873015873015872,0.07142857142857142,-0.015873015873015872,0.35714285714285715,0.19047619047619047,0.023809523809523808,0.20634920634920634,0.03968253968253968,0.18253968253968253,0.12698412698412698,0.15079365079365079
2,0.0,0.0,-0.10084033613445378,-0.2689075630252101,-0.08403361344537816,-0.5630252100840336,-0.04201680672268908,-0.773109243697479,0.025210084033613446,-1.0,0.2605042016806723,-0.3697478991596639,-0.1092436974789916,-0.25210084033613445,-0.11764705882352941,-0.29411764705882354,-0.01680672268907563,-0.35294117647058826,0.3697478991596639,-0.15126050420168066,-0.12605042016806722,-0.04201680672268908,-0.06722689075630252,-0.13445378151260504,0.04201680672268908,-0.19327731092436976,0.3949579831932773,0.04201680672268908,-0.07563025210084033,0.1092436974789916,-0.04201680672268908,0.03361344537815126,0.07563025210084033,0.0,0.3697478991596639,0.2184873949579832,0.008403361344537815,0.24369747899159663,0.008403361344537815,0.20168067226890757,0.09243697478991597,0.16806722689075632
2,0.0,0.0,-0.0603448275862069,-0.25,-0.05172413793103448,-0.5431034482758621,-0.04310344827586207,-0.7672413793103449,0.008620689655172414,-1.0,0.2413793103448276,-0.3620689655172414,-0.1896551724137931,-0.25,-0.15517241379310345,-0.28448275862068967,-0.034482758620689655,-0.3103448275862069,0.31896551724137934,-0.1206896551724138,-0.20689655172413793,-0.017241379310344827,-0.10344827586206896,-0.08620689655172414,0.02586206896551724,-0.12931034482758622,0.33620689655172414,0.09482758620689655,-0.14655172413793102,0.15517241379310345,-0.06896551724137931,0.10344827586206896,0.06896551724137931,0.08620689655172414,0.3103448275862069,0.28448275862068967,-0.04310344827586207,0.3017241379310345,0.0,0.27586206896551724,0.1206896551724138,0.2672413793103448
2,0.0,0.0,-0.09016393442622951,-0.27049180327868855,-0.11475409836065574,-0.5655737704918032,-0.11475409836065574,-0.7868852459016393,-0.11475409836065574,-1.0,0.07377049180327869,-0.4016393442622951,-0.319672131147541,-0.28688524590163933,-0.28688524590163933,-0.26229508196721313,-0.1557377049180328,-0.30327868852459017,0.12295081967213115,-0.20491803278688525,-0.3524590163934426,-0.10655737704918032,-0.2540983606557377,-0.13934426229508196,-0.10655737704918032,-0.18032786885245902,0.13934426229508196,-0.02459016393442623,-0.32786885245901637,0.040983606557377046,-0.23770491803278687,0.0,-0.09016393442622951,-0.03278688524590164,0.11475409836065574,0.12295081967213115,-0.2540983606557377,0.16393442622950818,-0.19672131147540983,0.13114754098360656,-0.06557377049180328,0.11475409836065574
2,0.0,0.0,-0.07317073170731707,-0.25203252032520324,-0.0975609756097561,-0.5528455284552846,-0.0975609756097561,-0.7804878048780488,-0.10569105691056911,-1.0,0.07317073170731707,-0.4065040650406504,-0.34146341463414637,-0.3252032520325203,-0.2845528455284553,-0.2845528455284553,-0.15447154471544716,-0.2845528455284553,0.12195121951219512,-0.21951219512195122,-0.3983739837398374,-0.13821138211382114,-0.2682926829268293,-0.13821138211382114,-0.10569105691056911,-0.15447154471544716,0.13821138211382114,-0.04065040650406504,-0.35772357723577236,0.024390243902439025,-0.22764227642276422,0.024390243902439025,-0.06504065040650407,0.016260162601626018,0.11382113821138211,0.13008130081300814,-0.2601626016260163,0.16260162601626016,-0.17886178861788618,0.15447154471544716,-0.024390243902439025,0.15447154471544716
2,0.0,0.0,-0.08130081300813008,-0.24390243902439024,-0.12195121951219512,-0.5528455284552846,-0.13821138211382114,-0.7723577235772358,-0.14634146341463414,-1.0,0.024390243902439025,-0.3821138211382114,-0.3902439024390244,-0.3008130081300813,-0.3333333333333333,-0.2682926829268293,-0.18699186991869918,-0.2845528455284553,0.08943089430894309,-0.18699186991869918,-0.43902439024390244,-0.07317073170731707,-0.3008130081300813,-0.0975609756097561,-0.13008130081300814,-0.11382113821138211,0.11382113821138211,0.008130081300813009,-0.3902439024390244,0.08130081300813008,-0.23577235772357724,0.056910569105691054,-0.056910569105691054,0.032520325203252036,0.10569105691056911,0.18699186991869918,-0.2845528455284553,0.21951219512195122,-0.17886178861788618,0.1951219512195122,-0.016260162601626018,0.1951219512195122
2,0.0,0.0,-0.08196721311475409,-0.2540983606557377,-0.10655737704918032,-0.5491803278688525,-0.10655737704918032,-0.7786885245901639,-0.09016393442622951,-1.0,0.11475409836065574,-0.4262295081967213,-0.30327868852459017,-0.36065573770491804,-0.2786885245901639,-0.32786885245901637,-0.1557377049180328,-0.3360655737704918,0.1557377049180328,-0.22950819672131148,-0.3442622950819672,-0.13114754098360656,-0.22950819672131148,-0.13934426229508196,-0.07377049180327869,-0.1557377049180328,0.16393442622950818,-0.03278688524590164,-0.29508196721311475,0.040983606557377046,-0.1721311475409836,0.02459016393442623,-0.01639344262295082,-0.00819672131147541,0.14754098360655737,0.1557377049180328,-0.1885245901639344,0.19672131147540983,-0.09836065573770492,0.18032786885245902,0.04918032786885246,0.1557377049180328
2,0.0,0.0,-0.15151515151515152,-0.3212121212121212,-0.23636363636363636,-0.6121212121212121,-0.2545454545454545,-0.8303030303030303,-0.22424242424242424,-1.0,-0.07878787878787878,-0.5575757575757576,-0.3939393939393939,-0.5272727272727272,-0.32727272727272727,-0.4484848484848485,-0.21818181818181817,-0.46060606060606063,-0.03636363636363636,-0.3939393939393939,-0.3878787878787879,-0.37575757575757573,-0.30303030303030304,-0.34545454545454546,-0.18181818181818182,-0.34545454545454546,-0.024242424242424242,-0.24848484848484848,-0.3575757575757576,-0.24848484848484848,-0.28484848484848485,-0.21818181818181817,-0.17575757575757575,-0.22424242424242424,-0.03636363636363636,-0.11515151515151516,-0.30303030303030304,-0.12727272727272726,-0.24242424242424243,-0.10303030303030303,-0.12727272727272726,-0.09090909090909091
2,0.0,0.0,-0.15204678362573099,-0.32748538011695905,-0.22807017543859648,-0.6198830409356725,-0.23976608187134502,-0.8362573099415205,-0.19298245614035087,-1.0,-0.05847953216374269,-0.6081871345029239,-0.3567251461988304,-0.5555555555555556,-0.30409356725146197,-0.4619883040935672,-0.19883040935672514,-0.4853801169590643,-0.017543859649122806,-0.4444444444444444,-0.3508771929824561,-0.40350877192982454,-0.27485380116959063,-0.3567251461988304,-0.1695906432748538,-0.3742690058479532,-0.011695906432748537,-0.29239766081871343,-0.3157894736842105,-0.26900584795321636,-0.2573099415204678,-0.22807017543859648,-0.15789473684210525,-0.23976608187134502,-0.023391812865497075,-0.15789473684210525,-0.2573099415204678,-0.14619883040935672,-0.2046783625730994,-0.1111111111111111,-0.1111111111111111,-0.10526315789473684
2,0.0,0.0,-0.15789473684210525,-0.3157894736842105,-0.24342105263157895,-0.625,-0.25,-0.8421052631578947,-0.20394736842105263,-1.0,-0.05921052631578947,-0.5526315789473685,-0.34210526315789475,-0.4934210526315789,-0.28289473684210525,-0.45394736842105265,-0.17763157894736842,-0.4934210526315789,0.0,-0.3815789473684211,-0.3355263157894737,-0.3355263157894737,-0.25,-0.34868421052631576,-0.14473684210526316,-0.375,0.013157894736842105,-0.23026315789473684,-0.29605263157894735,-0.21052631578947367,-0.2236842105263158,-0.21052631578947367,-0.11842105263157894,-0.23026315789473684,0.006578947368421052,-0.09210526315789473,-0.2236842105263158,-0.09210526315789473,-0.16447368421052633,-0.07236842105263158,-0.05921052631578947,-0.07236842105263158
2,0.0,0.0,-0.15555555555555556,-0.3037037037037037,-0.21481481481481482,-0.5925925925925926,-0.2222222222222222,-0.8074074074074075,-0.2,-1.0,0.022222222222222223,-0.5851851851851851,-0.34074074074074073,-0.5259259259259259,-0.3037037037037037,-0.4444444444444444,-0.18518518518518517,-0.4444444444444444,0.08148148148148149,-0.3925925925925926,-0.34074074074074073,-0.34814814814814815,-0.26666666666666666,-0.3037037037037037,-0.14814814814814814,-0.3111111111111111,0.0962962962962963,-0.2074074074074074,-0.3037037037037037,-0.1925925925925926,-0.22962962962962963,-0.15555555555555556,-0.1037037037037037,-0.15555555555555556,0.07407407407407407,-0.037037037037037035,-0.24444444444444444,-0.044444444444444446,-0.18518518518518517,-0.02962962962962963,-0.05185185185185185,-0.022222222222222223
2,0.0,0.0,-0.1417910447761194,-0.30597014925373134,-0.19402985074626866,-0.5970149253731343,-0.1865671641791045,-0.8134328358208955,-0.15671641791044777,-1.0,0.04477611940298507,-0.6044776119402985,-0.31343283582089554,-0.5373134328358209,-0.2835820895522388,-0.44776119402985076,-0.16417910447761194,-0.4626865671641791,0.11194029850746269,-0.43283582089552236,-0.31343283582089554,-0.3656716417910448,-0.2462686567164179,-0.3208955223880597,-0.13432835820895522,-0.3358208955223881,0.12686567164179105,-0.26119402985074625,-0.27611940298507465,-0.19402985074626866,-0.20149253731343283,-0.16417910447761194,-0.08955223880597014,-0.1791044776119403,0.11194029850746269,-0.08208955223880597,-0.20149253731343283,-0.04477611940298507,-0.14925373134328357,-0.03731343283582089,-0.03731343283582089,-0.04477611940298507
2,0.0,0.0,-0.14285714285714285,-0.30714285714285716,-0.2357142857142857,-0.6,-0.2571428571428571,-0.8214285714285714,-0.22857142857142856,-1.0,-0.07142857142857142,-0.5928571428571429,-0.44285714285714284,-0.5,-0.37857142857142856,-0.4142857142857143,-0.2571428571428571,-0.42857142857142855,-0.03571428571428571,-0.42142857142857143,-0.4357142857142857,-0.3357142857142857,-0.34285714285714286,-0.3,-0.2357142857142857,-0.3142857142857143,-0.02142857142857143,-0.25,-0.39285714285714285,-0.18571428571428572,-0.30714285714285716,-0.16428571428571428,-0.19285714285714287,-0.18571428571428572,-0.02142857142857143,-0.09285714285714286,-0.3142857142857143,-0.05,-0.24285714285714285,-0.04285714285714286,-0.12857142857142856,-0.05
2,0.0,0.0,-0.14285714285714285,-0.30612244897959184,-0.23809523809523808,-0.5986394557823129,-0.2653061224489796,-0.8231292517006803,-0.22448979591836735,-1.0,-0.12244897959183673,-0.5782312925170068,-0.4897959183673469,-0.4897959183673469,-0.4013605442176871,-0.4217687074829932,-0.2789115646258503,-0.4489795918367347,-0.08843537414965986,-0.40816326530612246,-0.47619047619047616,-0.32653061224489793,-0.3741496598639456,-0.30612244897959184,-0.25170068027210885,-0.3197278911564626,-0.06802721088435375,-0.24489795918367346,-0.42857142857142855,-0.1836734693877551,-0.3469387755102041,-0.17006802721088435,-0.22448979591836735,-0.19727891156462585,-0.06802721088435375,-0.08843537414965986,-0.3673469387755102,-0.061224489795918366,-0.2925170068027211,-0.05442176870748299,-0.17687074829931973,-0.061224489795918366
2,0.0,0.0,-0.13986013986013987,-0.2937062937062937,-0.23076923076923078,-0.5874125874125874,-0.25874125874125875,-0.8111888111888111,-0.22377622377622378,-1.0,-0.13986013986013987,-0.5524475524475524,-0.5174825174825175,-0.48951048951048953,-0.4405594405594406,-0.42657342657342656,-0.32167832167832167,-0.4405594405594406,-0.1048951048951049,-0.3706293706293706,-0.5174825174825175,-0.32167832167832167,-0.4125874125874126,-0.3006993006993007,-0.2867132867132867,-0.3076923076923077,-0.0979020979020979,-0.2097902097902098,-0.4755244755244755,-0.17482517482517482,-0.3776223776223776,-0.15384615384615385,-0.25874125874125875,-0.16783216783216784,-0.0979020979020979,-0.055944055944055944,-0.3986013986013986,-0.03496503496503497,-0.32167832167832167,-0.02097902097902098,-0.1958041958041958,-0.027972027972027972
2,0.0,0.0,-0.1276595744680851,-0.2978723404255319,-0.22695035460992907,-0.5886524822695035,-0.2624113475177305,-0.8156028368794326,-0.2198581560283688,-1.0,-0.14893617021276595,-0.5460992907801419,-0.5319148936170213,-0.475177304964539,-0.4397163120567376,-0.41843971631205673,-0.3191489361702128,-0.44680851063829785,-0.12056737588652482,-0.3617021276595745,-0.5460992907801419,-0.3120567375886525,-0.4326241134751773,-0.2978723404255319,-0.3049645390070922,-0.3049645390070922,-0.11347517730496454,-0.19148936170212766,-0.49645390070921985,-0.16312056737588654,-0.3971631205673759,-0.15602836879432624,-0.2765957446808511,-0.1702127659574468,-0.12056737588652482,-0.03546099290780142,-0.41843971631205673,-0.02127659574468085,-0.3404255319148936,-0.014184397163120567,-0.2198581560283688,-0.02127659574468085
2,0.0,0.0,-0.12056737588652482,-0.28368794326241137,-0.22695035460992907,-0.5815602836879432,-0.2765957446808511,-0.8085106382978723,-0.23404255319148937,-1.0,-0.16312056737588654,-0.5531914893617021,-0.5390070921985816,-0.48936170212765956,-0.44680851063829785,-0.4326241134751773,-0.3262411347517731,-0.45390070921985815,-0.14184397163120568,-0.375886524822695,-0.5602836879432624,-0.3191489361702128,-0.44680851063829785,-0.2978723404255319,-0.3191489361702128,-0.3120567375886525,-0.1347517730496454,-0.19858156028368795,-0.5106382978723404,-0.16312056737588654,-0.41134751773049644,-0.14893617021276595,-0.2907801418439716,-0.1702127659574468,-0.14184397163120568,-0.0425531914893617,-0.4397163120567376,-0.02127659574468085,-0.3546099290780142,-0.02127659574468085,-0.24113475177304963,-0.028368794326241134
2,0.0,0.0,-0.03968253968253968,-0.2698412698412698,-0.18253968253968253,-0.5793650793650794,-0.2698412698412698,-0.8174603174603174,-0.2698412698412698,-1.0,-0.21428571428571427,-0.5476190476190477,-0.6428571428571429,-0.5079365079365079,-0.5317460317460317,-0.4523809523809524,-0.3968253968253968,-0.4444444444444444,-0.21428571428571427,-0.373015873015873,-0.626984126984127,-0.3253968253968254,-0.5158730158730159,-0.29365079365079366,-0.38095238095238093,-0.2857142857142857,-0.2222222222222222,-0.19047619047619047,-0.5634920634920635,-0.16666666666666666,-0.46825396825396826,-0.1349206349206349,-0.3492063492063492,-0.1349206349206349,-0.23015873015873015,-0.031746031746031744,-0.5079365079365079,-0.015873015873015872,-0.4126984126984127,0.007936507936507936,-0.29365079365079366,0.007936507936507936
2,0.0,0.0,-0.08943089430894309,-0.2845528455284553,-0.21951219512195122,-0.5853658536585366,-0.2926829268292683,-0.8130081300813008,-0.3008130081300813,-1.0,-0.2682926829268293,-0.6178861788617886,-0.6504065040650406,-0.5121951219512195,-0.5528455284552846,-0.43089430894308944,-0.4146341463414634,-0.4634146341463415,-0.23577235772357724,-0.43902439024390244,-0.6504065040650406,-0.3170731707317073,-0.5284552845528455,-0.2764227642276423,-0.3983739837398374,-0.3008130081300813,-0.21951219512195122,-0.25203252032520324,-0.5853658536585366,-0.15447154471544716,-0.4796747967479675,-0.12195121951219512,-0.35772357723577236,-0.13821138211382114,-0.21138211382113822,-0.07317073170731707,-0.4959349593495935,-0.008130081300813009,-0.3983739837398374,0.008130081300813009,-0.2764227642276423,-0.016260162601626018
2,0.0,0.0,-0.059322033898305086,-0.288135593220339,-0.1864406779661017,-0.5932203389830508,-0.2796610169491525,-0.8135593220338984,-0.2627118644067797,-1.0,-0.3220338983050847,-0.6101694915254238,-0.6949152542372882,-0.5,-0.5847457627118644,-0.4322033898305085,-0.4491525423728814,-0.4576271186440678,-0.3135593220338983,-0.4322033898305085,-0.711864406779661,-0.3050847457627119,-0.5847457627118644,-0.2711864406779661,-0.4491525423728814,-0.2966101694915254,-0.3050847457627119,-0.2457627118644068,-0.6610169491525424,-0.15254237288135594,-0.5423728813559322,-0.11864406779661017,-0.4152542372881356,-0.13559322033898305,-0.2966101694915254,-0.059322033898305086,-0.576271186440678,0.0,-0.4745762711864407,0.01694915254237288,-0.3474576271186441,-0.00847457627118644
2,0.0,0.0,-0.06779661016949153,-0.2627118644067797,-0.2033898305084746,-0.576271186440678,-0.2796610169491525,-0.8050847457627118,-0.2711864406779661,-1.0,-0.288135593220339,-0.6271186440677966,-0.6779661016949152,-0.5423728813559322,-0.6186440677966102,-0.4491525423728814,-0.4915254237288136,-0.4491525423728814,-0.2796610169491525,-0.4661016949152542,-0.7033898305084746,-0.3559322033898305,-0.6186440677966102,-0.288135593220339,-0.4830508474576271,-0.3050847457627119,-0.288135593220339,-0.2711864406779661,-0.6610169491525424,-0.1864406779661017,-0.5677966101694916,-0.1271186440677966,-0.4406779661016949,-0.1440677966101695,-0.288135593220339,-0.07627118644067797,-0.5847457627118644,-0.025423728813559324,-0.5,0.0,-0.3813559322033898,-0.00847457627118644
2,0.0,0.0,-0.08547008547008547,-0.26495726495726496,-0.23931623931623933,-0.5726495726495726,-0.3333333333333333,-0.8034188034188035,-0.3333333333333333,-1.0,-0.3333333333333333,-0.6068376068376068,-0.6923076923076923,-0.5384615384615384,-0.6495726495726496,-0.4444444444444444,-0.5384615384615384,-0.4358974358974359,-0.3333333333333333,-0.4444444444444444,-0.7264957264957265,-0.3333333333333333,-0.6495726495726496,-0.27350427350427353,-0.5384615384615384,-0.2905982905982906,-0.3333333333333333,-0.2564102564102564,-0.6923076923076923,-0.17094017094017094,-0.6153846153846154,-0.11965811965811966,-0.49572649572649574,-0.1452991452991453,-0.3418803418803419,-0.06837606837606838,-0.6239316239316239,-0.02564102564102564,-0.5470085470085471,0.008547008547008548,-0.4358974358974359,-0.008547008547008548
2,0.0,0.0,-0.08620689655172414,-0.29310344827586204,-0.2413793103448276,-0.5862068965517241,-0.35344827586206895,-0.8017241379310345,-0.35344827586206895,-1.0,-0.43103448275862066,-0.6120689655172413,-0.7758620689655172,-0.46551724137931033,-0.6724137931034483,-0.3879310344827586,-0.5517241379310345,-0.4224137931034483,-0.4224137931034483,-0.4482758620689655,-0.7758620689655172,-0.27586206896551724,-0.6637931034482759,-0.22413793103448276,-0.5431034482758621,-0.2672413793103448,-0.4051724137931034,-0.2672413793103448,-0.7327586206896551,-0.1206896551724138,-0.6206896551724138,-0.07758620689655173,-0.5,-0.1206896551724138,-0.3793103448275862,-0.07758620689655173,-0.646551724137931,0.017241379310344827,-0.5344827586206896,0.04310344827586207,-0.41379310344827586,0.0
2,0.0,0.0,-0.08928571428571429,-0.2767857142857143,-0.25892857142857145,-0.5892857142857143,-0.3482142857142857,-0.8125,-0.3482142857142857,-1.0,-0.38392857142857145,-0.6339285714285714,-0.7857142857142857,-0.5,-0.6964285714285714,-0.4017857142857143,-0.5714285714285714,-0.42857142857142855,-0.375,-0.48214285714285715,-0.7767857142857143,-0.29464285714285715,-0.6785714285714286,-0.24107142857142858,-0.5625,-0.2857142857142857,-0.36607142857142855,-0.29464285714285715,-0.7142857142857143,-0.14285714285714285,-0.625,-0.09821428571428571,-0.5089285714285714,-0.14285714285714285,-0.36607142857142855,-0.10714285714285714,-0.6428571428571429,0.0,-0.5446428571428571,0.026785714285714284,-0.42857142857142855,-0.008928571428571428
2,0.0,0.0,-0.07,-0.29,-0.23,-0.59,-0.34,-0.81,-0.34,-1.0,-0.34,-0.67,-0.76,-0.52,-0.66,-0.44,-0.54,-0.48,-0.33,-0.51,-0.76,-0.31,-0.65,-0.28,-0.53,-0.33,-0.32,-0.32,-0.7,-0.15,-0.6,-0.12,-0.48,-0.17,-0.32,-0.12,-0.63,0.01,-0.52,0.02,-0.4,-0.02
2,0.0,0.0,-0.18095238095238095,-0.26666666666666666,-0.2857142857142857,-0.580952380952381,-0.29523809523809524,-0.819047619047619,-0.24761904761904763,-1.0,-0.1619047619047619,-0.780952380952381,-0.6,-0.6476190476190476,-0.5333333333333333,-0.5333333333333333,-0.41904761904761906,-0.5428571428571428,-0.10476190476190476,-0.6190476190476191,-0.580952380952381,-0.47619047619047616,-0.4857142857142857,-0.4,-0.3523809523809524,-0.4095238095238095,-0.0761904761904762,-0.42857142857142855,-0.5142857142857142,-0.3333333333333333,-0.4380952380952381,-0.2571428571428571,-0.29523809523809524,-0.24761904761904763,-0.08571428571428572,-0.24761904761904763,-0.41904761904761906,-0.19047619047619047,-0.3523809523809524,-0.12380952380952381,-0.22857142857142856,-0.11428571428571428
2,0.0,0.0,-0.16981132075471697,-0.3113207547169811,-0.27358490566037735,-0.6320754716981132,-0.3113207547169811,-0.8301886792452831,-0.2830188679245283,-1.0,-0.16037735849056603,-0.8018867924528302,-0.5566037735849056,-0.660377358490566,-0.49056603773584906,-0.5471698113207547,-0.36792452830188677,-0.5660377358490566,-0.11320754716981132,-0.6320754716981132,-0.5471698113207547,-0.4716981132075472,-0.4528301886792453,-0.41509433962264153,-0.330188679245283,-0.42452830188679247,-0.10377358490566038,-0.4339622641509434,-0.49056603773584906,-0.32075471698113206,-0.4056603773584906,-0.2641509433962264,-0.29245283018867924,-0.2641509433962264,-0.11320754716981132,-0.2358490566037736,-0.41509433962264153,-0.1792452830188679,-0.33962264150943394,-0.14150943396226415,-0.2358490566037736,-0.14150943396226415
2,0.0,0.0,-0.18421052631578946,-0.30701754385964913,-0.22807017543859648,-0.6140350877192983,-0.22807017543859648,-0.8333333333333334,-0.21929824561403508,-1.0,-0.03508771929824561,-0.7807017543859649,-0.39473684210526316,-0.6842105263157895,-0.35964912280701755,-0.5877192982456141,-0.24561403508771928,-0.5964912280701754,0.02631578947368421,-0.6491228070175439,-0.38596491228070173,-0.5087719298245614,-0.30701754385964913,-0.4473684210526316,-0.19298245614035087,-0.4649122807017544,0.05263157894736842,-0.49122807017543857,-0.3333333333333333,-0.35964912280701755,-0.2631578947368421,-0.30701754385964913,-0.16666666666666666,-0.32456140350877194,0.05263157894736842,-0.2982456140350877,-0.2543859649122807,-0.21052631578947367,-0.21052631578947367,-0.17543859649122806,-0.11403508771929824,-0.19298245614035087
2,0.0,0.0,-0.07079646017699115,-0.3008849557522124,-0.23008849557522124,-0.584070796460177,-0.3274336283185841,-0.8141592920353983,-0.30973451327433627,-1.0,-0.504424778761062,-0.5929203539823009,-0.7876106194690266,-0.415929203539823,-0.6902654867256637,-0.34513274336283184,-0.584070796460177,-0.3805309734513274,-0.5309734513274337,-0.415929203539823,-0.7964601769911505,-0.23893805309734514,-0.6814159292035398,-0.19469026548672566,-0.5663716814159292,-0.23893805309734514,-0.5221238938053098,-0.23008849557522124,-0.7699115044247787,-0.07964601769911504,-0.6548672566371682,-0.05309734513274336,-0.5486725663716814,-0.09734513274336283,-0.49557522123893805,-0.04424778761061947,-0.6991150442477876,0.061946902654867256,-0.5929203539823009,0.07079646017699115,-0.48672566371681414,0.02654867256637168
2,0.0,0.0,-0.06956521739130435,-0.3130434782608696,-0.23478260869565218,-0.6,-0.3391304347826087,-0.8260869565217391,-0.3130434782608696,-1.0,-0.5739130434782609,-0.5739130434782609,-0.8,-0.40869565217391307,-0.7130434782608696,-0.3391304347826087,-0.6,-0.34782608695652173,-0.6086956521739131,-0.391304347826087,-0.808695652173913,-0.22608695652173913,-0.7043478260869566,-0.1826086956521739,-0.591304347826087,-0.20869565217391303,-0.6,-0.20869565217391303,-0.782608695652174,-0.06956521739130435,-0.6782608695652174,-0.034782608695652174,-0.5739130434782609,-0.06956521739130435,-0.5739130434782609,-0.017391304347826087,-0.7391304347826086,0.06956521739130435,-0.6347826086956522,0.09565217391304348,-0.5391304347826087,0.06086956521739131
2,0.0,0.0,-0.07894736842105263,-0.3157894736842105,-0.23684210526315788,-0.5877192982456141,-0.32456140350877194,-0.8157894736842105,-0.32456140350877194,-1.0,-0.5877192982456141,-0.5614035087719298,-0.8070175438596491,-0.39473684210526316,-0.7105263157894737,-0.3333333333333333,-0.5877192982456141,-0.3508771929824561,-0.6228070175438597,-0.38596491228070173,-0.7982456140350878,-0.22807017543859648,-0.7017543859649122,-0.18421052631578946,-0.5877192982456141,-0.21929824561403508,-0.6228070175438597,-0.20175438596491227,-0.7543859649122807,-0.07894736842105263,-0.6666666666666666,-0.043859649122807015,-0.5701754385964912,-0.06140350877192982,-0.5964912280701754,-0.017543859649122806,-0.7105263157894737,0.07017543859649122,-0.6140350877192983,0.08771929824561403,-0.5263157894736842,0.06140350877192982
2,0.0,0.0,-0.06896551724137931,-0.31896551724137934,-0.23275862068965517,-0.603448275862069,-0.3448275862068966,-0.8189655172413793,-0.3275862068965517,-1.0,-0.5775862068965517,-0.5258620689655172,-0.7931034482758621,-0.39655172413793105,-0.7155172413793104,-0.33620689655172414,-0.6120689655172413,-0.3448275862068966,-0.6120689655172413,-0.3275862068965517,-0.7931034482758621,-0.21551724137931033,-0.6982758620689655,-0.1810344827586207,-0.5862068965517241,-0.19827586206896552,-0.603448275862069,-0.13793103448275862,-0.7672413793103449,-0.0603448275862069,-0.6724137931034483,-0.034482758620689655,-0.5603448275862069,-0.05172413793103448,-0.5689655172413793,0.04310344827586207,-0.7241379310344828,0.08620689655172414,-0.6293103448275862,0.10344827586206896,-0.5344827586206896,0.08620689655172414
2,0.0,0.0,-0.07758620689655173,-0.31896551724137934,-0.23275862068965517,-0.5948275862068966,-0.3275862068965517,-0.8189655172413793,-0.3275862068965517,-1.0,-0.5775862068965517,-0.5172413793103449,-0.7931034482758621,-0.39655172413793105,-0.6982758620689655,-0.33620689655172414,-0.5862068965517241,-0.3448275862068966,-0.6206896551724138,-0.3275862068965517,-0.7931034482758621,-0.22413793103448276,-0.6896551724137931,-0.1810344827586207,-0.5775862068965517,-0.19827586206896552,-0.6120689655172413,-0.13793103448275862,-0.7586206896551724,-0.06896551724137931,-0.6637931034482759,-0.034482758620689655,-0.5517241379310345,-0.05172413793103448,-0.5775862068965517,0.04310344827586207,-0.7068965517241379,0.08620689655172414,-0.6120689655172413,0.10344827586206896,-0.5172413793103449,0.08620689655172414
2,0.0,0.0,-0.09016393442622951,-0.319672131147541,-0.2459016393442623,-0.5983606557377049,-0.32786885245901637,-0.8114754098360656,-0.319672131147541,-1.0,-0.5409836065573771,-0.5081967213114754,-0.7704918032786885,-0.4262295081967213,-0.6639344262295082,-0.38524590163934425,-0.5491803278688525,-0.39344262295081966,-0.5737704918032787,-0.3114754098360656,-0.7704918032786885,-0.2540983606557377,-0.6639344262295082,-0.22950819672131148,-0.5491803278688525,-0.22950819672131148,-0.5737704918032787,-0.12295081967213115,-0.7459016393442623,-0.09836065573770492,-0.6557377049180327,-0.07377049180327869,-0.5409836065573771,-0.07377049180327869,-0.5573770491803278,0.04918032786885246,-0.7049180327868853,0.05737704918032787,-0.6229508196721312,0.07377049180327869,-0.5245901639344263,0.06557377049180328
2,0.0,0.0,-0.08196721311475409,-0.3114754098360656,-0.22131147540983606,-0.5983606557377049,-0.30327868852459017,-0.819672131147541,-0.29508196721311475,-1.0,-0.5,-0.5245901639344263,-0.7459016393442623,-0.45901639344262296,-0.6557377049180327,-0.4016393442622951,-0.5327868852459017,-0.4098360655737705,-0.5409836065573771,-0.3360655737704918,-0.7704918032786885,-0.28688524590163933,-0.6639344262295082,-0.2459016393442623,-0.5409836065573771,-0.2540983606557377,-0.5573770491803278,-0.14754098360655737,-0.7459016393442623,-0.13114754098360656,-0.6475409836065574,-0.09016393442622951,-0.5327868852459017,-0.09836065573770492,-0.5491803278688525,0.02459016393442623,-0.7049180327868853,0.03278688524590164,-0.6147540983606558,0.04918032786885246,-0.5163934426229508,0.04918032786885246
2,0.0,0.0,-0.056,-0.32,-0.16,-0.6,-0.216,-0.816,-0.192,-1.0,-0.448,-0.536,-0.664,-0.488,-0.608,-0.432,-0.512,-0.408,-0.512,-0.344,-0.712,-0.312,-0.624,-0.272,-0.512,-0.256,-0.536,-0.16,-0.712,-0.152,-0.632,-0.12,-0.52,-0.112,-0.536,0.024,-0.688,0.0,-0.616,0.016,-0.52,0.024
2,0.0,0.0,-0.07936507936507936,-0.30158730158730157,-0.2222222222222222,-0.5873015873015873,-0.2777777777777778,-0.8174603174603174,-0.24603174603174602,-1.0,-0.40476190476190477,-0.5634920634920635,-0.7301587301587301,-0.5158730158730159,-0.6428571428571429,-0.4523809523809524,-0.5158730158730159,-0.4523809523809524,-0.4444444444444444,-0.373015873015873,-0.753968253968254,-0.35714285714285715,-0.6507936507936508,-0.30158730158730157,-0.5158730158730159,-0.29365079365079366,-0.4603174603174603,-0.1746031746031746,-0.7301587301587301,-0.18253968253968253,-0.6349206349206349,-0.14285714285714285,-0.5079365079365079,-0.1349206349206349,-0.4603174603174603,0.007936507936507936,-0.6825396825396826,-0.031746031746031744,-0.5873015873015873,-0.007936507936507936,-0.47619047619047616,0.007936507936507936
2,0.0,0.0,-0.056,-0.28,-0.192,-0.592,-0.256,-0.816,-0.224,-1.0,-0.28,-0.552,-0.656,-0.528,-0.552,-0.464,-0.424,-0.464,-0.304,-0.36,-0.672,-0.352,-0.56,-0.312,-0.424,-0.304,-0.328,-0.176,-0.648,-0.184,-0.536,-0.152,-0.408,-0.144,-0.352,-0.008,-0.592,-0.032,-0.496,-0.016,-0.376,-0.008
2,0.0,0.0,-0.04878048780487805,-0.2845528455284553,-0.18699186991869918,-0.5934959349593496,-0.25203252032520324,-0.8130081300813008,-0.22764227642276422,-1.0,-0.2682926829268293,-0.5528455284552846,-0.6585365853658537,-0.5284552845528455,-0.5528455284552846,-0.4796747967479675,-0.42276422764227645,-0.4715447154471545,-0.2926829268292683,-0.36585365853658536,-0.6829268292682927,-0.34959349593495936,-0.5609756097560976,-0.3089430894308943,-0.42276422764227645,-0.3089430894308943,-0.3089430894308943,-0.17886178861788618,-0.6504065040650406,-0.17886178861788618,-0.5284552845528455,-0.14634146341463414,-0.3983739837398374,-0.14634146341463414,-0.3252032520325203,0.0,-0.5853658536585366,-0.024390243902439025,-0.4796747967479675,-0.008130081300813009,-0.36585365853658536,0.0
2,0.0,0.0,-0.03333333333333333,-0.26666666666666666,-0.15833333333333333,-0.575,-0.20833333333333334,-0.8083333333333333,-0.175,-1.0,-0.2,-0.5416666666666666,-0.6083333333333333,-0.5333333333333333,-0.5333333333333333,-0.475,-0.4,-0.4666666666666667,-0.2,-0.36666666666666664,-0.6166666666666667,-0.35833333333333334,-0.5333333333333333,-0.3333333333333333,-0.39166666666666666,-0.325,-0.21666666666666667,-0.19166666666666668,-0.5916666666666667,-0.2,-0.5083333333333333,-0.16666666666666666,-0.375,-0.15833333333333333,-0.25,-0.008333333333333333,-0.55,-0.041666666666666664,-0.45,-0.008333333333333333,-0.325,0.008333333333333333
2,0.0,0.0,-0.11811023622047244,-0.28346456692913385,-0.2047244094488189,-0.5826771653543307,-0.23622047244094488,-0.8110236220472441,-0.1968503937007874,-1.0,-0.15748031496062992,-0.6062992125984252,-0.5275590551181102,-0.5748031496062992,-0.4645669291338583,-0.47244094488188976,-0.3464566929133858,-0.47244094488188976,-0.12598425196850394,-0.4251968503937008,-0.5433070866141733,-0.3858267716535433,-0.4566929133858268,-0.3228346456692913,-0.3228346456692913,-0.3228346456692913,-0.11023622047244094,-0.25196850393700787,-0.5039370078740157,-0.2125984251968504,-0.4094488188976378,-0.16535433070866143,-0.28346456692913385,-0.16535433070866143,-0.11811023622047244,-0.07874015748031496,-0.4330708661417323,-0.06299212598425197,-0.3464566929133858,-0.031496062992125984,-0.2283464566929134,-0.031496062992125984
2,0.0,0.0,-0.13636363636363635,-0.2878787878787879,-0.20454545454545456,-0.5984848484848485,-0.21212121212121213,-0.8257575757575758,-0.16666666666666666,-1.0,-0.09090909090909091,-0.5909090909090909,-0.4696969696969697,-0.5681818181818182,-0.4166666666666667,-0.4772727272727273,-0.30303030303030304,-0.4772727272727273,-0.06818181818181818,-0.4090909090909091,-0.4772727272727273,-0.3939393939393939,-0.3939393939393939,-0.3409090909090909,-0.2727272727272727,-0.3333333333333333,-0.07575757575757576,-0.24242424242424243,-0.44696969696969696,-0.22727272727272727,-0.36363636363636365,-0.18181818181818182,-0.24242424242424243,-0.18181818181818182,-0.09090909090909091,-0.07575757575757576,-0.3787878787878788,-0.08333333333333333,-0.30303030303030304,-0.05303030303030303,-0.18181818181818182,-0.03787878787878788
2,0.0,0.0,-0.12142857142857143,-0.30714285714285716,-0.19285714285714287,-0.6071428571428571,-0.20714285714285716,-0.8285714285714286,-0.15,-1.0,-0.07142857142857142,-0.6,-0.4357142857142857,-0.5714285714285714,-0.37142857142857144,-0.4785714285714286,-0.2642857142857143,-0.4857142857142857,-0.05714285714285714,-0.42857142857142855,-0.44285714285714284,-0.39285714285714285,-0.35714285714285715,-0.35,-0.24285714285714285,-0.35,-0.05714285714285714,-0.2571428571428571,-0.4142857142857143,-0.24285714285714285,-0.3357142857142857,-0.20714285714285716,-0.22857142857142856,-0.20714285714285716,-0.07142857142857142,-0.1,-0.35,-0.10714285714285714,-0.2785714285714286,-0.07857142857142857,-0.17142857142857143,-0.07142857142857142
2,0.0,0.0,-0.12030075187969924,-0.3082706766917293,-0.20300751879699247,-0.6090225563909775,-0.20300751879699247,-0.8345864661654135,-0.14285714285714285,-1.0,-0.06766917293233082,-0.556390977443609,-0.43609022556390975,-0.5639097744360902,-0.3684210526315789,-0.5112781954887218,-0.2631578947368421,-0.5112781954887218,-0.06766917293233082,-0.37593984962406013,-0.44360902255639095,-0.39849624060150374,-0.37593984962406013,-0.39097744360902253,-0.2631578947368421,-0.38345864661654133,-0.09774436090225563,-0.22556390977443608,-0.42105263157894735,-0.2706766917293233,-0.3609022556390977,-0.24812030075187969,-0.2631578947368421,-0.24060150375939848,-0.14285714285714285,-0.08270676691729323,-0.37593984962406013,-0.13533834586466165,-0.3157894736842105,-0.12030075187969924,-0.21804511278195488,-0.09774436090225563
3,0.0,0.0,-0.15492957746478872,-0.1619718309859155,-0.2112676056338028,-0.33098591549295775,-0.11971830985915492,-0.47183098591549294,-0.014084507042253521,-0.5774647887323944,-0.2605633802816901,-0.49295774647887325,-0.3028169014084507,-0.676056338028169,-0.31690140845070425,-0.8028169014084507,-0.33098591549295775,-0.9154929577464789,-0.14084507042253522,-0.528169014084507,-0.1056338028169014,-0.7323943661971831,-0.08450704225352113,-0.8732394366197183,-0.06338028169014084,-1.0,-0.02112676056338028,-0.5070422535211268,0.02112676056338028,-0.6408450704225352,-0.014084507042253521,-0.5352112676056338,-0.04225352112676056,-0.44366197183098594,0.07746478873239436,-0.44366197183098594,0.09859154929577464,-0.5704225352112676,0.06338028169014084,-0.49295774647887325,0.04225352112676056,-0.4154929577464789
3,0.0,0.0,-0.12686567164179105,-0.1044776119402985,-0.16417910447761194,-0.26119402985074625,-0.05970149253731343,-0.41044776119402987,0.029850746268656716,-0.5223880597014925,-0.2462686567164179,-0.5074626865671642,-0.291044776119403,-0.7238805970149254,-0.31343283582089554,-0.8507462686567164,-0.3283582089552239,-0.9552238805970149,-0.11194029850746269,-0.5298507462686567,-0.08208955223880597,-0.753731343283582,-0.05223880597014925,-0.8955223880597015,-0.029850746268656716,-1.0,0.007462686567164179,-0.48507462686567165,0.05970149253731343,-0.6044776119402985,0.08208955223880597,-0.5522388059701493,0.07462686567164178,-0.4925373134328358,0.1044776119402985,-0.41044776119402987,0.1417910447761194,-0.5149253731343284,0.13432835820895522,-0.5,0.1044776119402985,-0.4701492537313433
3,0.0,0.0,-0.13178294573643412,-0.10077519379844961,-0.18604651162790697,-0.26356589147286824,-0.10077519379844961,-0.4186046511627907,-0.015503875968992248,-0.5271317829457365,-0.2713178294573643,-0.4883720930232558,-0.3333333333333333,-0.7054263565891473,-0.3643410852713178,-0.8372093023255814,-0.3798449612403101,-0.9457364341085271,-0.13178294573643412,-0.5116279069767442,-0.11627906976744186,-0.7364341085271318,-0.08527131782945736,-0.8837209302325582,-0.06201550387596899,-1.0,-0.015503875968992248,-0.4806201550387597,0.03875968992248062,-0.6046511627906976,0.046511627906976744,-0.5426356589147286,0.05426356589147287,-0.4728682170542636,0.09302325581395349,-0.4186046511627907,0.12403100775193798,-0.5193798449612403,0.12403100775193798,-0.4806201550387597,0.11627906976744186,-0.43410852713178294
3,0.0,0.0,-0.12686567164179105,-0.11194029850746269,-0.15671641791044777,-0.291044776119403,-0.06716417910447761,-0.44776119402985076,0.022388059701492536,-0.5447761194029851,-0.2537313432835821,-0.5074626865671642,-0.30597014925373134,-0.7089552238805971,-0.3283582089552239,-0.8283582089552238,-0.35074626865671643,-0.9253731343283582,-0.12686567164179105,-0.5298507462686567,-0.08955223880597014,-0.746268656716418,-0.05970149253731343,-0.8880597014925373,-0.04477611940298507,-1.0,-0.014925373134328358,-0.48507462686567165,0.03731343283582089,-0.6343283582089553,0.014925373134328358,-0.5746268656716418,-0.007462686567164179,-0.5149253731343284,0.07462686567164178,-0.4253731343283582,0.1044776119402985,-0.5298507462686567,0.07462686567164178,-0.5,0.05223880597014925,-0.4552238805970149
3,0.0,0.0,-0.15503875968992248,-0.11627906976744186,-0.2248062015503876,-0.2868217054263566,-0.15503875968992248,-0.4496124031007752,-0.07751937984496124,-0.5503875968992248,-0.2868217054263566,-0.4806201550387597,-0.3643410852713178,-0.6821705426356589,-0.4108527131782946,-0.7984496124031008,-0.43410852713178294,-0.9069767441860465,-0.15503875968992248,-0.5116279069767442,-0.15503875968992248,-0.7441860465116279,-0.14728682170542637,-0.8837209302325582,-0.13953488372093023,-1.0,-0.03875968992248062,-0.4806201550387597,-0.007751937984496124,-0.6434108527131783,-0.046511627906976744,-0.5581395348837209,-0.06201550387596899,-0.4728682170542636,0.06201550387596899,-0.4186046511627907,0.07751937984496124,-0.5348837209302325,0.031007751937984496,-0.4806201550387597,0.0,-0.4108527131782946
3,0.0,0.0,-0.16,-0.096,-0.24,-0.264,-0.192,-0.44,-0.12,-0.56,-0.304,-0.472,-0.4,-0.664,-0.448,-0.776,-0.488,-0.872,-0.184,-0.512,-0.184,-0.752,-0.184,-0.896,-0.176,-1.0,-0.064,-0.488,-0.048,-0.68,-0.072,-0.648,-0.088,-0.592,0.048,-0.424,0.04,-0.544,0.0,-0.52,-0.032,-0.464
3,0.0,0.0,-0.16666666666666666,-0.1,-0.25,-0.2916666666666667,-0.2,-0.48333333333333334,-0.08333333333333333,-0.6083333333333333,-0.30833333333333335,-0.4583333333333333,-0.4,-0.6666666666666666,-0.45,-0.7916666666666666,-0.48333333333333334,-0.8916666666666667,-0.175,-0.5,-0.175,-0.7583333333333333,-0.175,-0.8916666666666667,-0.16666666666666666,-1.0,-0.058333333333333334,-0.48333333333333334,-0.025,-0.625,-0.058333333333333334,-0.5166666666666667,-0.06666666666666667,-0.425,0.05,-0.43333333333333335,0.058333333333333334,-0.5416666666666666,0.025,-0.4666666666666667,0.008333333333333333,-0.39166666666666666
3,0.0,0.0,-0.13333333333333333,-0.1,-0.18333333333333332,-0.2833333333333333,-0.09166666666666666,-0.45,0.008333333333333333,-0.575,-0.275,-0.4666666666666667,-0.35,-0.6833333333333333,-0.38333333333333336,-0.8083333333333333,-0.4166666666666667,-0.9166666666666666,-0.14166666666666666,-0.5083333333333333,-0.10833333333333334,-0.75,-0.08333333333333333,-0.8916666666666667,-0.058333333333333334,-1.0,-0.025,-0.475,0.016666666666666666,-0.6,-0.008333333333333333,-0.48333333333333334,-0.025,-0.4083333333333333,0.08333333333333333,-0.4166666666666667,0.1,-0.5333333333333333,0.06666666666666667,-0.4583333333333333,0.041666666666666664,-0.39166666666666666
3,0.0,0.0,-0.13114754098360656,-0.10655737704918032,-0.1721311475409836,-0.29508196721311475,-0.06557377049180328,-0.45901639344262296,0.02459016393442623,-0.5737704918032787,-0.26229508196721313,-0.5081967213114754,-0.3360655737704918,-0.7213114754098361,-0.36885245901639346,-0.8442622950819673,-0.4016393442622951,-0.9426229508196722,-0.12295081967213115,-0.5327868852459017,-0.09836065573770492,-0.7622950819672131,-0.06557377049180328,-0.9016393442622951,-0.040983606557377046,-1.0,-0.00819672131147541,-0.4918032786885246,0.04918032786885246,-0.639344262295082,0.08196721311475409,-0.6065573770491803,0.09016393442622951,-0.5491803278688525,0.09016393442622951,-0.4344262295081967,0.13114754098360656,-0.5573770491803278,0.14754098360655737,-0.5327868852459017,0.1557377049180328,-0.4918032786885246
3,0.0,0.0,-0.1297709923664122,-0.08396946564885496,-0.17557251908396945,-0.24427480916030533,-0.06870229007633588,-0.3969465648854962,0.04580152671755725,-0.5038167938931297,-0.2366412213740458,-0.4580152671755725,-0.29770992366412213,-0.6793893129770993,-0.32061068702290074,-0.8244274809160306,-0.33587786259541985,-0.9389312977099237,-0.10687022900763359,-0.5038167938931297,-0.06870229007633588,-0.732824427480916,-0.030534351145038167,-0.8854961832061069,-0.015267175572519083,-1.0,0.007633587786259542,-0.48854961832061067,0.05343511450381679,-0.6183206106870229,0.061068702290076333,-0.5190839694656488,0.05343511450381679,-0.42748091603053434,0.10687022900763359,-0.4351145038167939,0.13740458015267176,-0.549618320610687,0.12213740458015267,-0.48854961832061067,0.10687022900763359,-0.4122137404580153
3,0.0,0.0,-0.12857142857142856,-0.07857142857142857,-0.17142857142857143,-0.24285714285714285,-0.05,-0.38571428571428573,0.05,-0.4785714285714286,-0.22857142857142856,-0.5,-0.2857142857142857,-0.7071428571428572,-0.3142857142857143,-0.85,-0.32857142857142857,-0.9642857142857143,-0.1,-0.5214285714285715,-0.06428571428571428,-0.7428571428571429,-0.02857142857142857,-0.8785714285714286,-0.007142857142857143,-1.0,0.007142857142857143,-0.4785714285714286,0.07142857142857142,-0.6071428571428571,0.05,-0.4928571428571429,0.02857142857142857,-0.40714285714285714,0.1,-0.40714285714285714,0.1357142857142857,-0.4928571428571429,0.10714285714285714,-0.42142857142857143,0.07857142857142857,-0.35714285714285715
3,0.0,0.0,-0.11267605633802817,-0.09154929577464789,-0.14084507042253522,-0.23943661971830985,-0.04225352112676056,-0.3732394366197183,0.056338028169014086,-0.4788732394366197,-0.2112676056338028,-0.5140845070422535,-0.24647887323943662,-0.7394366197183099,-0.2676056338028169,-0.8802816901408451,-0.28169014084507044,-1.0,-0.08450704225352113,-0.5211267605633803,-0.04225352112676056,-0.7464788732394366,-0.007042253521126761,-0.8802816901408451,0.014084507042253521,-0.9929577464788732,0.02112676056338028,-0.45774647887323944,0.07042253521126761,-0.5422535211267606,0.04225352112676056,-0.44366197183098594,0.014084507042253521,-0.3732394366197183,0.1056338028169014,-0.36619718309859156,0.1267605633802817,-0.4225352112676056,0.09154929577464789,-0.352112676056338,0.06338028169014084,-0.3028169014084507
3,0.0,0.0,-0.11920529801324503,-0.07947019867549669,-0.17218543046357615,-0.2251655629139073,-0.0728476821192053,-0.31788079470198677,0.026490066225165563,-0.3973509933774834,-0.1986754966887417,-0.543046357615894,-0.24503311258278146,-0.7350993377483444,-0.271523178807947,-0.8675496688741722,-0.2913907284768212,-0.9735099337748344,-0.06622516556291391,-0.5496688741721855,-0.026490066225165563,-0.7549668874172185,0.0,-0.8874172185430463,0.019867549668874173,-1.0,0.046357615894039736,-0.48344370860927155,0.09271523178807947,-0.5827814569536424,0.059602649006622516,-0.46357615894039733,0.033112582781456956,-0.37748344370860926,0.13245033112582782,-0.3841059602649007,0.1390728476821192,-0.40397350993377484,0.10596026490066225,-0.33112582781456956,0.07947019867549669,-0.271523178807947
3,0.0,0.0,-0.13333333333333333,-0.06666666666666667,-0.21333333333333335,-0.19333333333333333,-0.14666666666666667,-0.2866666666666667,-0.04,-0.3466666666666667,-0.22666666666666666,-0.5333333333333333,-0.28,-0.7333333333333333,-0.31333333333333335,-0.8666666666666667,-0.3333333333333333,-0.9733333333333334,-0.1,-0.5333333333333333,-0.06,-0.7533333333333333,-0.04,-0.8933333333333333,-0.02,-1.0,0.013333333333333334,-0.47333333333333333,0.04666666666666667,-0.56,0.0,-0.46,-0.03333333333333333,-0.38,0.1,-0.37333333333333335,0.08666666666666667,-0.3933333333333333,0.04,-0.31333333333333335,0.02,-0.24666666666666667
3,0.0,0.0,-0.13548387096774195,-0.06451612903225806,-0.21935483870967742,-0.1870967741935484,-0.15483870967741936,-0.27741935483870966,-0.05161290322580645,-0.3548387096774194,-0.22580645161290322,-0.5290322580645161,-0.27741935483870966,-0.7290322580645161,-0.3096774193548387,-0.8580645161290322,-0.33548387096774196,-0.967741935483871,-0.09032258064516129,-0.535483870967742,-0.06451612903225806,-0.7612903225806451,-0.05161290322580645,-0.8903225806451613,-0.03870967741935484,-1.0,0.01935483870967742,-0.4774193548387097,0.03870967741935484,-0.5612903225806452,-0.012903225806451613,-0.43870967741935485,-0.03870967741935484,-0.3419354838709677,0.1032258064516129,-0.38064516129032255,0.07741935483870968,-0.3870967741935484,0.03225806451612903,-0.2967741935483871,0.0064516129032258064,-0.23225806451612904
3,0.0,0.0,-0.13157894736842105,-0.07894736842105263,-0.17763157894736842,-0.2236842105263158,-0.07236842105263158,-0.3092105263157895,0.05263157894736842,-0.35526315789473684,-0.17105263157894737,-0.5328947368421053,-0.21710526315789475,-0.7302631578947368,-0.24342105263157895,-0.8618421052631579,-0.2631578947368421,-0.9671052631578947,-0.046052631578947366,-0.5328947368421053,-0.013157894736842105,-0.756578947368421,-0.006578947368421052,-0.8881578947368421,0.0,-1.0,0.05921052631578947,-0.4605263157894737,0.10526315789473684,-0.5657894736842105,0.05921052631578947,-0.46710526315789475,0.02631578947368421,-0.3881578947368421,0.13815789473684212,-0.35526315789473684,0.1118421052631579,-0.3618421052631579,0.05263157894736842,-0.2894736842105263,0.019736842105263157,-0.24342105263157895
3,0.0,0.0,-0.11564625850340136,-0.06802721088435375,-0.1292517006802721,-0.19727891156462585,0.034013605442176874,-0.272108843537415,0.17687074829931973,-0.3333333333333333,-0.12244897959183673,-0.54421768707483,-0.16326530612244897,-0.7551020408163265,-0.1836734693877551,-0.891156462585034,-0.20408163265306123,-1.0,0.02040816326530612,-0.5510204081632653,0.061224489795918366,-0.7687074829931972,0.08163265306122448,-0.8979591836734694,0.08843537414965986,-1.0,0.1360544217687075,-0.47619047619047616,0.21768707482993196,-0.5578231292517006,0.20408163265306123,-0.46258503401360546,0.17006802721088435,-0.3877551020408163,0.2108843537414966,-0.3673469387755102,0.24489795918367346,-0.4013605442176871,0.19727891156462585,-0.32653061224489793,0.1360544217687075,-0.2653061224489796
3,0.0,0.0,-0.10738255033557047,-0.06711409395973154,-0.12080536912751678,-0.19463087248322147,0.040268456375838924,-0.26174496644295303,0.16778523489932887,-0.3288590604026846,-0.1342281879194631,-0.5369127516778524,-0.18120805369127516,-0.738255033557047,-0.21476510067114093,-0.87248322147651,-0.2483221476510067,-0.9865771812080537,0.006711409395973154,-0.5436241610738255,0.053691275167785234,-0.7583892617449665,0.087248322147651,-0.8926174496644296,0.10738255033557047,-1.0,0.11409395973154363,-0.4697986577181208,0.18791946308724833,-0.5033557046979866,0.1476510067114094,-0.3691275167785235,0.10067114093959731,-0.28859060402684567,0.18791946308724833,-0.3624161073825503,0.2214765100671141,-0.3624161073825503,0.16778523489932887,-0.2684563758389262,0.11409395973154363,-0.21476510067114093
3,0.0,0.0,-0.10810810810810811,-0.10135135135135136,-0.12837837837837837,-0.25675675675675674,0.04054054054054054,-0.3581081081081081,0.17567567567567569,-0.43243243243243246,-0.16216216216216217,-0.5472972972972973,-0.21621621621621623,-0.7567567567567568,-0.25,-0.8918918918918919,-0.27702702702702703,-1.0,-0.02027027027027027,-0.5405405405405406,0.04054054054054054,-0.7635135135135135,0.08783783783783784,-0.8986486486486487,0.12162162162162163,-1.0,0.08108108108108109,-0.4527027027027027,0.12162162162162163,-0.5,0.07432432432432433,-0.3783783783783784,0.04054054054054054,-0.3108108108108108,0.1554054054054054,-0.34459459459459457,0.19594594594594594,-0.40540540540540543,0.14189189189189189,-0.31756756756756754,0.0945945945945946,-0.2635135135135135
3,0.0,0.0,-0.12,-0.09333333333333334,-0.13333333333333333,-0.24,0.02,-0.3333333333333333,0.14,-0.4066666666666667,-0.17333333333333334,-0.5333333333333333,-0.23333333333333334,-0.7333333333333333,-0.26,-0.86,-0.2866666666666667,-0.96,-0.04,-0.5333333333333333,0.006666666666666667,-0.7533333333333333,0.03333333333333333,-0.8933333333333333,0.05333333333333334,-1.0,0.06,-0.46,0.10666666666666667,-0.5133333333333333,0.06666666666666667,-0.3933333333333333,0.03333333333333333,-0.32666666666666666,0.13333333333333333,-0.36,0.16666666666666666,-0.3933333333333333,0.12,-0.30666666666666664,0.07333333333333333,-0.24666666666666667
3,0.0,0.0,-0.11564625850340136,-0.09523809523809523,-0.1360544217687075,-0.24489795918367346,0.02040816326530612,-0.3469387755102041,0.14965986394557823,-0.4217687074829932,-0.17687074829931973,-0.5306122448979592,-0.23129251700680273,-0.7346938775510204,-0.2585034013605442,-0.8639455782312925,-0.2925170068027211,-0.9659863945578231,-0.04081632653061224,-0.5306122448979592,0.006802721088435374,-0.7551020408163265,0.034013605442176874,-0.891156462585034,0.047619047619047616,-1.0,0.06802721088435375,-0.46258503401360546,0.10884353741496598,-0.5102040816326531,0.06802721088435375,-0.3945578231292517,0.034013605442176874,-0.32653061224489793,0.14965986394557823,-0.36054421768707484,0.17687074829931973,-0.40816326530612246,0.1292517006802721,-0.32653061224489793,0.08843537414965986,-0.272108843537415
3,0.0,0.0,-0.1223021582733813,-0.10071942446043165,-0.1223021582733813,-0.2805755395683453,0.03597122302158273,-0.38848920863309355,0.15827338129496402,-0.4676258992805755,-0.18705035971223022,-0.5251798561151079,-0.26618705035971224,-0.7338129496402878,-0.302158273381295,-0.8705035971223022,-0.33093525179856115,-0.9784172661870504,-0.05755395683453238,-0.5251798561151079,-0.014388489208633094,-0.7553956834532374,0.02158273381294964,-0.8920863309352518,0.050359712230215826,-1.0,0.05755395683453238,-0.4676258992805755,0.1223021582733813,-0.5035971223021583,0.07913669064748201,-0.3669064748201439,0.04316546762589928,-0.2949640287769784,0.14388489208633093,-0.39568345323741005,0.2014388489208633,-0.4460431654676259,0.16546762589928057,-0.35251798561151076,0.1223021582733813,-0.2949640287769784
3,0.0,0.0,-0.11188811188811189,-0.1048951048951049,-0.11888111888111888,-0.25874125874125875,0.03496503496503497,-0.3776223776223776,0.15384615384615385,-0.46153846153846156,-0.17482517482517482,-0.5244755244755245,-0.24475524475524477,-0.7272727272727273,-0.27972027972027974,-0.8461538461538461,-0.3076923076923077,-0.951048951048951,-0.04895104895104895,-0.5314685314685315,-0.006993006993006993,-0.7622377622377622,0.03496503496503497,-0.8951048951048951,0.06293706293706294,-1.0,0.055944055944055944,-0.46853146853146854,0.11888111888111888,-0.5174825174825175,0.08391608391608392,-0.38461538461538464,0.055944055944055944,-0.3146853146853147,0.14685314685314685,-0.3776223776223776,0.1888111888111888,-0.42657342657342656,0.15384615384615385,-0.3356643356643357,0.11888111888111888,-0.27972027972027974
3,0.0,0.0,-0.13380281690140844,-0.1056338028169014,-0.176056338028169,-0.2676056338028169,-0.06338028169014084,-0.3873239436619718,0.035211267605633804,-0.4647887323943662,-0.21830985915492956,-0.5140845070422535,-0.2676056338028169,-0.7183098591549296,-0.29577464788732394,-0.8309859154929577,-0.31690140845070425,-0.9295774647887324,-0.09154929577464789,-0.5211267605633803,-0.04929577464788732,-0.7535211267605634,-0.028169014084507043,-0.8943661971830986,-0.014084507042253521,-1.0,0.014084507042253521,-0.4647887323943662,0.04225352112676056,-0.5352112676056338,-0.007042253521126761,-0.4295774647887324,-0.04929577464788732,-0.3591549295774648,0.1056338028169014,-0.38028169014084506,0.11267605633802817,-0.44366197183098594,0.06338028169014084,-0.3591549295774648,0.02112676056338028,-0.29577464788732394
3,0.0,0.0,-0.1347517730496454,-0.0851063829787234,-0.19148936170212766,-0.24822695035460993,-0.09219858156028368,-0.3900709219858156,0.0070921985815602835,-0.48226950354609927,-0.2553191489361702,-0.48226950354609927,-0.3404255319148936,-0.6808510638297872,-0.3829787234042553,-0.8014184397163121,-0.425531914893617,-0.900709219858156,-0.1276595744680851,-0.49645390070921985,-0.11347517730496454,-0.7446808510638298,-0.10638297872340426,-0.8936170212765957,-0.09929078014184398,-1.0,-0.0070921985815602835,-0.44680851063829785,0.0,-0.5177304964539007,-0.03546099290780142,-0.3971631205673759,-0.05673758865248227,-0.3191489361702128,0.09219858156028368,-0.3546099290780142,0.07801418439716312,-0.425531914893617,0.03546099290780142,-0.3404255319148936,0.0070921985815602835,-0.2765957446808511
3,0.0,0.0,-0.14184397163120568,-0.07801418439716312,-0.20567375886524822,-0.24822695035460993,-0.09219858156028368,-0.3971631205673759,0.0070921985815602835,-0.5035460992907801,-0.2624113475177305,-0.49645390070921985,-0.3333333333333333,-0.6950354609929078,-0.3617021276595745,-0.8156028368794326,-0.3971631205673759,-0.9148936170212766,-0.1347517730496454,-0.5106382978723404,-0.14893617021276595,-0.75177304964539,-0.16312056737588654,-0.8936170212765957,-0.1773049645390071,-1.0,-0.014184397163120567,-0.46099290780141844,-0.014184397163120567,-0.5390070921985816,-0.0425531914893617,-0.41134751773049644,-0.04964539007092199,-0.3333333333333333,0.0851063829787234,-0.36879432624113473,0.06382978723404255,-0.41843971631205673,0.014184397163120567,-0.3120567375886525,-0.0070921985815602835,-0.24113475177304963
3,0.0,0.0,-0.1357142857142857,-0.07857142857142857,-0.21428571428571427,-0.2357142857142857,-0.10714285714285714,-0.38571428571428573,-0.007142857142857143,-0.4928571428571429,-0.2785714285714286,-0.4857142857142857,-0.3357142857142857,-0.6928571428571428,-0.36428571428571427,-0.8142857142857143,-0.38571428571428573,-0.9142857142857143,-0.15,-0.5071428571428571,-0.16428571428571428,-0.75,-0.17857142857142858,-0.8928571428571429,-0.18571428571428572,-1.0,-0.02142857142857143,-0.45714285714285713,-0.02142857142857143,-0.5214285714285715,-0.05,-0.39285714285714285,-0.05714285714285714,-0.30714285714285716,0.07142857142857142,-0.37142857142857144,0.05714285714285714,-0.40714285714285714,0.007142857142857143,-0.3,-0.02142857142857143,-0.22857142857142856
3,0.0,0.0,-0.145985401459854,-0.08029197080291971,-0.2116788321167883,-0.24087591240875914,-0.0948905109489051,-0.38686131386861317,0.014598540145985401,-0.48175182481751827,-0.27007299270072993,-0.49635036496350365,-0.34306569343065696,-0.7007299270072993,-0.3795620437956204,-0.8248175182481752,-0.41605839416058393,-0.927007299270073,-0.1386861313868613,-0.5109489051094891,-0.145985401459854,-0.7591240875912408,-0.15328467153284672,-0.8978102189781022,-0.15328467153284672,-1.0,-0.021897810218978103,-0.46715328467153283,-0.014598540145985401,-0.5182481751824818,-0.043795620437956206,-0.39416058394160586,-0.051094890510948905,-0.31386861313868614,0.072992700729927,-0.3795620437956204,0.06569343065693431,-0.4233576642335766,0.021897810218978103,-0.3284671532846715,0.0,-0.26277372262773724
3,0.0,0.0,-0.13970588235294118,-0.08823529411764706,-0.19852941176470587,-0.25,-0.08088235294117647,-0.3897058823529412,0.029411764705882353,-0.4852941176470588,-0.25735294117647056,-0.49264705882352944,-0.3235294117647059,-0.6985294117647058,-0.3602941176470588,-0.8235294117647058,-0.3897058823529412,-0.9191176470588235,-0.1323529411764706,-0.5073529411764706,-0.125,-0.7573529411764706,-0.125,-0.8970588235294118,-0.125,-1.0,-0.014705882352941176,-0.4632352941176471,-0.007352941176470588,-0.5294117647058824,-0.03676470588235294,-0.4264705882352941,-0.051470588235294115,-0.35294117647058826,0.07352941176470588,-0.375,0.0661764705882353,-0.4411764705882353,0.029411764705882353,-0.3602941176470588,0.007352941176470588,-0.2867647058823529
3,0.0,0.0,-0.12878787878787878,-0.09848484848484848,-0.1590909090909091,-0.25757575757575757,-0.030303030303030304,-0.38636363636363635,0.09090909090909091,-0.48484848484848486,-0.21212121212121213,-0.5303030303030303,-0.2727272727272727,-0.7348484848484849,-0.30303030303030304,-0.8636363636363636,-0.3333333333333333,-0.9621212121212122,-0.08333333333333333,-0.5303030303030303,-0.05303030303030303,-0.7651515151515151,-0.03787878787878788,-0.9015151515151515,-0.030303030303030304,-1.0,0.022727272727272728,-0.4772727272727273,0.06060606060606061,-0.5303030303030303,0.022727272727272728,-0.4166666666666667,-0.007575757575757576,-0.3409090909090909,0.09848484848484848,-0.38636363636363635,0.12878787878787878,-0.45454545454545453,0.09090909090909091,-0.3712121212121212,0.06818181818181818,-0.29545454545454547
3,0.0,0.0,-0.11851851851851852,-0.1111111111111111,-0.13333333333333333,-0.2814814814814815,0.022222222222222223,-0.4074074074074074,0.14814814814814814,-0.5037037037037037,-0.18518518518518517,-0.5407407407407407,-0.22962962962962963,-0.7481481481481481,-0.2518518518518518,-0.8740740740740741,-0.2814814814814815,-0.9777777777777777,-0.05185185185185185,-0.5407407407407407,-0.022222222222222223,-0.7703703703703704,0.0,-0.8962962962962963,0.014814814814814815,-1.0,0.05925925925925926,-0.48148148148148145,0.1037037037037037,-0.5407407407407407,0.06666666666666667,-0.4148148148148148,0.037037037037037035,-0.34074074074074073,0.14814814814814814,-0.3925925925925926,0.18518518518518517,-0.45185185185185184,0.13333333333333333,-0.362962962962963,0.0962962962962963,-0.2962962962962963
3,0.0,0.0,-0.11510791366906475,-0.11510791366906475,-0.12949640287769784,-0.2733812949640288,0.04316546762589928,-0.39568345323741005,0.17266187050359713,-0.48201438848920863,-0.17985611510791366,-0.539568345323741,-0.2302158273381295,-0.7482014388489209,-0.2589928057553957,-0.8776978417266187,-0.2733812949640288,-0.9784172661870504,-0.04316546762589928,-0.539568345323741,-0.014388489208633094,-0.762589928057554,0.007194244604316547,-0.8992805755395683,0.02158273381294964,-1.0,0.05755395683453238,-0.4748201438848921,0.10071942446043165,-0.5323741007194245,0.07194244604316546,-0.4028776978417266,0.04316546762589928,-0.33093525179856115,0.1510791366906475,-0.39568345323741005,0.17985611510791366,-0.460431654676259,0.1510791366906475,-0.381294964028777,0.1223021582733813,-0.3237410071942446
3,0.0,0.0,-0.11805555555555555,-0.10416666666666667,-0.1388888888888889,-0.2638888888888889,-0.006944444444444444,-0.375,0.11805555555555555,-0.4513888888888889,-0.16666666666666666,-0.5208333333333334,-0.2152777777777778,-0.7361111111111112,-0.22916666666666666,-0.8680555555555556,-0.25,-0.9791666666666666,-0.041666666666666664,-0.5208333333333334,0.0,-0.75,0.027777777777777776,-0.8888888888888888,0.034722222222222224,-1.0,0.06944444444444445,-0.4652777777777778,0.10416666666666667,-0.5208333333333334,0.06944444444444445,-0.4097222222222222,0.034722222222222224,-0.3402777777777778,0.1527777777777778,-0.3888888888888889,0.1736111111111111,-0.4652777777777778,0.13194444444444445,-0.3888888888888889,0.09027777777777778,-0.3333333333333333
3,0.0,0.0,-0.11267605633802817,-0.08450704225352113,-0.13380281690140844,-0.23943661971830985,0.02112676056338028,-0.352112676056338,0.14084507042253522,-0.43661971830985913,-0.1619718309859155,-0.528169014084507,-0.20422535211267606,-0.7394366197183099,-0.22535211267605634,-0.8732394366197183,-0.23943661971830985,-0.9859154929577465,-0.035211267605633804,-0.5352112676056338,0.007042253521126761,-0.7605633802816901,0.028169014084507043,-0.8943661971830986,0.04225352112676056,-1.0,0.07042253521126761,-0.4647887323943662,0.11267605633802817,-0.5211267605633803,0.08450704225352113,-0.39436619718309857,0.056338028169014086,-0.30985915492957744,0.14788732394366197,-0.3732394366197183,0.176056338028169,-0.4225352112676056,0.14084507042253522,-0.323943661971831,0.09859154929577464,-0.24647887323943662
3,0.0,0.0,-0.11486486486486487,-0.08783783783783784,-0.12837837837837837,-0.24324324324324326,0.02702702702702703,-0.33783783783783783,0.14864864864864866,-0.40540540540540543,-0.14864864864864866,-0.527027027027027,-0.16891891891891891,-0.7364864864864865,-0.17567567567567569,-0.8716216216216216,-0.18243243243243243,-0.9797297297297297,-0.02027027027027027,-0.527027027027027,0.013513513513513514,-0.75,0.02027027027027027,-0.8851351351351351,0.02702702702702703,-1.0,0.08783783783783784,-0.46621621621621623,0.12837837837837837,-0.5337837837837838,0.0945945945945946,-0.4189189189189189,0.060810810810810814,-0.33783783783783783,0.16216216216216217,-0.36486486486486486,0.17567567567567569,-0.41216216216216217,0.12837837837837837,-0.32432432432432434,0.08108108108108109,-0.25675675675675674
3,0.0,0.0,-0.12080536912751678,-0.09395973154362416,-0.15436241610738255,-0.2348993288590604,-0.04697986577181208,-0.31543624161073824,0.053691275167785234,-0.3691275167785235,-0.174496644295302,-0.5100671140939598,-0.2080536912751678,-0.7248322147651006,-0.2214765100671141,-0.8523489932885906,-0.2348993288590604,-0.9664429530201343,-0.04697986577181208,-0.5100671140939598,-0.013422818791946308,-0.738255033557047,0.0,-0.8791946308724832,0.0,-1.0,0.06040268456375839,-0.436241610738255,0.06711409395973154,-0.5167785234899329,0.020134228187919462,-0.4429530201342282,-0.013422818791946308,-0.38926174496644295,0.14093959731543623,-0.33557046979865773,0.10738255033557047,-0.3624161073825503,0.040268456375838924,-0.3087248322147651,-0.013422818791946308,-0.26174496644295303
3,0.0,0.0,-0.12751677852348994,-0.0738255033557047,-0.18120805369127516,-0.21476510067114093,-0.04697986577181208,-0.30201342281879195,0.0738255033557047,-0.35570469798657717,-0.18120805369127516,-0.5167785234899329,-0.2080536912751678,-0.7248322147651006,-0.2214765100671141,-0.8590604026845637,-0.2348993288590604,-0.9664429530201343,-0.04697986577181208,-0.5167785234899329,-0.026845637583892617,-0.738255033557047,-0.013422818791946308,-0.8791946308724832,-0.013422818791946308,-1.0,0.06040268456375839,-0.44966442953020136,0.08053691275167785,-0.4899328859060403,0.040268456375838924,-0.37583892617449666,0.013422818791946308,-0.30201342281879195,0.1476510067114094,-0.348993288590604,0.12751677852348994,-0.3422818791946309,0.06711409395973154,-0.2550335570469799,0.026845637583892617,-0.20134228187919462
3,0.0,0.0,-0.12837837837837837,-0.07432432432432433,-0.1891891891891892,-0.20945945945945946,-0.07432432432432433,-0.2905405405405405,0.04054054054054054,-0.3581081081081081,-0.18243243243243243,-0.5135135135135135,-0.21621621621621623,-0.722972972972973,-0.23648648648648649,-0.8581081081081081,-0.25,-0.972972972972973,-0.0472972972972973,-0.5202702702702703,-0.02702702702702703,-0.7364864864864865,-0.02702702702702703,-0.8783783783783784,-0.02027027027027027,-1.0,0.060810810810810814,-0.4527027027027027,0.060810810810810814,-0.49324324324324326,0.02027027027027027,-0.3783783783783784,0.0,-0.30405405405405406,0.14864864864864866,-0.3581081081081081,0.11486486486486487,-0.35135135135135137,0.05405405405405406,-0.2635135135135135,0.013513513513513514,-0.20945945945945946
3,0.0,0.0,-0.12244897959183673,-0.06802721088435375,-0.19047619047619047,-0.20408163265306123,-0.07482993197278912,-0.2925170068027211,0.047619047619047616,-0.35374149659863946,-0.19047619047619047,-0.5102040816326531,-0.23129251700680273,-0.7210884353741497,-0.25170068027210885,-0.8571428571428571,-0.2653061224489796,-0.9659863945578231,-0.061224489795918366,-0.5102040816326531,-0.04081632653061224,-0.7346938775510204,-0.034013605442176874,-0.8775510204081632,-0.027210884353741496,-1.0,0.05442176870748299,-0.4489795918367347,0.05442176870748299,-0.46938775510204084,0.02040816326530612,-0.3469387755102041,-0.006802721088435374,-0.272108843537415,0.14285714285714285,-0.35374149659863946,0.11564625850340136,-0.3333333333333333,0.061224489795918366,-0.24489795918367346,0.013605442176870748,-0.19047619047619047
3,0.0,0.0,-0.13380281690140844,-0.07042253521126761,-0.176056338028169,-0.2112676056338028,-0.04225352112676056,-0.3028169014084507,0.08450704225352113,-0.38028169014084506,-0.19014084507042253,-0.5352112676056338,-0.28169014084507044,-0.7323943661971831,-0.33098591549295775,-0.852112676056338,-0.3732394366197183,-0.9577464788732394,-0.056338028169014086,-0.5492957746478874,0.007042253521126761,-0.7676056338028169,0.07042253521126761,-0.8943661971830986,0.11267605633802817,-1.0,0.056338028169014086,-0.4788732394366197,0.09859154929577464,-0.5,0.04929577464788732,-0.3732394366197183,0.02112676056338028,-0.3028169014084507,0.13380281690140844,-0.36619718309859156,0.14788732394366197,-0.3732394366197183,0.09859154929577464,-0.2887323943661972,0.056338028169014086,-0.22535211267605634
3,0.0,0.0,-0.12857142857142856,-0.07142857142857142,-0.17142857142857143,-0.20714285714285716,-0.02857142857142857,-0.29285714285714287,0.10714285714285714,-0.35714285714285715,-0.18571428571428572,-0.55,-0.2785714285714286,-0.7357142857142858,-0.3357142857142857,-0.8642857142857143,-0.37142857142857144,-0.9714285714285714,-0.04285714285714286,-0.55,0.02857142857142857,-0.7571428571428571,0.09285714285714286,-0.8928571428571429,0.14285714285714285,-1.0,0.06428571428571428,-0.4714285714285714,0.12857142857142856,-0.4928571428571429,0.08571428571428572,-0.36428571428571427,0.04285714285714286,-0.2857142857142857,0.14285714285714285,-0.36428571428571427,0.17142857142857143,-0.36428571428571427,0.12142857142857143,-0.2714285714285714,0.07142857142857142,-0.21428571428571427
3,0.0,0.0,-0.13333333333333333,-0.0962962962962963,-0.16296296296296298,-0.2518518518518518,-0.022222222222222223,-0.34074074074074073,0.0962962962962963,-0.4148148148148148,-0.17037037037037037,-0.5555555555555556,-0.2740740740740741,-0.7555555555555555,-0.3333333333333333,-0.8888888888888888,-0.3851851851851852,-1.0,-0.02962962962962963,-0.5555555555555556,0.05185185185185185,-0.7777777777777778,0.11851851851851852,-0.9037037037037037,0.17037037037037037,-1.0,0.08888888888888889,-0.48148148148148145,0.11851851851851852,-0.5037037037037037,0.06666666666666667,-0.3851851851851852,0.02962962962962963,-0.31851851851851853,0.16296296296296298,-0.37037037037037035,0.17777777777777778,-0.4,0.11851851851851852,-0.31851851851851853,0.07407407407407407,-0.2518518518518518
3,0.0,0.0,-0.13432835820895522,-0.08955223880597014,-0.15671641791044777,-0.23134328358208955,0.007462686567164179,-0.3283582089552239,0.13432835820895522,-0.41044776119402987,-0.20149253731343283,-0.5522388059701493,-0.29850746268656714,-0.753731343283582,-0.3582089552238806,-0.8731343283582089,-0.40298507462686567,-0.9701492537313433,-0.05223880597014925,-0.5522388059701493,0.022388059701492536,-0.7761194029850746,0.09701492537313433,-0.9029850746268657,0.15671641791044777,-1.0,0.05970149253731343,-0.47761194029850745,0.12686567164179105,-0.4925373134328358,0.08208955223880597,-0.3656716417910448,0.05223880597014925,-0.29850746268656714,0.1417910447761194,-0.373134328358209,0.19402985074626866,-0.41044776119402987,0.16417910447761194,-0.3358208955223881,0.12686567164179105,-0.2835820895522388
3,0.0,0.0,-0.1323529411764706,-0.09558823529411764,-0.16176470588235295,-0.25,-0.022058823529411766,-0.35294117647058826,0.10294117647058823,-0.4338235294117647,-0.19117647058823528,-0.5588235294117647,-0.2867647058823529,-0.7426470588235294,-0.3382352941176471,-0.8676470588235294,-0.3897058823529412,-0.9632352941176471,-0.04411764705882353,-0.5588235294117647,0.022058823529411766,-0.7794117647058824,0.07352941176470588,-0.9044117647058824,0.125,-1.0,0.07352941176470588,-0.4852941176470588,0.1323529411764706,-0.5220588235294118,0.08088235294117647,-0.40441176470588236,0.04411764705882353,-0.33088235294117646,0.15441176470588236,-0.36764705882352944,0.18382352941176472,-0.41911764705882354,0.1323529411764706,-0.34558823529411764,0.09558823529411764,-0.2867647058823529
3,0.0,0.0,-0.14074074074074075,-0.0962962962962963,-0.17777777777777778,-0.2518518518518518,-0.044444444444444446,-0.362962962962963,0.07407407407407407,-0.4444444444444444,-0.2,-0.5555555555555556,-0.28888888888888886,-0.7481481481481481,-0.34814814814814815,-0.8666666666666667,-0.3925925925925926,-0.9555555555555556,-0.05185185185185185,-0.5555555555555556,0.014814814814814815,-0.7777777777777778,0.07407407407407407,-0.9037037037037037,0.1259259259259259,-1.0,0.06666666666666667,-0.4740740740740741,0.11851851851851852,-0.5185185185185185,0.05925925925925926,-0.4148148148148148,0.022222222222222223,-0.34814814814814815,0.14814814814814814,-0.362962962962963,0.16296296296296298,-0.4,0.1111111111111111,-0.32592592592592595,0.06666666666666667,-0.26666666666666666
3,0.0,0.0,-0.12781954887218044,-0.09022556390977443,-0.15789473684210525,-0.24060150375939848,-0.03759398496240601,-0.3533834586466165,0.07518796992481203,-0.43609022556390975,-0.17293233082706766,-0.5338345864661654,-0.2706766917293233,-0.7218045112781954,-0.3383458646616541,-0.849624060150376,-0.37593984962406013,-0.9473684210526315,-0.03007518796992481,-0.5338345864661654,0.03759398496240601,-0.7593984962406015,0.09774436090225563,-0.8947368421052632,0.14285714285714285,-1.0,0.08270676691729323,-0.46616541353383456,0.12030075187969924,-0.5338345864661654,0.045112781954887216,-0.43609022556390975,-0.007518796992481203,-0.3609022556390977,0.16541353383458646,-0.3684210526315789,0.16541353383458646,-0.42105263157894735,0.09022556390977443,-0.3609022556390977,0.03759398496240601,-0.3082706766917293
3,0.0,0.0,-0.13432835820895522,-0.09701492537313433,-0.15671641791044777,-0.26119402985074625,0.0,-0.3805970149253731,0.11940298507462686,-0.4701492537313433,-0.20149253731343283,-0.5522388059701493,-0.29850746268656714,-0.7388059701492538,-0.35074626865671643,-0.8582089552238806,-0.3880597014925373,-0.9477611940298507,-0.05223880597014925,-0.5597014925373134,0.022388059701492536,-0.7761194029850746,0.08208955223880597,-0.9029850746268657,0.12686567164179105,-1.0,0.05970149253731343,-0.48507462686567165,0.12686567164179105,-0.5298507462686567,0.08208955223880597,-0.41044776119402987,0.05223880597014925,-0.34328358208955223,0.1417910447761194,-0.3880597014925373,0.1791044776119403,-0.44029850746268656,0.13432835820895522,-0.3582089552238806,0.09701492537313433,-0.291044776119403
3,0.0,0.0,-0.1223021582733813,-0.10071942446043165,-0.1366906474820144,-0.2589928057553957,0.007194244604316547,-0.3669064748201439,0.1223021582733813,-0.460431654676259,-0.17266187050359713,-0.5467625899280576,-0.26618705035971224,-0.7266187050359713,-0.3237410071942446,-0.841726618705036,-0.3597122302158273,-0.9280575539568345,-0.03597122302158273,-0.5539568345323741,0.03597122302158273,-0.7769784172661871,0.09352517985611511,-0.9064748201438849,0.14388489208633093,-1.0,0.06474820143884892,-0.48201438848920863,0.12949640287769784,-0.5323741007194245,0.07194244604316546,-0.41007194244604317,0.03597122302158273,-0.34532374100719426,0.1366906474820144,-0.381294964028777,0.17985611510791366,-0.41007194244604317,0.1223021582733813,-0.3237410071942446,0.08633093525179857,-0.26618705035971224
3,0.0,0.0,-0.13194444444444445,-0.09027777777777778,-0.1875,-0.24305555555555555,-0.0763888888888889,-0.3680555555555556,0.034722222222222224,-0.4583333333333333,-0.22916666666666666,-0.5138888888888888,-0.3263888888888889,-0.6805555555555556,-0.3819444444444444,-0.7847222222222222,-0.4236111111111111,-0.8680555555555556,-0.09722222222222222,-0.5277777777777778,-0.041666666666666664,-0.7638888888888888,0.0,-0.9027777777777778,0.034722222222222224,-1.0,0.013888888888888888,-0.4652777777777778,0.04861111111111111,-0.5347222222222222,-0.013888888888888888,-0.4305555555555556,-0.041666666666666664,-0.3611111111111111,0.09722222222222222,-0.3680555555555556,0.09722222222222222,-0.4236111111111111,0.041666666666666664,-0.3472222222222222,0.013888888888888888,-0.2986111111111111
3,0.0,0.0,-0.13986013986013987,-0.07692307692307693,-0.2097902097902098,-0.22377622377622378,-0.1048951048951049,-0.35664335664335667,0.0,-0.46153846153846156,-0.2727272727272727,-0.5034965034965035,-0.3776223776223776,-0.6713286713286714,-0.43356643356643354,-0.7762237762237763,-0.4825174825174825,-0.8601398601398601,-0.13286713286713286,-0.5244755244755245,-0.0979020979020979,-0.7622377622377622,-0.055944055944055944,-0.9020979020979021,-0.02097902097902098,-1.0,-0.013986013986013986,-0.46853146853146854,0.027972027972027972,-0.5244755244755245,-0.013986013986013986,-0.3986013986013986,-0.03496503496503497,-0.32867132867132864,0.07692307692307693,-0.3706293706293706,0.08391608391608392,-0.40559440559440557,0.04195804195804196,-0.32867132867132864,0.006993006993006993,-0.2727272727272727
3,0.0,0.0,-0.13043478260869565,-0.10869565217391304,-0.18115942028985507,-0.2826086956521739,-0.07246376811594203,-0.41304347826086957,0.043478260869565216,-0.5,-0.18115942028985507,-0.5072463768115942,-0.2826086956521739,-0.6884057971014492,-0.34782608695652173,-0.7898550724637681,-0.39855072463768115,-0.8695652173913043,-0.050724637681159424,-0.5144927536231884,0.0,-0.7536231884057971,0.028985507246376812,-0.8985507246376812,0.06521739130434782,-1.0,0.057971014492753624,-0.45652173913043476,0.07971014492753623,-0.5434782608695652,-0.007246376811594203,-0.4492753623188406,-0.057971014492753624,-0.37681159420289856,0.15217391304347827,-0.36231884057971014,0.12318840579710146,-0.4420289855072464,0.028985507246376812,-0.3695652173913043,-0.028985507246376812,-0.30434782608695654
3,0.0,0.0,-0.1259259259259259,-0.1111111111111111,-0.15555555555555556,-0.26666666666666666,-0.007407407407407408,-0.3851851851851852,0.1111111111111111,-0.4666666666666667,-0.16296296296296298,-0.5407407407407407,-0.25925925925925924,-0.7407407407407407,-0.3111111111111111,-0.8592592592592593,-0.34814814814814815,-0.9555555555555556,-0.022222222222222223,-0.5481481481481482,0.05185185185185185,-0.7703703703703704,0.1037037037037037,-0.9037037037037037,0.14814814814814814,-1.0,0.08148148148148149,-0.48148148148148145,0.14074074074074075,-0.5481481481481482,0.0962962962962963,-0.4444444444444444,0.06666666666666667,-0.37037037037037035,0.16296296296296298,-0.3925925925925926,0.1925925925925926,-0.45925925925925926,0.15555555555555556,-0.4074074074074074,0.1111111111111111,-0.34074074074074073
3,0.0,0.0,-0.12949640287769784,-0.09352517985611511,-0.15827338129496402,-0.2589928057553957,-0.02877697841726619,-0.37410071942446044,0.10071942446043165,-0.45323741007194246,-0.19424460431654678,-0.4892086330935252,-0.2733812949640288,-0.697841726618705,-0.31654676258992803,-0.8273381294964028,-0.35251798561151076,-0.935251798561151,-0.05755395683453238,-0.49640287769784175,0.014388489208633094,-0.7338129496402878,0.07913669064748201,-0.8776978417266187,0.12949640287769784,-1.0,0.05755395683453238,-0.43884892086330934,0.1079136690647482,-0.5035971223021583,0.05755395683453238,-0.37410071942446044,0.02158273381294964,-0.2949640287769784,0.14388489208633093,-0.35251798561151076,0.17266187050359713,-0.4172661870503597,0.1223021582733813,-0.33093525179856115,0.07913669064748201,-0.26618705035971224
3,0.0,0.0,-0.1323529411764706,-0.08823529411764706,-0.19852941176470587,-0.23529411764705882,-0.11029411764705882,-0.3382352941176471,-0.007352941176470588,-0.4117647058823529,-0.20588235294117646,-0.5147058823529411,-0.2867647058823529,-0.7132352941176471,-0.33088235294117646,-0.8308823529411765,-0.3602941176470588,-0.9338235294117647,-0.07352941176470588,-0.5220588235294118,-0.022058823529411766,-0.7573529411764706,0.007352941176470588,-0.8970588235294118,0.029411764705882353,-1.0,0.03676470588235294,-0.45588235294117646,0.058823529411764705,-0.6029411764705882,0.0,-0.5294117647058824,-0.03676470588235294,-0.4632352941176471,0.125,-0.3602941176470588,0.08088235294117647,-0.4338235294117647,0.0,-0.36764705882352944,-0.051470588235294115,-0.3088235294117647
3,0.0,0.0,-0.13043478260869565,-0.07971014492753623,-0.17391304347826086,-0.2391304347826087,-0.050724637681159424,-0.34057971014492755,0.06521739130434782,-0.41304347826086957,-0.2028985507246377,-0.5217391304347826,-0.2753623188405797,-0.717391304347826,-0.3115942028985507,-0.8405797101449275,-0.34057971014492755,-0.9420289855072463,-0.06521739130434782,-0.5217391304347826,-0.021739130434782608,-0.7536231884057971,0.007246376811594203,-0.8913043478260869,0.036231884057971016,-1.0,0.043478260869565216,-0.45652173913043476,0.07246376811594203,-0.5289855072463768,0.021739130434782608,-0.4057971014492754,-0.007246376811594203,-0.3333333333333333,0.12318840579710146,-0.36231884057971014,0.10869565217391304,-0.391304347826087,0.043478260869565216,-0.2971014492753623,0.0,-0.2391304347826087
3,0.0,0.0,-0.1276595744680851,-0.0851063829787234,-0.16312056737588654,-0.24113475177304963,-0.028368794326241134,-0.3475177304964539,0.09219858156028368,-0.41134751773049644,-0.18439716312056736,-0.5390070921985816,-0.22695035460992907,-0.7375886524822695,-0.24822695035460993,-0.8581560283687943,-0.2624113475177305,-0.9645390070921985,-0.0425531914893617,-0.5390070921985816,0.0,-0.7588652482269503,0.02127659574468085,-0.8936170212765957,0.0425531914893617,-1.0,0.06382978723404255,-0.48226950354609927,0.10638297872340426,-0.6099290780141844,0.04964539007092199,-0.5035460992907801,0.014184397163120567,-0.41843971631205673,0.15602836879432624,-0.375886524822695,0.15602836879432624,-0.45390070921985815,0.09929078014184398,-0.375886524822695,0.05673758865248227,-0.3120567375886525
3,0.0,0.0,-0.13286713286713286,-0.0979020979020979,-0.18181818181818182,-0.25874125874125875,-0.055944055944055944,-0.35664335664335667,0.06993006993006994,-0.40559440559440557,-0.1958041958041958,-0.5244755244755245,-0.25874125874125875,-0.7272727272727273,-0.2867132867132867,-0.8601398601398601,-0.32167832167832167,-0.958041958041958,-0.06293706293706294,-0.5314685314685315,-0.04195804195804196,-0.7552447552447552,-0.03496503496503497,-0.8951048951048951,-0.027972027972027972,-1.0,0.04895104895104895,-0.46853146853146854,0.06293706293706294,-0.5384615384615384,0.027972027972027972,-0.4405594405594406,0.0,-0.3776223776223776,0.13986013986013987,-0.3706293706293706,0.13286713286713286,-0.4125874125874126,0.07692307692307693,-0.34265734265734266,0.03496503496503497,-0.2867132867132867
3,0.0,0.0,-0.13793103448275862,-0.08275862068965517,-0.19310344827586207,-0.2413793103448276,-0.08275862068965517,-0.33793103448275863,0.027586206896551724,-0.3931034482758621,-0.20689655172413793,-0.5172413793103449,-0.2689655172413793,-0.7103448275862069,-0.296551724137931,-0.8344827586206897,-0.32413793103448274,-0.9379310344827586,-0.07586206896551724,-0.5241379310344828,-0.04827586206896552,-0.7517241379310344,-0.034482758620689655,-0.8896551724137931,-0.027586206896551724,-1.0,0.034482758620689655,-0.46206896551724136,0.041379310344827586,-0.5379310344827586,0.0,-0.4482758620689655,-0.020689655172413793,-0.38620689655172413,0.1310344827586207,-0.3724137931034483,0.10344827586206896,-0.41379310344827586,0.04827586206896552,-0.3448275862068966,0.013793103448275862,-0.296551724137931
3,0.0,0.0,-0.13286713286713286,-0.07692307692307693,-0.1888111888111888,-0.23776223776223776,-0.06293706293706294,-0.32867132867132864,0.06293706293706294,-0.3916083916083916,-0.20279720279720279,-0.5244755244755245,-0.26573426573426573,-0.7202797202797203,-0.3006993006993007,-0.8461538461538461,-0.32867132867132864,-0.951048951048951,-0.06293706293706294,-0.5314685314685315,-0.013986013986013986,-0.7622377622377622,0.013986013986013986,-0.8951048951048951,0.027972027972027972,-1.0,0.055944055944055944,-0.46853146853146854,0.06293706293706294,-0.5454545454545454,0.013986013986013986,-0.43356643356643354,-0.006993006993006993,-0.35664335664335667,0.14685314685314685,-0.3706293706293706,0.13286713286713286,-0.42657342657342656,0.08391608391608392,-0.34265734265734266,0.055944055944055944,-0.27972027972027974
3,0.0,0.0,-0.11888111888111888,-0.08391608391608392,-0.15384615384615385,-0.23776223776223776,-0.02097902097902098,-0.32167832167832167,0.1048951048951049,-0.3706293706293706,-0.15384615384615385,-0.5314685314685315,-0.2097902097902098,-0.7272727272727273,-0.24475524475524477,-0.8531468531468531,-0.2727272727272727,-0.965034965034965,-0.013986013986013986,-0.5314685314685315,0.04195804195804196,-0.7482517482517482,0.06993006993006994,-0.8881118881118881,0.0979020979020979,-1.0,0.09090909090909091,-0.45454545454545453,0.11888111888111888,-0.5314685314685315,0.055944055944055944,-0.44755244755244755,0.013986013986013986,-0.3776223776223776,0.16083916083916083,-0.34965034965034963,0.14685314685314685,-0.3706293706293706,0.06293706293706294,-0.3006993006993007,0.0,-0.2517482517482518
3,0.0,0.0,-0.12080536912751678,-0.08053691275167785,-0.1476510067114094,-0.22818791946308725,-0.006711409395973154,-0.30201342281879195,0.11409395973154363,-0.3624161073825503,-0.15436241610738255,-0.5302013422818792,-0.2080536912751678,-0.7315436241610739,-0.2348993288590604,-0.8657718120805369,-0.26174496644295303,-0.9731543624161074,-0.020134228187919462,-0.5302013422818792,0.026845637583892617,-0.7516778523489933,0.06040268456375839,-0.8859060402684564,0.087248322147651,-1.0,0.08053691275167785,-0.4697986577181208,0.12751677852348994,-0.5302013422818792,0.08053691275167785,-0.40268456375838924,0.040268456375838924,-0.3288590604026846,0.15436241610738255,-0.3691275167785235,0.174496644295302,-0.3825503355704698,0.11409395973154363,-0.2953020134228188,0.0738255033557047,-0.24161073825503357
3,0.0,0.0,-0.12244897959183673,-0.09523809523809523,-0.1292517006802721,-0.2789115646258503,0.027210884353741496,-0.3673469387755102,0.16326530612244897,-0.40816326530612246,-0.1360544217687075,-0.5374149659863946,-0.1836734693877551,-0.7414965986394558,-0.2108843537414966,-0.8707482993197279,-0.23809523809523808,-0.9727891156462585,-0.006802721088435374,-0.5374149659863946,0.047619047619047616,-0.7619047619047619,0.07482993197278912,-0.8979591836734694,0.09523809523809523,-1.0,0.09523809523809523,-0.46258503401360546,0.1292517006802721,-0.5510204081632653,0.07482993197278912,-0.43537414965986393,0.047619047619047616,-0.35374149659863946,0.17687074829931973,-0.36054421768707484,0.17006802721088435,-0.4013605442176871,0.10884353741496598,-0.3333333333333333,0.07482993197278912,-0.2857142857142857
3,0.0,0.0,-0.11724137931034483,-0.10344827586206896,-0.12413793103448276,-0.27586206896551724,0.04827586206896552,-0.3586206896551724,0.1793103448275862,-0.4068965517241379,-0.12413793103448276,-0.5448275862068965,-0.15862068965517243,-0.7517241379310344,-0.1724137931034483,-0.8896551724137931,-0.18620689655172415,-0.993103448275862,0.013793103448275862,-0.5379310344827586,0.04827586206896552,-0.7655172413793103,0.06896551724137931,-0.896551724137931,0.08275862068965517,-1.0,0.12413793103448276,-0.4689655172413793,0.16551724137931034,-0.5379310344827586,0.11724137931034483,-0.42758620689655175,0.07586206896551724,-0.35172413793103446,0.20689655172413793,-0.36551724137931035,0.21379310344827587,-0.41379310344827586,0.15172413793103448,-0.3310344827586207,0.1103448275862069,-0.2827586206896552
3,0.0,0.0,-0.1223021582733813,-0.10071942446043165,-0.14388489208633093,-0.26618705035971224,0.014388489208633094,-0.3669064748201439,0.14388489208633093,-0.4316546762589928,-0.16546762589928057,-0.539568345323741,-0.22302158273381295,-0.7553956834532374,-0.2517985611510791,-0.8920863309352518,-0.2733812949640288,-1.0,-0.02877697841726619,-0.5323741007194245,0.014388489208633094,-0.762589928057554,0.02877697841726619,-0.8992805755395683,0.03597122302158273,-1.0,0.08633093525179857,-0.4676258992805755,0.1079136690647482,-0.5251798561151079,0.07913669064748201,-0.39568345323741005,0.050359712230215826,-0.31654676258992803,0.16546762589928057,-0.3597122302158273,0.17985611510791366,-0.4172661870503597,0.14388489208633093,-0.33093525179856115,0.1079136690647482,-0.26618705035971224
3,0.0,0.0,-0.1276595744680851,-0.09219858156028368,-0.15602836879432624,-0.2553191489361702,-0.014184397163120567,-0.3546099290780142,0.10638297872340426,-0.41134751773049644,-0.18439716312056736,-0.5319148936170213,-0.2553191489361702,-0.7446808510638298,-0.28368794326241137,-0.8794326241134752,-0.3049645390070922,-0.9858156028368794,-0.04964539007092199,-0.5390070921985816,-0.014184397163120567,-0.7730496453900709,0.0070921985815602835,-0.9078014184397163,0.02127659574468085,-1.0,0.06382978723404255,-0.475177304964539,0.11347517730496454,-0.5531914893617021,0.0851063829787234,-0.45390070921985815,0.05673758865248227,-0.3829787234042553,0.14893617021276595,-0.3829787234042553,0.1773049645390071,-0.4326241134751773,0.1347517730496454,-0.36879432624113473,0.10638297872340426,-0.3191489361702128
3,0.0,0.0,-0.11805555555555555,-0.10416666666666667,-0.13194444444444445,-0.2708333333333333,0.020833333333333332,-0.3680555555555556,0.1388888888888889,-0.4305555555555556,-0.1597222222222222,-0.5416666666666666,-0.20833333333333334,-0.75,-0.2361111111111111,-0.8819444444444444,-0.2638888888888889,-0.9791666666666666,-0.020833333333333332,-0.5416666666666666,0.027777777777777776,-0.7708333333333334,0.041666666666666664,-0.9027777777777778,0.041666666666666664,-1.0,0.09027777777777778,-0.4791666666666667,0.13194444444444445,-0.5694444444444444,0.0763888888888889,-0.4513888888888889,0.041666666666666664,-0.375,0.1736111111111111,-0.375,0.19444444444444445,-0.4444444444444444,0.1388888888888889,-0.3680555555555556,0.10416666666666667,-0.3125
3,0.0,0.0,-0.1323529411764706,-0.11764705882352941,-0.14705882352941177,-0.29411764705882354,-0.014705882352941176,-0.41911764705882354,0.09558823529411764,-0.5,-0.18382352941176472,-0.5367647058823529,-0.23529411764705882,-0.75,-0.27205882352941174,-0.8823529411764706,-0.29411764705882354,-0.9926470588235294,-0.04411764705882353,-0.5294117647058824,-0.007352941176470588,-0.7647058823529411,0.014705882352941176,-0.8970588235294118,0.04411764705882353,-1.0,0.07352941176470588,-0.4632352941176471,0.10294117647058823,-0.5588235294117647,0.058823529411764705,-0.4338235294117647,0.029411764705882353,-0.34558823529411764,0.16911764705882354,-0.36764705882352944,0.19117647058823528,-0.47058823529411764,0.15441176470588236,-0.38235294117647056,0.125,-0.3161764705882353
3,0.0,0.0,-0.1323529411764706,-0.11029411764705882,-0.16176470588235295,-0.29411764705882354,-0.014705882352941176,-0.4264705882352941,0.11029411764705882,-0.4852941176470588,-0.19852941176470587,-0.5367647058823529,-0.2647058823529412,-0.7352941176470589,-0.3088235294117647,-0.8602941176470589,-0.3382352941176471,-0.9632352941176471,-0.058823529411764705,-0.5441176470588235,-0.022058823529411766,-0.7720588235294118,0.007352941176470588,-0.8970588235294118,0.029411764705882353,-1.0,0.051470588235294115,-0.4852941176470588,0.10294117647058823,-0.5588235294117647,0.0661764705882353,-0.4485294117647059,0.04411764705882353,-0.36764705882352944,0.14705882352941177,-0.40441176470588236,0.17647058823529413,-0.47058823529411764,0.13970588235294118,-0.40441176470588236,0.11764705882352941,-0.34558823529411764
3,0.0,0.0,-0.1347517730496454,-0.10638297872340426,-0.15602836879432624,-0.2978723404255319,-0.014184397163120567,-0.425531914893617,0.12056737588652482,-0.48936170212765956,-0.19148936170212766,-0.5460992907801419,-0.24822695035460993,-0.7375886524822695,-0.2765957446808511,-0.8581560283687943,-0.2978723404255319,-0.950354609929078,-0.04964539007092199,-0.5460992907801419,0.0070921985815602835,-0.7730496453900709,0.028368794326241134,-0.900709219858156,0.04964539007092199,-1.0,0.06382978723404255,-0.48936170212765956,0.09929078014184398,-0.6028368794326241,0.0425531914893617,-0.49645390070921985,0.0070921985815602835,-0.41843971631205673,0.14893617021276595,-0.3971631205673759,0.14184397163120568,-0.46099290780141844,0.07801418439716312,-0.3900709219858156,0.03546099290780142,-0.3262411347517731
3,0.0,0.0,-0.13986013986013987,-0.1048951048951049,-0.17482517482517482,-0.2937062937062937,-0.04195804195804196,-0.43356643356643354,0.07692307692307693,-0.5034965034965035,-0.1958041958041958,-0.5244755244755245,-0.26573426573426573,-0.7202797202797203,-0.3006993006993007,-0.8391608391608392,-0.32867132867132864,-0.9300699300699301,-0.06293706293706294,-0.5384615384615384,-0.013986013986013986,-0.7762237762237763,0.006993006993006993,-0.9020979020979021,0.013986013986013986,-1.0,0.04895104895104895,-0.4825174825174825,0.06293706293706294,-0.6293706293706294,0.02097902097902098,-0.5244755244755245,0.0,-0.43356643356643354,0.14685314685314685,-0.3986013986013986,0.13286713286713286,-0.48951048951048953,0.08391608391608392,-0.3986013986013986,0.06293706293706294,-0.32867132867132864
3,0.0,0.0,-0.13725490196078433,-0.10457516339869281,-0.17647058823529413,-0.2549019607843137,-0.0915032679738562,-0.37254901960784315,0.006535947712418301,-0.45098039215686275,-0.20261437908496732,-0.5163398692810458,-0.26143790849673204,-0.7189542483660131,-0.29411764705882354,-0.8366013071895425,-0.3202614379084967,-0.9411764705882353,-0.0784313725490196,-0.5294117647058824,-0.0457516339869281,-0.7712418300653595,-0.032679738562091505,-0.8954248366013072,-0.0196078431372549,-1.0,0.026143790849673203,-0.48366013071895425,0.032679738562091505,-0.6405228758169934,-0.006535947712418301,-0.5424836601307189,-0.0196078431372549,-0.46405228758169936,0.11764705882352941,-0.39215686274509803,0.09803921568627451,-0.49019607843137253,0.058823529411764705,-0.41830065359477125,0.0392156862745098,-0.35294117647058826
3,0.0,0.0,-0.12751677852348994,-0.09395973154362416,-0.18120805369127516,-0.2483221476510067,-0.0738255033557047,-0.3288590604026846,0.04697986577181208,-0.3825503355704698,-0.1610738255033557,-0.5369127516778524,-0.2080536912751678,-0.7449664429530202,-0.22818791946308725,-0.87248322147651,-0.2483221476510067,-0.9731543624161074,-0.026845637583892617,-0.5302013422818792,0.026845637583892617,-0.7583892617449665,0.04697986577181208,-0.8926174496644296,0.06711409395973154,-1.0,0.087248322147651,-0.4563758389261745,0.09395973154362416,-0.5503355704697986,0.026845637583892617,-0.44966442953020136,-0.006711409395973154,-0.37583892617449666,0.16778523489932887,-0.3422818791946309,0.1342281879194631,-0.3959731543624161,0.06040268456375839,-0.3288590604026846,0.026845637583892617,-0.28187919463087246
3,0.0,0.0,-0.13245033112582782,-0.09271523178807947,-0.18543046357615894,-0.25165562913907286,-0.09933774834437085,-0.3443708609271523,0.006622516556291391,-0.3973509933774834,-0.17218543046357615,-0.5364238410596026,-0.2185430463576159,-0.7483443708609272,-0.23841059602649006,-0.8807947019867549,-0.25165562913907286,-0.9801324503311258,-0.039735099337748346,-0.5231788079470199,0.013245033112582781,-0.7549668874172185,0.026490066225165563,-0.8940397350993378,0.046357615894039736,-1.0,0.07947019867549669,-0.4503311258278146,0.06622516556291391,-0.5629139072847682,-0.013245033112582781,-0.47019867549668876,-0.052980132450331126,-0.3841059602649007,0.15894039735099338,-0.3443708609271523,0.0728476821192053,-0.3841059602649007,-0.026490066225165563,-0.33112582781456956,-0.07947019867549669,-0.2913907284768212
3,0.0,0.0,-0.13986013986013987,0.0,-0.21678321678321677,-0.11188811188811189,-0.0979020979020979,-0.18181818181818182,0.06293706293706294,-0.2097902097902098,-0.17482517482517482,-0.46853146853146854,-0.21678321678321677,-0.6993006993006993,-0.24475524475524477,-0.8461538461538461,-0.25874125874125875,-0.965034965034965,-0.02097902097902098,-0.46153846153846156,0.04195804195804196,-0.7062937062937062,0.07692307692307693,-0.8601398601398601,0.0979020979020979,-1.0,0.0979020979020979,-0.3776223776223776,0.1048951048951049,-0.4195804195804196,0.02097902097902098,-0.2867132867132867,-0.02097902097902098,-0.20279720279720279,0.1888111888111888,-0.2517482517482518,0.14685314685314685,-0.2517482517482518,0.06293706293706294,-0.17482517482517482,0.013986013986013986,-0.1258741258741259
3,0.0,0.0,-0.12883435582822086,-0.0736196319018405,-0.2085889570552147,-0.22699386503067484,-0.1165644171779141,-0.3128834355828221,0.0,-0.3558282208588957,-0.17177914110429449,-0.5337423312883436,-0.22085889570552147,-0.7423312883435583,-0.2392638036809816,-0.8650306748466258,-0.25766871165644173,-0.9693251533742331,-0.03067484662576687,-0.5276073619631901,0.006134969325153374,-0.7607361963190185,0.024539877300613498,-0.8957055214723927,0.04294478527607362,-1.0,0.08588957055214724,-0.4601226993865031,0.05521472392638037,-0.5337423312883436,-0.024539877300613498,-0.43558282208588955,-0.06134969325153374,-0.3558282208588957,0.17177914110429449,-0.3558282208588957,0.09202453987730061,-0.36809815950920244,0.018404907975460124,-0.3006134969325153,-0.018404907975460124,-0.25153374233128833
3,0.0,0.0,-0.1411042944785276,-0.0736196319018405,-0.22699386503067484,-0.22085889570552147,-0.147239263803681,-0.3128834355828221,-0.03067484662576687,-0.3619631901840491,-0.18404907975460122,-0.5276073619631901,-0.2331288343558282,-0.7300613496932515,-0.25153374233128833,-0.852760736196319,-0.26380368098159507,-0.9570552147239264,-0.04294478527607362,-0.5153374233128835,-0.006134969325153374,-0.7484662576687117,0.012269938650306749,-0.8895705521472392,0.03067484662576687,-1.0,0.0736196319018405,-0.44785276073619634,0.04294478527607362,-0.5276073619631901,-0.03680981595092025,-0.4294478527607362,-0.0736196319018405,-0.3496932515337423,0.15950920245398773,-0.3496932515337423,0.07975460122699386,-0.3803680981595092,0.006134969325153374,-0.31901840490797545,-0.03680981595092025,-0.26993865030674846
3,0.0,0.0,-0.1402439024390244,-0.06707317073170732,-0.23170731707317074,-0.21341463414634146,-0.14634146341463414,-0.29878048780487804,-0.024390243902439025,-0.3475609756097561,-0.1951219512195122,-0.524390243902439,-0.24390243902439024,-0.7317073170731707,-0.2621951219512195,-0.8597560975609756,-0.2682926829268293,-0.9634146341463414,-0.054878048780487805,-0.5182926829268293,-0.018292682926829267,-0.7439024390243902,0.006097560975609756,-0.8841463414634146,0.024390243902439025,-1.0,0.06097560975609756,-0.45121951219512196,0.04878048780487805,-0.5182926829268293,-0.03048780487804878,-0.4024390243902439,-0.06707317073170732,-0.3231707317073171,0.1524390243902439,-0.3475609756097561,0.09146341463414634,-0.36585365853658536,0.018292682926829267,-0.2926829268292683,-0.018292682926829267,-0.23780487804878048
3,0.0,0.0,-0.14465408805031446,-0.06289308176100629,-0.2389937106918239,-0.20754716981132076,-0.16352201257861634,-0.3018867924528302,-0.0440251572327044,-0.34591194968553457,-0.20125786163522014,-0.5094339622641509,-0.2578616352201258,-0.7232704402515723,-0.2830188679245283,-0.8616352201257862,-0.29559748427672955,-0.9748427672955975,-0.06289308176100629,-0.5094339622641509,-0.018867924528301886,-0.7484276729559748,0.0,-0.8867924528301887,0.012578616352201259,-1.0,0.050314465408805034,-0.44025157232704404,0.031446540880503145,-0.5471698113207547,-0.018867924528301886,-0.4276729559748428,-0.0440251572327044,-0.3333333333333333,0.14465408805031446,-0.33962264150943394,0.09433962264150944,-0.389937106918239,0.031446540880503145,-0.3081761006289308,0.006289308176100629,-0.24528301886792453
3,0.0,0.0,-0.16352201257861634,-0.06918238993710692,-0.2578616352201258,-0.2138364779874214,-0.16981132075471697,-0.32075471698113206,-0.0440251572327044,-0.3710691823899371,-0.18238993710691823,-0.4968553459119497,-0.23270440251572327,-0.7044025157232704,-0.2641509433962264,-0.8238993710691824,-0.2830188679245283,-0.9245283018867925,-0.050314465408805034,-0.4968553459119497,0.0,-0.7358490566037735,0.018867924528301886,-0.8867924528301887,0.03773584905660377,-1.0,0.06289308176100629,-0.4276729559748428,0.012578616352201259,-0.5471698113207547,-0.08176100628930817,-0.4591194968553459,-0.1320754716981132,-0.3836477987421384,0.15723270440251572,-0.3270440251572327,0.06918238993710692,-0.4025157232704403,-0.025157232704402517,-0.34591194968553457,-0.07547169811320754,-0.2893081761006289
3,0.0,0.0,-0.16149068322981366,-0.062111801242236024,-0.2608695652173913,-0.19254658385093168,-0.18633540372670807,-0.30434782608695654,-0.06832298136645963,-0.36024844720496896,-0.19875776397515527,-0.4968944099378882,-0.2422360248447205,-0.6956521739130435,-0.2608695652173913,-0.8136645962732919,-0.2795031055900621,-0.9130434782608695,-0.06832298136645963,-0.4968944099378882,-0.024844720496894408,-0.7391304347826086,-0.006211180124223602,-0.8881987577639752,0.006211180124223602,-1.0,0.037267080745341616,-0.43478260869565216,0.0,-0.546583850931677,-0.08695652173913043,-0.4782608695652174,-0.12422360248447205,-0.422360248447205,0.13043478260869565,-0.3416149068322981,0.062111801242236024,-0.391304347826087,-0.018633540372670808,-0.32919254658385094,-0.062111801242236024,-0.2670807453416149
3,0.0,0.0,-0.16352201257861634,-0.06918238993710692,-0.25157232704402516,-0.22012578616352202,-0.20125786163522014,-0.33962264150943394,-0.12578616352201258,-0.4339622641509434,-0.20754716981132076,-0.46540880503144655,-0.27044025157232704,-0.6855345911949685,-0.2893081761006289,-0.8176100628930818,-0.29559748427672955,-0.9245283018867925,-0.08176100628930817,-0.4779874213836478,-0.050314465408805034,-0.7295597484276729,-0.031446540880503145,-0.8805031446540881,-0.018867924528301886,-1.0,0.025157232704402517,-0.44025157232704404,-0.018867924528301886,-0.5094339622641509,-0.06918238993710692,-0.41509433962264153,-0.08176100628930817,-0.33962264150943394,0.11320754716981132,-0.36477987421383645,0.05660377358490566,-0.41509433962264153,0.0,-0.3270440251572327,-0.025157232704402517,-0.25157232704402516
3,0.0,0.0,-0.1503267973856209,-0.0718954248366013,-0.24836601307189543,-0.21568627450980393,-0.19607843137254902,-0.3333333333333333,-0.09803921568627451,-0.39215686274509803,-0.17647058823529413,-0.49673202614379086,-0.22875816993464052,-0.6862745098039216,-0.24836601307189543,-0.7973856209150327,-0.24836601307189543,-0.8888888888888888,-0.0457516339869281,-0.5098039215686274,-0.013071895424836602,-0.7516339869281046,0.0,-0.8888888888888888,0.0196078431372549,-1.0,0.058823529411764705,-0.45751633986928103,-0.006535947712418301,-0.5686274509803921,-0.0718954248366013,-0.47058823529411764,-0.0915032679738562,-0.39215686274509803,0.1437908496732026,-0.37254901960784315,0.0457516339869281,-0.42483660130718953,-0.0392156862745098,-0.35947712418300654,-0.0718954248366013,-0.3006535947712418
3,0.0,0.0,-0.17687074829931973,-0.06802721088435375,-0.2925170068027211,-0.22448979591836735,-0.24489795918367346,-0.35374149659863946,-0.10884353741496598,-0.3945578231292517,-0.1836734693877551,-0.4897959183673469,-0.24489795918367346,-0.6802721088435374,-0.2653061224489796,-0.7891156462585034,-0.272108843537415,-0.8775510204081632,-0.061224489795918366,-0.5034013605442177,-0.04081632653061224,-0.7414965986394558,-0.04081632653061224,-0.8843537414965986,-0.027210884353741496,-1.0,0.04081632653061224,-0.46258503401360546,-0.047619047619047616,-0.5238095238095238,-0.12244897959183673,-0.42857142857142855,-0.1360544217687075,-0.36054421768707484,0.12244897959183673,-0.3877551020408163,0.006802721088435374,-0.40816326530612246,-0.061224489795918366,-0.32653061224489793,-0.08163265306122448,-0.2653061224489796
3,0.0,0.0,-0.16666666666666666,-0.0625,-0.2916666666666667,-0.19444444444444445,-0.3055555555555556,-0.3194444444444444,-0.2013888888888889,-0.3888888888888889,-0.16666666666666666,-0.4791666666666667,-0.2152777777777778,-0.6666666666666666,-0.22916666666666666,-0.7708333333333334,-0.2222222222222222,-0.8611111111111112,-0.05555555555555555,-0.5,-0.041666666666666664,-0.7361111111111112,-0.034722222222222224,-0.875,-0.013888888888888888,-1.0,0.041666666666666664,-0.4652777777777778,-0.09722222222222222,-0.5486111111111112,-0.1736111111111111,-0.4513888888888889,-0.1875,-0.375,0.1111111111111111,-0.4027777777777778,-0.041666666666666664,-0.4305555555555556,-0.11805555555555555,-0.3541666666666667,-0.14583333333333334,-0.2916666666666667
3,0.0,0.0,-0.16546762589928057,-0.050359712230215826,-0.302158273381295,-0.16546762589928057,-0.3381294964028777,-0.28776978417266186,-0.2517985611510791,-0.37410071942446044,-0.18705035971223022,-0.4676258992805755,-0.2446043165467626,-0.6402877697841727,-0.2589928057553957,-0.7410071942446043,-0.2517985611510791,-0.8345323741007195,-0.07913669064748201,-0.4892086330935252,-0.07913669064748201,-0.7266187050359713,-0.07194244604316546,-0.8776978417266187,-0.05755395683453238,-1.0,0.014388489208633094,-0.460431654676259,-0.1223021582733813,-0.5251798561151079,-0.19424460431654678,-0.4316546762589928,-0.2158273381294964,-0.3597122302158273,0.08633093525179857,-0.41007194244604317,-0.05755395683453238,-0.43884892086330934,-0.1366906474820144,-0.37410071942446044,-0.17266187050359713,-0.31654676258992803
3,0.0,0.0,-0.18248175182481752,-0.043795620437956206,-0.32116788321167883,-0.15328467153284672,-0.3795620437956204,-0.26277372262773724,-0.32116788321167883,-0.36496350364963503,-0.21897810218978103,-0.46715328467153283,-0.2773722627737226,-0.6423357664233577,-0.29927007299270075,-0.7445255474452555,-0.29927007299270075,-0.8321167883211679,-0.11678832116788321,-0.49635036496350365,-0.13138686131386862,-0.7299270072992701,-0.1386861313868613,-0.8759124087591241,-0.13138686131386862,-1.0,-0.021897810218978103,-0.4744525547445255,-0.18248175182481752,-0.5255474452554745,-0.24817518248175183,-0.40145985401459855,-0.25547445255474455,-0.31386861313868614,0.051094890510948905,-0.4306569343065693,-0.12408759124087591,-0.44525547445255476,-0.1897810218978102,-0.34306569343065696,-0.20437956204379562,-0.25547445255474455
3,0.0,0.0,-0.1888111888111888,-0.02097902097902098,-0.3356643356643357,-0.1258741258741259,-0.3916083916083916,-0.22377622377622378,-0.32867132867132864,-0.3006993006993007,-0.22377622377622378,-0.46153846153846156,-0.3076923076923077,-0.6363636363636364,-0.3356643356643357,-0.7622377622377622,-0.34265734265734266,-0.8671328671328671,-0.1258741258741259,-0.48951048951048953,-0.16783216783216784,-0.7202797202797203,-0.1888111888111888,-0.8671328671328671,-0.1888111888111888,-1.0,-0.03496503496503497,-0.46153846153846156,-0.17482517482517482,-0.48951048951048953,-0.21678321678321677,-0.36363636363636365,-0.2097902097902098,-0.2727272727272727,0.02097902097902098,-0.3986013986013986,-0.1258741258741259,-0.4125874125874126,-0.16783216783216784,-0.3146853146853147,-0.16783216783216784,-0.23076923076923078
3,0.0,0.0,-0.19424460431654678,-0.02158273381294964,-0.34532374100719426,-0.1079136690647482,-0.41007194244604317,-0.19424460431654678,-0.34532374100719426,-0.2733812949640288,-0.2589928057553957,-0.4748201438848921,-0.34532374100719426,-0.6546762589928058,-0.39568345323741005,-0.7841726618705036,-0.4172661870503597,-0.8848920863309353,-0.1510791366906475,-0.5107913669064749,-0.2014388489208633,-0.7266187050359713,-0.23741007194244604,-0.8705035971223022,-0.2517985611510791,-1.0,-0.05755395683453238,-0.4892086330935252,-0.2446043165467626,-0.48201438848920863,-0.2733812949640288,-0.35251798561151076,-0.2517985611510791,-0.2733812949640288,0.007194244604316547,-0.4172661870503597,-0.17985611510791366,-0.381294964028777,-0.20863309352517986,-0.2733812949640288,-0.19424460431654678,-0.2014388489208633
3,0.0,0.0,-0.19117647058823528,-0.022058823529411766,-0.33088235294117646,-0.09558823529411764,-0.4117647058823529,-0.15441176470588236,-0.3602941176470588,-0.2426470588235294,-0.25,-0.47058823529411764,-0.34558823529411764,-0.6544117647058824,-0.40441176470588236,-0.7794117647058824,-0.4264705882352941,-0.8897058823529411,-0.13970588235294118,-0.5073529411764706,-0.19852941176470587,-0.7205882352941176,-0.23529411764705882,-0.8676470588235294,-0.25735294117647056,-1.0,-0.04411764705882353,-0.47794117647058826,-0.25,-0.47058823529411764,-0.3014705882352941,-0.3382352941176471,-0.29411764705882354,-0.25,0.007352941176470588,-0.4117647058823529,-0.19117647058823528,-0.35294117647058826,-0.2426470588235294,-0.2426470588235294,-0.23529411764705882,-0.16911764705882354
3,0.0,0.0,-0.1865671641791045,-0.03731343283582089,-0.3283582089552239,-0.1417910447761194,-0.40298507462686567,-0.2462686567164179,-0.3208955223880597,-0.3208955223880597,-0.23880597014925373,-0.5,-0.3358208955223881,-0.7014925373134329,-0.39552238805970147,-0.8208955223880597,-0.4253731343283582,-0.9328358208955224,-0.12686567164179105,-0.5298507462686567,-0.20149253731343283,-0.746268656716418,-0.2462686567164179,-0.8805970149253731,-0.27611940298507465,-1.0,-0.029850746268656716,-0.5074626865671642,-0.22388059701492538,-0.5298507462686567,-0.27611940298507465,-0.41044776119402987,-0.27611940298507465,-0.3208955223880597,0.03731343283582089,-0.44029850746268656,-0.15671641791044777,-0.417910447761194,-0.22388059701492538,-0.3283582089552239,-0.2462686567164179,-0.26119402985074625
3,0.0,0.0,-0.18248175182481752,-0.043795620437956206,-0.31386861313868614,-0.15328467153284672,-0.35036496350364965,-0.26277372262773724,-0.25547445255474455,-0.3284671532846715,-0.19708029197080293,-0.49635036496350365,-0.291970802919708,-0.7007299270072993,-0.35036496350364965,-0.8248175182481752,-0.38686131386861317,-0.927007299270073,-0.0948905109489051,-0.5109489051094891,-0.12408759124087591,-0.7445255474452555,-0.1678832116788321,-0.8832116788321168,-0.1897810218978102,-1.0,-0.0072992700729927005,-0.4744525547445255,-0.15328467153284672,-0.5255474452554745,-0.2116788321167883,-0.4306569343065693,-0.20437956204379562,-0.3722627737226277,0.043795620437956206,-0.40875912408759124,-0.12408759124087591,-0.40875912408759124,-0.18248175182481752,-0.31386861313868614,-0.18248175182481752,-0.24817518248175183
3,0.0,0.0,-0.17518248175182483,-0.029197080291970802,-0.30656934306569344,-0.15328467153284672,-0.26277372262773724,-0.29927007299270075,-0.15328467153284672,-0.38686131386861317,-0.24087591240875914,-0.43795620437956206,-0.30656934306569344,-0.6277372262773723,-0.34306569343065696,-0.7518248175182481,-0.36496350364963503,-0.8613138686131386,-0.11678832116788321,-0.48175182481751827,-0.145985401459854,-0.7226277372262774,-0.18248175182481752,-0.8686131386861314,-0.1897810218978102,-1.0,0.0,-0.46715328467153283,-0.072992700729927,-0.583941605839416,-0.10948905109489052,-0.48175182481751827,-0.10218978102189781,-0.40145985401459855,0.10948905109489052,-0.40145985401459855,0.0072992700729927005,-0.44525547445255476,-0.0364963503649635,-0.35766423357664234,-0.0364963503649635,-0.291970802919708
3,0.0,0.0,-0.14893617021276595,-0.07092198581560284,-0.24822695035460993,-0.19858156028368795,-0.2198581560283688,-0.3049645390070922,-0.12056737588652482,-0.3546099290780142,-0.14893617021276595,-0.5177304964539007,-0.19148936170212766,-0.7304964539007093,-0.20567375886524822,-0.8652482269503546,-0.22695035460992907,-0.9787234042553191,-0.02127659574468085,-0.5106382978723404,0.02127659574468085,-0.75177304964539,0.028368794326241134,-0.8865248226950354,0.02127659574468085,-1.0,0.07801418439716312,-0.44680851063829785,0.02127659574468085,-0.5531914893617021,-0.07092198581560284,-0.5106382978723404,-0.12056737588652482,-0.46808510638297873,0.14893617021276595,-0.3546099290780142,0.04964539007092199,-0.3971631205673759,-0.04964539007092199,-0.3475177304964539,-0.11347517730496454,-0.2907801418439716
3,0.0,0.0,-0.15172413793103448,-0.09655172413793103,-0.2206896551724138,-0.27586206896551724,-0.10344827586206896,-0.3793103448275862,0.041379310344827586,-0.4,-0.13793103448275862,-0.5379310344827586,-0.15172413793103448,-0.7586206896551724,-0.15862068965517243,-0.8896551724137931,-0.1724137931034483,-1.0,-0.013793103448275862,-0.5172413793103449,0.06206896551724138,-0.7517241379310344,0.09655172413793103,-0.8896551724137931,0.11724137931034483,-1.0,0.0896551724137931,-0.43448275862068964,0.07586206896551724,-0.5448275862068965,0.0,-0.4482758620689655,-0.041379310344827586,-0.38620689655172413,0.1724137931034483,-0.32413793103448274,0.1310344827586207,-0.3931034482758621,0.06206896551724138,-0.32413793103448274,0.027586206896551724,-0.2689655172413793
3,0.0,0.0,-0.125,-0.08552631578947369,-0.17763157894736842,-0.23026315789473684,-0.06578947368421052,-0.3355263157894737,0.05921052631578947,-0.3881578947368421,-0.13157894736842105,-0.5263157894736842,-0.13815789473684212,-0.7302631578947368,-0.13815789473684212,-0.868421052631579,-0.13815789473684212,-0.9736842105263158,-0.006578947368421052,-0.5197368421052632,0.039473684210526314,-0.75,0.05921052631578947,-0.8881578947368421,0.06578947368421052,-1.0,0.09868421052631579,-0.4473684210526316,0.1118421052631579,-0.5526315789473685,0.039473684210526314,-0.4473684210526316,-0.006578947368421052,-0.375,0.17105263157894737,-0.34210526315789475,0.13815789473684212,-0.3881578947368421,0.07236842105263158,-0.3157894736842105,0.03289473684210526,-0.2631578947368421
3,0.0,0.0,-0.12751677852348994,-0.087248322147651,-0.174496644295302,-0.22818791946308725,-0.06711409395973154,-0.3288590604026846,0.053691275167785234,-0.38926174496644295,-0.1342281879194631,-0.5369127516778524,-0.14093959731543623,-0.7449664429530202,-0.1342281879194631,-0.8791946308724832,-0.12751677852348994,-0.9865771812080537,-0.006711409395973154,-0.5302013422818792,0.04697986577181208,-0.7516778523489933,0.0738255033557047,-0.8926174496644296,0.10067114093959731,-1.0,0.10067114093959731,-0.4563758389261745,0.11409395973154363,-0.5771812080536913,0.04697986577181208,-0.48322147651006714,0.006711409395973154,-0.40939597315436244,0.174496644295302,-0.3422818791946309,0.15436241610738255,-0.40939597315436244,0.08053691275167785,-0.3422818791946309,0.03355704697986577,-0.28187919463087246
3,0.0,0.0,-0.125,-0.0763888888888889,-0.1527777777777778,-0.2152777777777778,-0.020833333333333332,-0.3125,0.09722222222222222,-0.3819444444444444,-0.1388888888888889,-0.5347222222222222,-0.1388888888888889,-0.7430555555555556,-0.1388888888888889,-0.875,-0.1388888888888889,-0.9861111111111112,0.0,-0.5347222222222222,0.05555555555555555,-0.7569444444444444,0.08333333333333333,-0.8888888888888888,0.1111111111111111,-1.0,0.10416666666666667,-0.4652777777777778,0.1527777777777778,-0.5763888888888888,0.09027777777777778,-0.4652777777777778,0.041666666666666664,-0.3888888888888889,0.1736111111111111,-0.3541666666666667,0.18055555555555555,-0.4166666666666667,0.11805555555555555,-0.3472222222222222,0.06944444444444445,-0.2847222222222222
3,0.0,0.0,-0.12857142857142856,-0.08571428571428572,-0.17142857142857143,-0.22857142857142856,-0.06428571428571428,-0.3357142857142857,0.05,-0.40714285714285714,-0.17142857142857143,-0.5214285714285715,-0.19285714285714287,-0.7428571428571429,-0.19285714285714287,-0.8785714285714286,-0.19285714285714287,-0.9857142857142858,-0.04285714285714286,-0.5214285714285715,0.014285714285714285,-0.7571428571428571,0.04285714285714286,-0.8928571428571429,0.06428571428571428,-1.0,0.07142857142857142,-0.4642857142857143,0.09285714285714286,-0.5928571428571429,0.05,-0.5071428571428571,0.02857142857142857,-0.42142857142857143,0.15,-0.37857142857142856,0.1357142857142857,-0.44285714285714284,0.07142857142857142,-0.37857142857142856,0.03571428571428571,-0.32142857142857145
3,0.0,0.0,-0.12142857142857143,-0.09285714285714286,-0.14285714285714285,-0.24285714285714285,-0.02857142857142857,-0.35714285714285715,0.08571428571428572,-0.4357142857142857,-0.17142857142857143,-0.5285714285714286,-0.18571428571428572,-0.7428571428571429,-0.19285714285714287,-0.8785714285714286,-0.18571428571428572,-0.9857142857142858,-0.04285714285714286,-0.5285714285714286,0.007142857142857143,-0.75,0.02857142857142857,-0.8928571428571429,0.04285714285714286,-1.0,0.07142857142857142,-0.4714285714285714,0.12142857142857143,-0.6,0.05714285714285714,-0.5071428571428571,0.014285714285714285,-0.42142857142857143,0.15714285714285714,-0.37142857142857144,0.15714285714285714,-0.45,0.08571428571428572,-0.4,0.03571428571428571,-0.35
3,0.0,0.0,-0.11851851851851852,-0.08148148148148149,-0.14814814814814814,-0.23703703703703705,-0.02962962962962963,-0.37037037037037035,0.08148148148148149,-0.45925925925925926,-0.1925925925925926,-0.5111111111111111,-0.22962962962962963,-0.7407407407407407,-0.22962962962962963,-0.8740740740740741,-0.23703703703703705,-0.9851851851851852,-0.05925925925925926,-0.5259259259259259,-0.014814814814814815,-0.762962962962963,0.007407407407407408,-0.8962962962962963,0.022222222222222223,-1.0,0.05925925925925926,-0.4740740740740741,0.0962962962962963,-0.6222222222222222,0.07407407407407407,-0.5333333333333333,0.05185185185185185,-0.45185185185185184,0.14814814814814814,-0.3851851851851852,0.15555555555555556,-0.4740740740740741,0.1037037037037037,-0.4148148148148148,0.06666666666666667,-0.35555555555555557
3,0.0,0.0,-0.11940298507462686,-0.08955223880597014,-0.14925373134328357,-0.2462686567164179,-0.029850746268656716,-0.373134328358209,0.08208955223880597,-0.4626865671641791,-0.1865671641791045,-0.5149253731343284,-0.21641791044776118,-0.7388059701492538,-0.23134328358208955,-0.8731343283582089,-0.23880597014925373,-0.9850746268656716,-0.05223880597014925,-0.5223880597014925,-0.014925373134328358,-0.7611940298507462,0.007462686567164179,-0.8955223880597015,0.022388059701492536,-1.0,0.05970149253731343,-0.47761194029850745,0.09701492537313433,-0.5895522388059702,0.05970149253731343,-0.48507462686567165,0.029850746268656716,-0.41044776119402987,0.1417910447761194,-0.3880597014925373,0.16417910447761194,-0.4626865671641791,0.11194029850746269,-0.3880597014925373,0.07462686567164178,-0.3283582089552239
3,0.0,0.0,-0.13138686131386862,-0.08759124087591241,-0.16058394160583941,-0.24817518248175183,-0.043795620437956206,-0.3795620437956204,0.06569343065693431,-0.46715328467153283,-0.18248175182481752,-0.5109489051094891,-0.21897810218978103,-0.7372262773722628,-0.22627737226277372,-0.8686131386861314,-0.22627737226277372,-0.9781021897810219,-0.051094890510948905,-0.5182481751824818,0.0,-0.7591240875912408,0.021897810218978103,-0.8905109489051095,0.043795620437956206,-1.0,0.06569343065693431,-0.45985401459854014,0.10218978102189781,-0.6204379562043796,0.06569343065693431,-0.5401459854014599,0.0364963503649635,-0.45985401459854014,0.145985401459854,-0.36496350364963503,0.16058394160583941,-0.4744525547445255,0.10218978102189781,-0.41605839416058393,0.051094890510948905,-0.35766423357664234
3,0.0,0.0,-0.15,-0.10714285714285714,-0.19285714285714287,-0.2714285714285714,-0.1,-0.4142857142857143,0.007142857142857143,-0.5,-0.18571428571428572,-0.5,-0.22857142857142856,-0.7214285714285714,-0.25,-0.85,-0.2571428571428571,-0.9642857142857143,-0.05714285714285714,-0.5214285714285715,-0.007142857142857143,-0.75,0.007142857142857143,-0.8928571428571429,0.02142857142857143,-1.0,0.06428571428571428,-0.4714285714285714,0.06428571428571428,-0.6214285714285714,0.0,-0.5214285714285715,-0.03571428571428571,-0.42857142857142855,0.16428571428571428,-0.39285714285714285,0.12857142857142856,-0.5071428571428571,0.05,-0.42857142857142855,0.0,-0.35714285714285715
3,0.0,0.0,-0.15671641791044777,-0.07462686567164178,-0.22388059701492538,-0.23880597014925373,-0.14925373134328357,-0.3880597014925373,-0.04477611940298507,-0.48507462686567165,-0.27611940298507465,-0.48507462686567165,-0.35074626865671643,-0.6865671641791045,-0.39552238805970147,-0.8134328358208955,-0.4253731343283582,-0.9104477611940298,-0.14925373134328357,-0.5074626865671642,-0.13432835820895522,-0.753731343283582,-0.1417910447761194,-0.8880597014925373,-0.1417910447761194,-1.0,-0.03731343283582089,-0.47761194029850745,-0.029850746268656716,-0.6417910447761194,-0.07462686567164178,-0.5298507462686567,-0.09701492537313433,-0.44029850746268656,0.06716417910447761,-0.40298507462686567,0.04477611940298507,-0.5074626865671642,0.0,-0.44029850746268656,-0.022388059701492536,-0.373134328358209
3,0.0,0.0,-0.15942028985507245,-0.07971014492753623,-0.2391304347826087,-0.2536231884057971,-0.15942028985507245,-0.41304347826086957,-0.06521739130434782,-0.5,-0.2971014492753623,-0.4782608695652174,-0.37681159420289856,-0.6739130434782609,-0.42028985507246375,-0.7971014492753623,-0.45652173913043476,-0.8985507246376812,-0.17391304347826086,-0.5144927536231884,-0.16666666666666666,-0.7536231884057971,-0.18115942028985507,-0.8913043478260869,-0.18840579710144928,-1.0,-0.050724637681159424,-0.4782608695652174,-0.057971014492753624,-0.6376811594202898,-0.10144927536231885,-0.5144927536231884,-0.10869565217391304,-0.42028985507246375,0.057971014492753624,-0.4057971014492754,0.021739130434782608,-0.5072463768115942,-0.036231884057971016,-0.43478260869565216,-0.057971014492753624,-0.37681159420289856
3,0.0,0.0,-0.16153846153846155,-0.1,-0.2230769230769231,-0.2846153846153846,-0.12307692307692308,-0.43846153846153846,-0.007692307692307693,-0.5230769230769231,-0.23846153846153847,-0.4846153846153846,-0.3076923076923077,-0.6923076923076923,-0.34615384615384615,-0.823076923076923,-0.36923076923076925,-0.9307692307692308,-0.1076923076923077,-0.5076923076923077,-0.08461538461538462,-0.7461538461538462,-0.07692307692307693,-0.8846153846153846,-0.06153846153846154,-1.0,0.007692307692307693,-0.46153846153846156,0.015384615384615385,-0.6076923076923076,-0.05384615384615385,-0.46923076923076923,-0.08461538461538462,-0.3769230769230769,0.1076923076923077,-0.38461538461538464,0.09230769230769231,-0.5076923076923077,0.03076923076923077,-0.4153846153846154,0.0,-0.33076923076923076
3,0.0,0.0,-0.1450381679389313,-0.11450381679389313,-0.19083969465648856,-0.2900763358778626,-0.09923664122137404,-0.44274809160305345,0.015267175572519083,-0.5419847328244275,-0.22137404580152673,-0.5038167938931297,-0.2900763358778626,-0.7099236641221374,-0.3282442748091603,-0.8320610687022901,-0.3511450381679389,-0.9389312977099237,-0.0916030534351145,-0.5190839694656488,-0.06870229007633588,-0.7633587786259542,-0.061068702290076333,-0.9007633587786259,-0.03816793893129771,-1.0,0.015267175572519083,-0.48091603053435117,0.05343511450381679,-0.6259541984732825,-0.015267175572519083,-0.5114503816793893,-0.04580152671755725,-0.42748091603053434,0.11450381679389313,-0.40458015267175573,0.11450381679389313,-0.5190839694656488,0.05343511450381679,-0.45038167938931295,0.015267175572519083,-0.37404580152671757
3,0.0,0.0,-0.11627906976744186,-0.10852713178294573,-0.14728682170542637,-0.27906976744186046,-0.023255813953488372,-0.43410852713178294,0.09302325581395349,-0.5271317829457365,-0.20155038759689922,-0.5193798449612403,-0.2713178294573643,-0.7286821705426356,-0.3023255813953488,-0.8527131782945736,-0.3333333333333333,-0.9612403100775194,-0.06976744186046512,-0.5348837209302325,-0.03875968992248062,-0.7674418604651163,-0.023255813953488372,-0.8992248062015504,-0.007751937984496124,-1.0,0.03875968992248062,-0.4883720930232558,0.07751937984496124,-0.5968992248062015,0.03875968992248062,-0.4806201550387597,0.015503875968992248,-0.40310077519379844,0.13178294573643412,-0.40310077519379844,0.14728682170542637,-0.5116279069767442,0.10077519379844961,-0.4263565891472868,0.07751937984496124,-0.35658914728682173
3,0.0,0.0,-0.12307692307692308,-0.1076923076923077,-0.14615384615384616,-0.27692307692307694,-0.015384615384615385,-0.4153846153846154,0.1,-0.5076923076923077,-0.19230769230769232,-0.5076923076923077,-0.25384615384615383,-0.7153846153846154,-0.2923076923076923,-0.8461538461538461,-0.3153846153846154,-0.9538461538461539,-0.06153846153846154,-0.5230769230769231,-0.03076923076923077,-0.7615384615384615,-0.015384615384615385,-0.9,0.007692307692307693,-1.0,0.05384615384615385,-0.4846153846153846,0.1,-0.5923076923076923,0.06153846153846154,-0.5,0.03076923076923077,-0.4230769230769231,0.14615384615384616,-0.4076923076923077,0.16153846153846155,-0.5,0.11538461538461539,-0.43846153846153846,0.07692307692307693,-0.3769230769230769
3,0.0,0.0,-0.10236220472440945,-0.12598425196850394,-0.08661417322834646,-0.2992125984251969,0.08661417322834646,-0.4330708661417323,0.2047244094488189,-0.5275590551181102,-0.16535433070866143,-0.5354330708661418,-0.2125984251968504,-0.7559055118110236,-0.2283464566929134,-0.889763779527559,-0.25196850393700787,-1.0,-0.023622047244094488,-0.5433070866141733,0.023622047244094488,-0.7559055118110236,0.06299212598425197,-0.8818897637795275,0.08661417322834646,-0.9763779527559056,0.08661417322834646,-0.4881889763779528,0.15748031496062992,-0.5826771653543307,0.12598425196850394,-0.4566929133858268,0.09448818897637795,-0.3779527559055118,0.18110236220472442,-0.41732283464566927,0.23622047244094488,-0.5118110236220472,0.2204724409448819,-0.4645669291338583,0.1968503937007874,-0.4330708661417323
3,0.0,0.0,-0.104,-0.12,-0.088,-0.304,0.064,-0.44,0.184,-0.536,-0.168,-0.536,-0.208,-0.76,-0.224,-0.888,-0.248,-1.0,-0.024,-0.544,0.032,-0.76,0.056,-0.88,0.064,-0.968,0.088,-0.504,0.168,-0.592,0.144,-0.464,0.112,-0.384,0.184,-0.44,0.256,-0.536,0.232,-0.472,0.2,-0.424
3,0.0,0.0,-0.11290322580645161,-0.12903225806451613,-0.08870967741935484,-0.3064516129032258,0.08870967741935484,-0.43548387096774194,0.20967741935483872,-0.5403225806451613,-0.16129032258064516,-0.5403225806451613,-0.1935483870967742,-0.7580645161290323,-0.21774193548387097,-0.8870967741935484,-0.23387096774193547,-1.0,-0.016129032258064516,-0.5403225806451613,0.04032258064516129,-0.7580645161290323,0.06451612903225806,-0.8870967741935484,0.07258064516129033,-0.9838709677419355,0.08870967741935484,-0.4838709677419355,0.16129032258064516,-0.5645161290322581,0.12096774193548387,-0.45161290322580644,0.07258064516129033,-0.3790322580645161,0.1774193548387097,-0.4112903225806452,0.25,-0.5080645161290323,0.21774193548387097,-0.4435483870967742,0.1693548387096774,-0.3951612903225806
3,0.0,0.0,-0.1349206349206349,-0.11904761904761904,-0.15873015873015872,-0.2777777777777778,-0.047619047619047616,-0.42857142857142855,0.05555555555555555,-0.5238095238095238,-0.19047619047619047,-0.5158730158730159,-0.25396825396825395,-0.7301587301587301,-0.29365079365079366,-0.8492063492063492,-0.30952380952380953,-0.9603174603174603,-0.05555555555555555,-0.5396825396825397,-0.015873015873015872,-0.7698412698412699,0.0,-0.8968253968253969,0.015873015873015872,-1.0,0.05555555555555555,-0.5079365079365079,0.0873015873015873,-0.6349206349206349,0.03968253968253968,-0.5476190476190477,0.0,-0.47619047619047616,0.15873015873015872,-0.42857142857142855,0.16666666666666666,-0.5634920634920635,0.1111111111111111,-0.5238095238095238,0.047619047619047616,-0.4523809523809524
3,0.0,0.0,-0.1349206349206349,-0.09523809523809523,-0.16666666666666666,-0.2777777777777778,-0.05555555555555555,-0.42857142857142855,0.05555555555555555,-0.5238095238095238,-0.23015873015873015,-0.5079365079365079,-0.2857142857142857,-0.7142857142857143,-0.3253968253968254,-0.8412698412698413,-0.3492063492063492,-0.9444444444444444,-0.09523809523809523,-0.5396825396825397,-0.05555555555555555,-0.7698412698412699,-0.03968253968253968,-0.8968253968253969,-0.03968253968253968,-1.0,0.023809523809523808,-0.5,0.047619047619047616,-0.6507936507936508,0.015873015873015872,-0.5555555555555556,0.0,-0.47619047619047616,0.11904761904761904,-0.42857142857142855,0.12698412698412698,-0.5476190476190477,0.07936507936507936,-0.48412698412698413,0.03968253968253968,-0.4126984126984127
3,0.0,0.0,-0.14960629921259844,-0.09448818897637795,-0.2047244094488189,-0.25984251968503935,-0.11811023622047244,-0.4251968503937008,-0.015748031496062992,-0.5118110236220472,-0.25984251968503935,-0.47244094488188976,-0.3464566929133858,-0.6771653543307087,-0.4015748031496063,-0.8031496062992126,-0.4330708661417323,-0.905511811023622,-0.13385826771653545,-0.5118110236220472,-0.11811023622047244,-0.7559055118110236,-0.11023622047244094,-0.8976377952755905,-0.09448818897637795,-1.0,-0.015748031496062992,-0.4881889763779528,0.0,-0.6377952755905512,-0.03937007874015748,-0.5511811023622047,-0.06299212598425197,-0.47244094488188976,0.08661417322834646,-0.4251968503937008,0.07874015748031496,-0.5354330708661418,0.03937007874015748,-0.4645669291338583,0.007874015748031496,-0.3937007874015748
3,0.0,0.0,-0.16129032258064516,-0.08064516129032258,-0.24193548387096775,-0.24193548387096775,-0.1935483870967742,-0.4112903225806452,-0.10483870967741936,-0.5161290322580645,-0.3225806451612903,-0.4596774193548387,-0.41935483870967744,-0.6451612903225806,-0.47580645161290325,-0.7580645161290323,-0.5161290322580645,-0.8548387096774194,-0.1935483870967742,-0.5080645161290323,-0.1935483870967742,-0.7580645161290323,-0.20161290322580644,-0.8951612903225806,-0.20161290322580644,-1.0,-0.07258064516129033,-0.4838709677419355,-0.07258064516129033,-0.6290322580645161,-0.10483870967741936,-0.5,-0.12096774193548387,-0.4112903225806452,0.04032258064516129,-0.41935483870967744,0.016129032258064516,-0.5241935483870968,-0.024193548387096774,-0.4435483870967742,-0.03225806451612903,-0.3709677419354839
3,0.0,0.0,-0.17355371900826447,-0.06611570247933884,-0.2727272727272727,-0.21487603305785125,-0.23140495867768596,-0.38016528925619836,-0.1652892561983471,-0.49586776859504134,-0.36363636363636365,-0.4380165289256198,-0.4793388429752066,-0.6115702479338843,-0.5454545454545454,-0.7272727272727273,-0.5950413223140496,-0.8181818181818182,-0.2396694214876033,-0.49586776859504134,-0.256198347107438,-0.743801652892562,-0.2809917355371901,-0.8842975206611571,-0.2975206611570248,-1.0,-0.11570247933884298,-0.47107438016528924,-0.1322314049586777,-0.6115702479338843,-0.15702479338842976,-0.47107438016528924,-0.15702479338842976,-0.3884297520661157,0.0,-0.4132231404958678,-0.04132231404958678,-0.512396694214876,-0.0743801652892562,-0.4214876033057851,-0.08264462809917356,-0.34710743801652894
3,0.0,0.0,-0.175,-0.058333333333333334,-0.2833333333333333,-0.20833333333333334,-0.25833333333333336,-0.36666666666666664,-0.20833333333333334,-0.5,-0.375,-0.425,-0.5,-0.6,-0.575,-0.7083333333333334,-0.6333333333333333,-0.8,-0.25833333333333336,-0.48333333333333334,-0.2833333333333333,-0.75,-0.30833333333333335,-0.8916666666666667,-0.325,-1.0,-0.125,-0.475,-0.16666666666666666,-0.625,-0.18333333333333332,-0.5,-0.18333333333333332,-0.4083333333333333,0.0,-0.4166666666666667,-0.058333333333333334,-0.525,-0.1,-0.44166666666666665,-0.10833333333333334,-0.375
3,0.0,0.0,-0.19491525423728814,-0.059322033898305086,-0.3220338983050847,-0.211864406779661,-0.3135593220338983,-0.3813559322033898,-0.2542372881355932,-0.5,-0.3983050847457627,-0.4152542372881356,-0.5338983050847458,-0.5847457627118644,-0.6186440677966102,-0.6779661016949152,-0.6779661016949152,-0.7711864406779662,-0.2796610169491525,-0.4745762711864407,-0.3305084745762712,-0.7457627118644068,-0.3644067796610169,-0.8813559322033898,-0.3813559322033898,-1.0,-0.16101694915254236,-0.4661016949152542,-0.22033898305084745,-0.6186440677966102,-0.23728813559322035,-0.4830508474576271,-0.2288135593220339,-0.3983050847457627,-0.03389830508474576,-0.4067796610169492,-0.11016949152542373,-0.5084745762711864,-0.15254237288135594,-0.423728813559322,-0.15254237288135594,-0.3559322033898305
3,0.0,0.0,-0.20175438596491227,-0.043859649122807015,-0.34210526315789475,-0.19298245614035087,-0.3333333333333333,-0.38596491228070173,-0.2719298245614035,-0.5087719298245614,-0.45614035087719296,-0.40350877192982454,-0.6140350877192983,-0.5614035087719298,-0.6929824561403509,-0.6578947368421053,-0.7631578947368421,-0.7456140350877193,-0.3333333333333333,-0.4824561403508772,-0.40350877192982454,-0.7543859649122807,-0.45614035087719296,-0.8947368421052632,-0.49122807017543857,-1.0,-0.20175438596491227,-0.4824561403508772,-0.2719298245614035,-0.6491228070175439,-0.2982456140350877,-0.5263157894736842,-0.2894736842105263,-0.4298245614035088,-0.07017543859649122,-0.43859649122807015,-0.14912280701754385,-0.5263157894736842,-0.20175438596491227,-0.4473684210526316,-0.21052631578947367,-0.38596491228070173
3,0.0,0.0,-0.21428571428571427,-0.044642857142857144,-0.3392857142857143,-0.1875,-0.33035714285714285,-0.3482142857142857,-0.2857142857142857,-0.4642857142857143,-0.42857142857142855,-0.4017857142857143,-0.5892857142857143,-0.5625,-0.6696428571428571,-0.6607142857142857,-0.7321428571428571,-0.75,-0.3125,-0.4732142857142857,-0.375,-0.7321428571428571,-0.41964285714285715,-0.8839285714285714,-0.4375,-1.0,-0.1875,-0.4642857142857143,-0.25,-0.5892857142857143,-0.24107142857142858,-0.4642857142857143,-0.21428571428571427,-0.36607142857142855,-0.0625,-0.42857142857142855,-0.13392857142857142,-0.5089285714285714,-0.15178571428571427,-0.41964285714285715,-0.15178571428571427,-0.3392857142857143
3,0.0,0.0,-0.1864406779661017,-0.025423728813559324,-0.3135593220338983,-0.16101694915254236,-0.288135593220339,-0.3305084745762712,-0.2627118644067797,-0.4576271186440678,-0.3898305084745763,-0.3983050847457627,-0.5423728813559322,-0.576271186440678,-0.6186440677966102,-0.6779661016949152,-0.6864406779661016,-0.7711864406779662,-0.2627118644067797,-0.4661016949152542,-0.3220338983050847,-0.7203389830508474,-0.3474576271186441,-0.8728813559322034,-0.3644067796610169,-1.0,-0.1440677966101695,-0.4491525423728814,-0.2033898305084746,-0.5677966101694916,-0.19491525423728814,-0.4406779661016949,-0.17796610169491525,-0.3474576271186441,-0.03389830508474576,-0.4067796610169492,-0.09322033898305085,-0.4745762711864407,-0.11864406779661017,-0.3813559322033898,-0.11864406779661017,-0.3050847457627119
3,0.0,0.0,-0.18548387096774194,-0.056451612903225805,-0.2903225806451613,-0.21774193548387097,-0.25806451612903225,-0.3709677419354839,-0.20161290322580644,-0.47580645161290325,-0.31451612903225806,-0.45161290322580644,-0.4274193548387097,-0.6370967741935484,-0.49193548387096775,-0.75,-0.532258064516129,-0.8387096774193549,-0.20161290322580644,-0.49193548387096775,-0.20161290322580644,-0.75,-0.20967741935483872,-0.8870967741935484,-0.20161290322580644,-1.0,-0.08064516129032258,-0.46774193548387094,-0.12096774193548387,-0.6048387096774194,-0.1532258064516129,-0.47580645161290325,-0.1532258064516129,-0.3870967741935484,0.03225806451612903,-0.4112903225806452,-0.03225806451612903,-0.5161290322580645,-0.08064516129032258,-0.4274193548387097,-0.08870967741935484,-0.3629032258064516
3,0.0,0.0,-0.16129032258064516,-0.07258064516129033,-0.25,-0.23387096774193547,-0.20161290322580644,-0.3951612903225806,-0.12096774193548387,-0.49193548387096775,-0.25806451612903225,-0.47580645161290325,-0.3548387096774194,-0.6612903225806451,-0.4032258064516129,-0.7741935483870968,-0.4435483870967742,-0.8709677419354839,-0.13709677419354838,-0.5,-0.10483870967741936,-0.75,-0.08870967741935484,-0.8870967741935484,-0.07258064516129033,-1.0,-0.024193548387096774,-0.46774193548387094,-0.04032258064516129,-0.6048387096774194,-0.08870967741935484,-0.47580645161290325,-0.10483870967741936,-0.3870967741935484,0.08064516129032258,-0.3951612903225806,0.04838709677419355,-0.5080645161290323,-0.008064516129032258,-0.41935483870967744,-0.03225806451612903,-0.3467741935483871
3,0.0,0.0,-0.13008130081300814,-0.08943089430894309,-0.1951219512195122,-0.22764227642276422,-0.14634146341463414,-0.34146341463414637,-0.06504065040650407,-0.43089430894308944,-0.1951219512195122,-0.5203252032520326,-0.2682926829268293,-0.7235772357723578,-0.3089430894308943,-0.8455284552845529,-0.34146341463414637,-0.959349593495935,-0.06504065040650407,-0.5284552845528455,-0.008130081300813009,-0.7642276422764228,0.016260162601626018,-0.9024390243902439,0.04065040650406504,-1.0,0.04065040650406504,-0.4796747967479675,0.04878048780487805,-0.6178861788617886,-0.024390243902439025,-0.5284552845528455,-0.07317073170731707,-0.44715447154471544,0.13821138211382114,-0.3902439024390244,0.11382113821138211,-0.4878048780487805,0.04065040650406504,-0.43089430894308944,-0.016260162601626018,-0.36585365853658536
3,0.0,0.0,-0.10852713178294573,-0.12403100775193798,-0.10852713178294573,-0.2868217054263566,0.031007751937984496,-0.3798449612403101,0.15503875968992248,-0.4496124031007752,-0.031007751937984496,-0.5658914728682171,-0.023255813953488372,-0.7674418604651163,-0.015503875968992248,-0.8914728682170543,0.0,-1.0,0.09302325581395349,-0.5348837209302325,0.2248062015503876,-0.7209302325581395,0.3023255813953488,-0.8217054263565892,0.3643410852713178,-0.8992248062015504,0.17829457364341086,-0.4418604651162791,0.24031007751937986,-0.5426356589147286,0.14728682170542637,-0.4496124031007752,0.10077519379844961,-0.3798449612403101,0.23255813953488372,-0.32558139534883723,0.24806201550387597,-0.4186046511627907,0.17829457364341086,-0.3643410852713178,0.13953488372093023,-0.31007751937984496
3,0.0,0.0,-0.09848484848484848,-0.12878787878787878,-0.09090909090909091,-0.29545454545454547,0.05303030303030303,-0.38636363636363635,0.18181818181818182,-0.4393939393939394,0.0,-0.5757575757575758,0.030303030303030304,-0.7803030303030303,0.05303030303030303,-0.9015151515151515,0.07575757575757576,-1.0,0.12878787878787878,-0.5378787878787878,0.2803030303030303,-0.7196969696969697,0.3712121212121212,-0.8257575757575758,0.44696969696969696,-0.9090909090909091,0.21212121212121213,-0.4318181818181818,0.2727272727272727,-0.5303030303030303,0.17424242424242425,-0.4318181818181818,0.11363636363636363,-0.36363636363636365,0.25,-0.3106060606060606,0.26515151515151514,-0.3712121212121212,0.18181818181818182,-0.3106060606060606,0.13636363636363635,-0.2727272727272727
3,0.0,0.0,-0.0962962962962963,-0.14074074074074075,-0.07407407407407407,-0.3111111111111111,0.06666666666666667,-0.4,0.1925925925925926,-0.45925925925925926,0.007407407407407408,-0.5777777777777777,0.044444444444444446,-0.7851851851851852,0.06666666666666667,-0.9037037037037037,0.08888888888888889,-1.0,0.14074074074074075,-0.5333333333333333,0.28888888888888886,-0.7185185185185186,0.37777777777777777,-0.8148148148148148,0.45185185185185184,-0.8888888888888888,0.21481481481481482,-0.42962962962962964,0.2814814814814815,-0.5259259259259259,0.17037037037037037,-0.42962962962962964,0.11851851851851852,-0.362962962962963,0.25925925925925924,-0.3037037037037037,0.2814814814814815,-0.3851851851851852,0.2074074074074074,-0.34074074074074073,0.17037037037037037,-0.3111111111111111
3,0.0,0.0,-0.1048951048951049,-0.1048951048951049,-0.1048951048951049,-0.2727272727272727,0.03496503496503497,-0.34265734265734266,0.16783216783216784,-0.38461538461538464,-0.02097902097902098,-0.5594405594405595,-0.006993006993006993,-0.7622377622377622,0.013986013986013986,-0.8951048951048951,0.027972027972027972,-1.0,0.1048951048951049,-0.5104895104895105,0.23776223776223776,-0.7062937062937062,0.3146853146853147,-0.8111888111888111,0.3916083916083916,-0.8951048951048951,0.1888111888111888,-0.4125874125874126,0.2517482517482518,-0.48951048951048953,0.16083916083916083,-0.40559440559440557,0.1048951048951049,-0.34965034965034963,0.23076923076923078,-0.2937062937062937,0.23776223776223776,-0.32867132867132864,0.15384615384615385,-0.27972027972027974,0.0979020979020979,-0.23776223776223776
3,0.0,0.0,-0.10416666666666667,-0.1111111111111111,-0.1111111111111111,-0.2638888888888889,0.034722222222222224,-0.3333333333333333,0.1597222222222222,-0.375,-0.013888888888888888,-0.5625,-0.006944444444444444,-0.7708333333333334,0.006944444444444444,-0.8958333333333334,0.020833333333333332,-1.0,0.11805555555555555,-0.5208333333333334,0.24305555555555555,-0.7152777777777778,0.3194444444444444,-0.8263888888888888,0.3888888888888889,-0.9097222222222222,0.19444444444444445,-0.4236111111111111,0.25,-0.5069444444444444,0.1527777777777778,-0.4305555555555556,0.09722222222222222,-0.375,0.24305555555555555,-0.2986111111111111,0.2361111111111111,-0.3541666666666667,0.1597222222222222,-0.3055555555555556,0.10416666666666667,-0.2708333333333333
3,0.0,0.0,-0.1276595744680851,-0.0851063829787234,-0.18439716312056736,-0.22695035460992907,-0.09219858156028368,-0.3404255319148936,0.014184397163120567,-0.41134751773049644,-0.1702127659574468,-0.5460992907801419,-0.2198581560283688,-0.7588652482269503,-0.24822695035460993,-0.8865248226950354,-0.2695035460992908,-0.9929078014184397,-0.03546099290780142,-0.5390070921985816,0.03546099290780142,-0.7730496453900709,0.07801418439716312,-0.900709219858156,0.10638297872340426,-1.0,0.07092198581560284,-0.46808510638297873,0.09929078014184398,-0.5886524822695035,0.03546099290780142,-0.5177304964539007,-0.0070921985815602835,-0.46099290780141844,0.14893617021276595,-0.3546099290780142,0.11347517730496454,-0.3971631205673759,0.03546099290780142,-0.3333333333333333,-0.0070921985815602835,-0.28368794326241137
3,0.0,0.0,-0.14482758620689656,-0.04827586206896552,-0.2206896551724138,-0.1793103448275862,-0.14482758620689656,-0.2827586206896552,-0.04827586206896552,-0.3586206896551724,-0.296551724137931,-0.4896551724137931,-0.4068965517241379,-0.6689655172413793,-0.4689655172413793,-0.7793103448275862,-0.5241379310344828,-0.8758620689655172,-0.15862068965517243,-0.5172413793103449,-0.16551724137931034,-0.7517241379310344,-0.18620689655172415,-0.8896551724137931,-0.20689655172413793,-1.0,-0.034482758620689655,-0.4689655172413793,-0.041379310344827586,-0.5655172413793104,-0.09655172413793103,-0.4482758620689655,-0.11724137931034483,-0.36551724137931035,0.06896551724137931,-0.3793103448275862,0.027586206896551724,-0.4068965517241379,-0.020689655172413793,-0.32413793103448274,-0.041379310344827586,-0.27586206896551724
3,0.0,0.0,-0.15384615384615385,-0.03076923076923077,-0.23846153846153847,-0.12307692307692308,-0.16923076923076924,-0.24615384615384617,-0.08461538461538462,-0.3384615384615385,-0.4307692307692308,-0.43846153846153846,-0.6153846153846154,-0.5846153846153846,-0.7384615384615385,-0.676923076923077,-0.8307692307692308,-0.7461538461538462,-0.3076923076923077,-0.5076923076923077,-0.4,-0.7384615384615385,-0.46923076923076923,-0.8846153846153846,-0.5307692307692308,-1.0,-0.16923076923076924,-0.49230769230769234,-0.16153846153846155,-0.5769230769230769,-0.16923076923076924,-0.45384615384615384,-0.17692307692307693,-0.36153846153846153,-0.038461538461538464,-0.4307692307692308,-0.046153846153846156,-0.4153846153846154,-0.07692307692307693,-0.3230769230769231,-0.08461538461538462,-0.26153846153846155
3,0.0,0.0,-0.12903225806451613,-0.016129032258064516,-0.20967741935483872,-0.11290322580645161,-0.14516129032258066,-0.25806451612903225,-0.08064516129032258,-0.3790322580645161,-0.46774193548387094,-0.4112903225806452,-0.6693548387096774,-0.5564516129032258,-0.7983870967741935,-0.6451612903225806,-0.9112903225806451,-0.7258064516129032,-0.3467741935483871,-0.5080645161290323,-0.4596774193548387,-0.7419354838709677,-0.5403225806451613,-0.8870967741935484,-0.6048387096774194,-1.0,-0.20161290322580644,-0.5080645161290323,-0.1774193548387097,-0.5887096774193549,-0.1532258064516129,-0.45161290322580644,-0.14516129032258066,-0.3467741935483871,-0.06451612903225806,-0.45161290322580644,-0.056451612903225805,-0.4596774193548387,-0.056451612903225805,-0.3548387096774194,-0.056451612903225805,-0.28225806451612906
3,0.0,0.0,-0.13008130081300814,-0.008130081300813009,-0.2032520325203252,-0.12195121951219512,-0.12195121951219512,-0.2682926829268293,-0.056910569105691054,-0.3902439024390244,-0.4715447154471545,-0.4065040650406504,-0.6829268292682927,-0.5447154471544715,-0.8211382113821138,-0.6260162601626016,-0.9349593495934959,-0.6991869918699187,-0.35772357723577236,-0.5040650406504065,-0.4715447154471545,-0.7398373983739838,-0.5528455284552846,-0.8780487804878049,-0.6260162601626016,-1.0,-0.2032520325203252,-0.5040650406504065,-0.17886178861788618,-0.5691056910569106,-0.16260162601626016,-0.44715447154471544,-0.15447154471544716,-0.35772357723577236,-0.06504065040650407,-0.44715447154471544,-0.04065040650406504,-0.45528455284552843,-0.04878048780487805,-0.35772357723577236,-0.06504065040650407,-0.2926829268292683
3,0.0,0.0,-0.1440677966101695,-0.00847457627118644,-0.23728813559322035,-0.11016949152542373,-0.16101694915254236,-0.2627118644067797,-0.09322033898305085,-0.3983050847457627,-0.5169491525423728,-0.3813559322033898,-0.7457627118644068,-0.5084745762711864,-0.8813559322033898,-0.5932203389830508,-1.0,-0.652542372881356,-0.3983050847457627,-0.4830508474576271,-0.5338983050847458,-0.7372881355932204,-0.635593220338983,-0.8813559322033898,-0.7203389830508474,-1.0,-0.23728813559322035,-0.5,-0.22033898305084745,-0.559322033898305,-0.19491525423728814,-0.423728813559322,-0.1864406779661017,-0.3305084745762712,-0.09322033898305085,-0.4576271186440678,-0.07627118644067797,-0.4576271186440678,-0.0847457627118644,-0.3474576271186441,-0.09322033898305085,-0.2711864406779661
3,0.0,0.0,-0.13636363636363635,0.015151515151515152,-0.24242424242424243,-0.045454545454545456,-0.22727272727272727,-0.1893939393939394,-0.1893939393939394,-0.32575757575757575,-0.5227272727272727,-0.25757575757575757,-0.7424242424242424,-0.3484848484848485,-0.8787878787878788,-0.4090909090909091,-1.0,-0.45454545454545453,-0.42424242424242425,-0.3712121212121212,-0.5909090909090909,-0.5681818181818182,-0.696969696969697,-0.6893939393939394,-0.7954545454545454,-0.7803030303030303,-0.2878787878787879,-0.4015151515151515,-0.29545454545454547,-0.4696969696969697,-0.25,-0.3560606060606061,-0.22727272727272727,-0.2803030303030303,-0.15151515151515152,-0.38636363636363635,-0.1590909090909091,-0.4015151515151515,-0.14393939393939395,-0.3106060606060606,-0.13636363636363635,-0.24242424242424243
3,0.0,0.0,-0.152,0.016,-0.28,-0.032,-0.288,-0.144,-0.24,-0.272,-0.544,-0.32,-0.76,-0.44,-0.888,-0.528,-1.0,-0.592,-0.432,-0.416,-0.6,-0.648,-0.696,-0.768,-0.776,-0.872,-0.288,-0.432,-0.328,-0.488,-0.296,-0.352,-0.256,-0.272,-0.144,-0.392,-0.184,-0.392,-0.168,-0.28,-0.152,-0.208
3,0.0,0.0,-0.17073170731707318,0.016260162601626018,-0.3089430894308943,-0.07317073170731707,-0.3252032520325203,-0.21138211382113822,-0.3008130081300813,-0.34146341463414637,-0.4959349593495935,-0.3089430894308943,-0.7398373983739838,-0.45528455284552843,-0.8861788617886179,-0.5447154471544715,-1.0,-0.6341463414634146,-0.37398373983739835,-0.3983739837398374,-0.5528455284552846,-0.6585365853658537,-0.6504065040650406,-0.8048780487804879,-0.7235772357723578,-0.9349593495934959,-0.22764227642276422,-0.42276422764227645,-0.3333333333333333,-0.4878048780487805,-0.3170731707317073,-0.35772357723577236,-0.2926829268292683,-0.2764227642276423,-0.07317073170731707,-0.3902439024390244,-0.16260162601626016,-0.3821138211382114,-0.17073170731707318,-0.2682926829268293,-0.15447154471544716,-0.2032520325203252
3,0.0,0.0,-0.15873015873015872,0.015873015873015872,-0.29365079365079366,-0.047619047619047616,-0.2857142857142857,-0.15873015873015872,-0.23809523809523808,-0.2857142857142857,-0.5396825396825397,-0.3333333333333333,-0.753968253968254,-0.4603174603174603,-0.8888888888888888,-0.5476190476190477,-1.0,-0.6190476190476191,-0.4126984126984127,-0.42857142857142855,-0.5555555555555556,-0.6587301587301587,-0.6507936507936508,-0.8015873015873016,-0.7380952380952381,-0.9206349206349206,-0.25396825396825395,-0.4444444444444444,-0.30158730158730157,-0.5079365079365079,-0.29365079365079366,-0.38095238095238093,-0.2857142857142857,-0.30158730158730157,-0.09523809523809523,-0.40476190476190477,-0.1349206349206349,-0.3968253968253968,-0.15079365079365079,-0.2857142857142857,-0.15873015873015872,-0.23015873015873015
3,0.0,0.0,-0.18032786885245902,-0.02459016393442623,-0.3114754098360656,-0.13934426229508196,-0.2786885245901639,-0.28688524590163933,-0.21311475409836064,-0.4344262295081967,-0.5327868852459017,-0.39344262295081966,-0.7377049180327869,-0.5327868852459017,-0.8688524590163934,-0.6229508196721312,-0.9754098360655737,-0.6967213114754098,-0.4016393442622951,-0.48360655737704916,-0.5245901639344263,-0.7377049180327869,-0.6065573770491803,-0.8770491803278688,-0.680327868852459,-1.0,-0.2459016393442623,-0.4918032786885246,-0.28688524590163933,-0.5901639344262295,-0.27049180327868855,-0.45901639344262296,-0.2540983606557377,-0.3770491803278688,-0.09016393442622951,-0.4426229508196721,-0.12295081967213115,-0.47540983606557374,-0.14754098360655737,-0.3770491803278688,-0.14754098360655737,-0.3114754098360656
3,0.0,0.0,-0.16,-0.024,-0.296,-0.12,-0.264,-0.272,-0.192,-0.416,-0.488,-0.392,-0.696,-0.544,-0.816,-0.64,-0.92,-0.72,-0.368,-0.472,-0.488,-0.728,-0.568,-0.88,-0.632,-1.0,-0.216,-0.472,-0.248,-0.552,-0.24,-0.416,-0.232,-0.328,-0.072,-0.416,-0.104,-0.424,-0.12,-0.32,-0.128,-0.248
3,0.0,0.0,-0.14285714285714285,0.0,-0.2777777777777778,-0.0873015873015873,-0.25396825396825395,-0.23015873015873015,-0.1746031746031746,-0.3492063492063492,-0.4603174603174603,-0.3968253968253968,-0.6507936507936508,-0.5714285714285714,-0.753968253968254,-0.6825396825396826,-0.8492063492063492,-0.7619047619047619,-0.3253968253968254,-0.4603174603174603,-0.4365079365079365,-0.7380952380952381,-0.5079365079365079,-0.8888888888888888,-0.5634920634920635,-1.0,-0.1746031746031746,-0.4444444444444444,-0.19047619047619047,-0.5079365079365079,-0.18253968253968253,-0.373015873015873,-0.1746031746031746,-0.2857142857142857,-0.031746031746031744,-0.38095238095238093,-0.047619047619047616,-0.373015873015873,-0.05555555555555555,-0.2698412698412698,-0.05555555555555555,-0.21428571428571427
3,0.0,0.0,-0.14814814814814814,-0.02962962962962963,-0.2518518518518518,-0.1259259259259259,-0.2074074074074074,-0.22962962962962963,-0.1259259259259259,-0.3333333333333333,-0.4,-0.4222222222222222,-0.562962962962963,-0.5925925925925926,-0.6666666666666666,-0.7037037037037037,-0.7481481481481481,-0.7925925925925926,-0.2740740740740741,-0.48148148148148145,-0.34814814814814815,-0.7407407407407407,-0.4074074074074074,-0.8888888888888888,-0.45925925925925926,-1.0,-0.14074074074074075,-0.4666666666666667,-0.18518518518518517,-0.5481481481481482,-0.1925925925925926,-0.4222222222222222,-0.17777777777777778,-0.34074074074074073,-0.014814814814814815,-0.3925925925925926,-0.07407407407407407,-0.4074074074074074,-0.1037037037037037,-0.3111111111111111,-0.1111111111111111,-0.25925925925925924
3,0.0,0.0,-0.14788732394366197,-0.02112676056338028,-0.2605633802816901,-0.11267605633802817,-0.20422535211267606,-0.2112676056338028,-0.1267605633802817,-0.30985915492957744,-0.3591549295774648,-0.44366197183098594,-0.5070422535211268,-0.6197183098591549,-0.5915492957746479,-0.7394366197183099,-0.6619718309859155,-0.8450704225352113,-0.2323943661971831,-0.49295774647887325,-0.29577464788732394,-0.7394366197183099,-0.3380281690140845,-0.8802816901408451,-0.38028169014084506,-1.0,-0.09154929577464789,-0.4647887323943662,-0.1267605633802817,-0.5211267605633803,-0.14788732394366197,-0.38028169014084506,-0.14788732394366197,-0.3028169014084507,0.028169014084507043,-0.3873239436619718,-0.014084507042253521,-0.4014084507042254,-0.056338028169014086,-0.29577464788732394,-0.07746478873239436,-0.22535211267605634
3,0.0,0.0,-0.13286713286713286,-0.03496503496503497,-0.23776223776223776,-0.11888111888111888,-0.1888111888111888,-0.1888111888111888,-0.1048951048951049,-0.26573426573426573,-0.32867132867132864,-0.46853146853146854,-0.45454545454545453,-0.6503496503496503,-0.5244755244755245,-0.7692307692307693,-0.5874125874125874,-0.8671328671328671,-0.1888111888111888,-0.5034965034965035,-0.23776223776223776,-0.7412587412587412,-0.26573426573426573,-0.8811188811188811,-0.2867132867132867,-1.0,-0.055944055944055944,-0.46853146853146854,-0.06293706293706294,-0.4965034965034965,-0.08391608391608392,-0.3706293706293706,-0.0979020979020979,-0.3076923076923077,0.055944055944055944,-0.3776223776223776,0.027972027972027972,-0.35664335664335667,-0.013986013986013986,-0.2727272727272727,-0.055944055944055944,-0.22377622377622378
3,0.0,0.0,-0.12,-0.05333333333333334,-0.18,-0.16,-0.1,-0.22,0.013333333333333334,-0.2733333333333333,-0.21333333333333335,-0.5,-0.3,-0.7,-0.35333333333333333,-0.8266666666666667,-0.3933333333333333,-0.9266666666666666,-0.08666666666666667,-0.5133333333333333,-0.07333333333333333,-0.74,-0.06666666666666667,-0.88,-0.06666666666666667,-1.0,0.02666666666666667,-0.4533333333333333,0.04666666666666667,-0.5,0.0,-0.38666666666666666,-0.02,-0.31333333333333335,0.11333333333333333,-0.35333333333333333,0.08,-0.32,0.006666666666666667,-0.24,-0.04,-0.19333333333333333
3,0.0,0.0,-0.10666666666666667,-0.06666666666666667,-0.12,-0.18666666666666668,0.04,-0.24666666666666667,0.17333333333333334,-0.3,-0.12,-0.5333333333333333,-0.18,-0.74,-0.21333333333333335,-0.8733333333333333,-0.24,-0.9866666666666667,0.02,-0.54,0.08,-0.7466666666666667,0.12,-0.88,0.14,-1.0,0.12666666666666668,-0.4666666666666667,0.18666666666666668,-0.47333333333333333,0.14666666666666667,-0.3466666666666667,0.10666666666666667,-0.26666666666666666,0.19333333333333333,-0.36,0.22666666666666666,-0.32666666666666666,0.17333333333333334,-0.23333333333333334,0.12,-0.17333333333333334
3,0.0,0.0,-0.09032258064516129,-0.08387096774193549,-0.08387096774193549,-0.2129032258064516,0.08387096774193549,-0.24516129032258063,0.22580645161290322,-0.2838709677419355,-0.025806451612903226,-0.535483870967742,-0.04516129032258064,-0.7419354838709677,-0.05806451612903226,-0.8838709677419355,-0.06451612903225806,-1.0,0.1032258064516129,-0.5161290322580645,0.1935483870967742,-0.7096774193548387,0.25161290322580643,-0.8387096774193549,0.3032258064516129,-0.9483870967741935,0.1870967741935484,-0.4258064516129032,0.25161290322580643,-0.44516129032258067,0.16774193548387098,-0.32903225806451614,0.1032258064516129,-0.25806451612903225,0.23225806451612904,-0.3096774193548387,0.25806451612903225,-0.2967741935483871,0.1870967741935484,-0.22580645161290322,0.12258064516129032,-0.18064516129032257
3,0.0,0.0,-0.0915032679738562,-0.0784313725490196,-0.09803921568627451,-0.19607843137254902,0.058823529411764705,-0.22875816993464052,0.20915032679738563,-0.26143790849673204,-0.032679738562091505,-0.5359477124183006,-0.0457516339869281,-0.7450980392156863,-0.058823529411764705,-0.8823529411764706,-0.058823529411764705,-1.0,0.10457516339869281,-0.5163398692810458,0.19607843137254902,-0.7058823529411765,0.2549019607843137,-0.8300653594771242,0.30718954248366015,-0.9477124183006536,0.1895424836601307,-0.42483660130718953,0.2549019607843137,-0.43790849673202614,0.16339869281045752,-0.3202614379084967,0.09803921568627451,-0.24836601307189543,0.24183006535947713,-0.3006535947712418,0.24836601307189543,-0.2679738562091503,0.16339869281045752,-0.19607843137254902,0.10457516339869281,-0.1568627450980392
3,0.0,0.0,-0.09868421052631579,-0.06578947368421052,-0.1118421052631579,-0.17763157894736842,0.039473684210526314,-0.21052631578947367,0.19078947368421054,-0.25,-0.05921052631578947,-0.5263157894736842,-0.07894736842105263,-0.7368421052631579,-0.09210526315789473,-0.881578947368421,-0.09868421052631579,-1.0,0.07894736842105263,-0.506578947368421,0.17763157894736842,-0.7039473684210527,0.23684210526315788,-0.8289473684210527,0.28289473684210525,-0.9473684210526315,0.17105263157894737,-0.42105263157894735,0.23684210526315788,-0.42105263157894735,0.1513157894736842,-0.2894736842105263,0.08552631578947369,-0.21710526315789475,0.2236842105263158,-0.3026315789473684,0.23026315789473684,-0.2565789473684211,0.1513157894736842,-0.17763157894736842,0.09210526315789473,-0.13157894736842105
3,0.0,0.0,-0.09933774834437085,-0.059602649006622516,-0.11258278145695365,-0.17218543046357615,0.039735099337748346,-0.2119205298013245,0.18543046357615894,-0.24503311258278146,-0.06622516556291391,-0.5231788079470199,-0.07947019867549669,-0.7350993377483444,-0.09271523178807947,-0.8807947019867549,-0.09933774834437085,-1.0,0.07947019867549669,-0.5033112582781457,0.17880794701986755,-0.7019867549668874,0.23841059602649006,-0.8278145695364238,0.2847682119205298,-0.9470198675496688,0.17218543046357615,-0.4105960264900662,0.23841059602649006,-0.423841059602649,0.152317880794702,-0.2913907284768212,0.09271523178807947,-0.2119205298013245,0.23178807947019867,-0.2913907284768212,0.24503311258278146,-0.25165562913907286,0.16556291390728478,-0.17218543046357615,0.09933774834437085,-0.12582781456953643
3,0.0,0.0,-0.10666666666666667,-0.04666666666666667,-0.12,-0.16666666666666666,0.04,-0.2,0.18666666666666668,-0.23333333333333334,-0.07333333333333333,-0.5133333333333333,-0.09333333333333334,-0.7333333333333333,-0.10666666666666667,-0.8733333333333333,-0.11333333333333333,-1.0,0.07333333333333333,-0.5,0.16666666666666666,-0.6933333333333334,0.22666666666666666,-0.8266666666666667,0.28,-0.9533333333333334,0.16666666666666666,-0.4066666666666667,0.24,-0.41333333333333333,0.15333333333333332,-0.28,0.09333333333333334,-0.20666666666666667,0.22,-0.2866666666666667,0.23333333333333334,-0.24666666666666667,0.15333333333333332,-0.16666666666666666,0.09333333333333334,-0.12666666666666668
3,0.0,0.0,-0.11564625850340136,-0.061224489795918366,-0.1360544217687075,-0.1836734693877551,0.006802721088435374,-0.22448979591836735,0.14285714285714285,-0.2585034013605442,-0.11564625850340136,-0.5306122448979592,-0.1564625850340136,-0.7414965986394558,-0.19047619047619047,-0.8707482993197279,-0.21768707482993196,-0.9795918367346939,0.027210884353741496,-0.5170068027210885,0.10204081632653061,-0.7346938775510204,0.1564625850340136,-0.8707482993197279,0.20408163265306123,-1.0,0.12244897959183673,-0.43537414965986393,0.16326530612244897,-0.4489795918367347,0.09523809523809523,-0.3197278911564626,0.05442176870748299,-0.24489795918367346,0.19727891156462585,-0.3129251700680272,0.1836734693877551,-0.2653061224489796,0.10884353741496598,-0.19047619047619047,0.047619047619047616,-0.1564625850340136
1,0.0,0.0,0.37681159420289856,-0.11594202898550725,0.6231884057971014,-0.391304347826087,0.5144927536231884,-0.6521739130434783,0.36231884057971014,-0.7753623188405797,0.4855072463768116,-0.6811594202898551,0.5797101449275363,-0.9420289855072463,0.5289855072463768,-0.7391304347826086,0.45652173913043476,-0.5579710144927537,0.2536231884057971,-0.7246376811594203,0.3333333333333333,-1.0,0.2898550724637681,-0.6739130434782609,0.2463768115942029,-0.4782608695652174,0.028985507246376812,-0.7246376811594203,0.08695652173913043,-0.9927536231884058,0.07971014492753623,-0.6521739130434783,0.043478260869565216,-0.4855072463768116,-0.21739130434782608,-0.6811594202898551,-0.14492753623188406,-0.8768115942028986,-0.12318840579710146,-0.644927536231884,-0.13768115942028986,-0.5217391304347826
1,0.0,0.0,0.37410071942446044,-0.1223021582733813,0.6115107913669064,-0.381294964028777,0.49640287769784175,-0.6258992805755396,0.3237410071942446,-0.7338129496402878,0.4676258992805755,-0.6834532374100719,0.5539568345323741,-0.9280575539568345,0.5107913669064749,-0.7266187050359713,0.43884892086330934,-0.5539568345323741,0.2446043165467626,-0.7266187050359713,0.33093525179856115,-1.0,0.2949640287769784,-0.6690647482014388,0.23741007194244604,-0.4892086330935252,0.02158273381294964,-0.7266187050359713,0.08633093525179857,-0.9784172661870504,0.07913669064748201,-0.6474820143884892,0.03597122302158273,-0.49640287769784175,-0.2302158273381295,-0.6762589928057554,-0.1366906474820144,-0.8776978417266187,-0.1079136690647482,-0.6546762589928058,-0.1366906474820144,-0.5467625899280576
1,0.0,0.0,0.381294964028777,-0.11510791366906475,0.6330935251798561,-0.37410071942446044,0.5251798561151079,-0.6330935251798561,0.37410071942446044,-0.762589928057554,0.5035971223021583,-0.6762589928057554,0.5899280575539568,-0.9136690647482014,0.5323741007194245,-0.7122302158273381,0.460431654676259,-0.5467625899280576,0.2733812949640288,-0.7266187050359713,0.3597122302158273,-1.0,0.30935251798561153,-0.6690647482014388,0.2517985611510791,-0.4892086330935252,0.04316546762589928,-0.7338129496402878,0.11510791366906475,-0.9928057553956835,0.09352517985611511,-0.6546762589928058,0.050359712230215826,-0.5035971223021583,-0.20863309352517986,-0.7050359712230215,-0.1223021582733813,-0.8920863309352518,-0.10071942446043165,-0.6618705035971223,-0.12949640287769784,-0.5539568345323741
1,0.0,0.0,0.3916083916083916,-0.08391608391608392,0.6643356643356644,-0.34265734265734266,0.5454545454545454,-0.6153846153846154,0.35664335664335667,-0.7202797202797203,0.5314685314685315,-0.6643356643356644,0.6223776223776224,-0.9300699300699301,0.5524475524475524,-0.7062937062937062,0.48951048951048953,-0.5384615384615384,0.3006993006993007,-0.7202797202797203,0.3776223776223776,-1.0,0.32167832167832167,-0.6643356643356644,0.2727272727272727,-0.4825174825174825,0.06293706293706294,-0.7272727272727273,0.1258741258741259,-1.0,0.0979020979020979,-0.6573426573426573,0.06293706293706294,-0.4965034965034965,-0.18181818181818182,-0.6993006993006993,-0.11888111888111888,-0.9020979020979021,-0.1048951048951049,-0.6573426573426573,-0.11888111888111888,-0.5384615384615384
1,0.0,0.0,0.38,-0.11333333333333333,0.64,-0.37333333333333335,0.54,-0.6333333333333333,0.4066666666666667,-0.76,0.5133333333333333,-0.6733333333333333,0.5933333333333334,-0.94,0.5533333333333333,-0.7533333333333333,0.48,-0.5733333333333334,0.28,-0.72,0.36,-1.0,0.30666666666666664,-0.6733333333333333,0.26666666666666666,-0.49333333333333335,0.05333333333333334,-0.7266666666666667,0.10666666666666667,-0.9733333333333334,0.08,-0.6533333333333333,0.05333333333333334,-0.5133333333333333,-0.19333333333333333,-0.6866666666666666,-0.12,-0.88,-0.11333333333333333,-0.6533333333333333,-0.12666666666666668,-0.5466666666666666
1,0.0,0.0,0.36774193548387096,-0.12258064516129032,0.6129032258064516,-0.38064516129032255,0.5096774193548387,-0.6451612903225806,0.36774193548387096,-0.7677419354838709,0.5161290322580645,-0.6903225806451613,0.6,-0.9225806451612903,0.5419354838709678,-0.7290322580645161,0.45806451612903226,-0.567741935483871,0.2903225806451613,-0.7419354838709677,0.3741935483870968,-1.0,0.3161290322580645,-0.6774193548387096,0.2645161290322581,-0.5161290322580645,0.06451612903225806,-0.7419354838709677,0.12258064516129032,-0.9741935483870968,0.0967741935483871,-0.6516129032258065,0.05806451612903226,-0.5290322580645161,-0.1870967741935484,-0.6967741935483871,-0.0967741935483871,-0.8774193548387097,-0.09032258064516129,-0.6580645161290323,-0.11612903225806452,-0.5741935483870968
1,0.0,0.0,0.375,-0.1118421052631579,0.631578947368421,-0.3881578947368421,0.5394736842105263,-0.6578947368421053,0.3881578947368421,-0.7828947368421053,0.5328947368421053,-0.6776315789473685,0.618421052631579,-0.9210526315789473,0.5592105263157895,-0.7236842105263158,0.47368421052631576,-0.5526315789473685,0.3026315789473684,-0.7302631578947368,0.3881578947368421,-1.0,0.32894736842105265,-0.6710526315789473,0.27631578947368424,-0.5131578947368421,0.07236842105263158,-0.743421052631579,0.13815789473684212,-0.9868421052631579,0.1118421052631579,-0.6578947368421053,0.06578947368421052,-0.5263157894736842,-0.18421052631578946,-0.7039473684210527,-0.09210526315789473,-0.8881578947368421,-0.08552631578947369,-0.6644736842105263,-0.1118421052631579,-0.5723684210526315
1,0.0,0.0,0.38666666666666666,-0.08666666666666667,0.6466666666666666,-0.36,0.54,-0.6466666666666666,0.37333333333333335,-0.7866666666666666,0.54,-0.68,0.64,-0.92,0.5666666666666667,-0.7066666666666667,0.48,-0.5466666666666666,0.30666666666666664,-0.7333333333333333,0.4,-1.0,0.34,-0.6666666666666666,0.28,-0.5,0.07333333333333333,-0.74,0.14666666666666667,-0.9933333333333333,0.12,-0.6533333333333333,0.07333333333333333,-0.5133333333333333,-0.18,-0.7066666666666667,-0.09333333333333334,-0.8933333333333333,-0.08,-0.6533333333333333,-0.10666666666666667,-0.5533333333333333
1,0.0,0.0,0.3819444444444444,-0.09027777777777778,0.6805555555555556,-0.3611111111111111,0.6111111111111112,-0.6458333333333334,0.4652777777777778,-0.8055555555555556,0.5416666666666666,-0.6736111111111112,0.6388888888888888,-0.8958333333333334,0.5555555555555556,-0.6805555555555556,0.4652777777777778,-0.5208333333333334,0.3055555555555556,-0.7361111111111112,0.4097222222222222,-1.0,0.3402777777777778,-0.6736111111111112,0.2638888888888889,-0.5,0.0625,-0.75,0.1527777777777778,-1.0,0.11805555555555555,-0.6736111111111112,0.0625,-0.5347222222222222,-0.20833333333333334,-0.7222222222222222,-0.10416666666666667,-0.8958333333333334,-0.09722222222222222,-0.6666666666666666,-0.13194444444444445,-0.5694444444444444
1,0.0,0.0,0.39436619718309857,-0.07042253521126761,0.6901408450704225,-0.31690140845070425,0.6408450704225352,-0.5915492957746479,0.5,-0.7323943661971831,0.5211267605633803,-0.6549295774647887,0.647887323943662,-0.8661971830985915,0.5985915492957746,-0.6619718309859155,0.5070422535211268,-0.5,0.30985915492957744,-0.7253521126760564,0.4507042253521127,-0.9859154929577465,0.3873239436619718,-0.6619718309859155,0.2887323943661972,-0.49295774647887325,0.08450704225352113,-0.7464788732394366,0.2112676056338028,-1.0,0.16901408450704225,-0.6830985915492958,0.09154929577464789,-0.5422535211267606,-0.176056338028169,-0.7323943661971831,-0.035211267605633804,-0.9225352112676056,-0.035211267605633804,-0.704225352112676,-0.09859154929577464,-0.5985915492957746
1,0.0,0.0,0.38311688311688313,-0.08441558441558442,0.6623376623376623,-0.33766233766233766,0.577922077922078,-0.5909090909090909,0.38961038961038963,-0.6948051948051948,0.5064935064935064,-0.6493506493506493,0.6493506493506493,-0.8766233766233766,0.6298701298701299,-0.6623376623376623,0.5324675324675324,-0.4935064935064935,0.3116883116883117,-0.7077922077922078,0.4675324675324675,-0.987012987012987,0.42207792207792205,-0.6558441558441559,0.3051948051948052,-0.4805194805194805,0.1038961038961039,-0.7402597402597403,0.24025974025974026,-1.0,0.21428571428571427,-0.6688311688311688,0.11038961038961038,-0.512987012987013,-0.14935064935064934,-0.7337662337662337,0.012987012987012988,-0.922077922077922,0.01948051948051948,-0.6883116883116883,-0.05194805194805195,-0.577922077922078
1,0.0,0.0,0.37037037037037035,-0.11728395061728394,0.5987654320987654,-0.36419753086419754,0.5802469135802469,-0.6172839506172839,0.5246913580246914,-0.7592592592592593,0.42592592592592593,-0.654320987654321,0.5493827160493827,-0.8703703703703703,0.5432098765432098,-0.6790123456790124,0.4506172839506173,-0.5246913580246914,0.25308641975308643,-0.7098765432098766,0.4012345679012346,-0.9814814814814815,0.3765432098765432,-0.6790123456790124,0.2654320987654321,-0.5061728395061729,0.06790123456790123,-0.7345679012345679,0.19753086419753085,-1.0,0.19135802469135801,-0.6790123456790124,0.09259259259259259,-0.5246913580246914,-0.1728395061728395,-0.7160493827160493,-0.024691358024691357,-0.9135802469135802,0.0,-0.691358024691358,-0.06790123456790123,-0.5740740740740741
1,0.0,0.0,0.39622641509433965,-0.10062893081761007,0.6352201257861635,-0.3836477987421384,0.5849056603773585,-0.660377358490566,0.4968553459119497,-0.7987421383647799,0.42138364779874216,-0.6918238993710691,0.4968553459119497,-0.9308176100628931,0.5094339622641509,-0.6855345911949685,0.4528301886792453,-0.5345911949685535,0.2389937106918239,-0.7295597484276729,0.3270440251572327,-1.0,0.3333333333333333,-0.6792452830188679,0.2578616352201258,-0.5220125786163522,0.0440251572327044,-0.7295597484276729,0.12578616352201258,-0.9937106918238994,0.15723270440251572,-0.6666666666666666,0.09433962264150944,-0.5157232704402516,-0.18867924528301888,-0.6981132075471698,-0.08176100628930817,-0.9056603773584906,-0.031446540880503145,-0.6855345911949685,-0.06918238993710692,-0.559748427672956
1,0.0,0.0,0.37267080745341613,-0.09937888198757763,0.6645962732919255,-0.3416149068322981,0.546583850931677,-0.5652173913043478,0.2919254658385093,-0.6149068322981367,0.5341614906832298,-0.639751552795031,0.6273291925465838,-0.9006211180124224,0.5527950310559007,-0.7142857142857143,0.4968944099378882,-0.5341614906832298,0.3105590062111801,-0.7018633540372671,0.37267080745341613,-0.9813664596273292,0.3105590062111801,-0.7080745341614907,0.2857142857142857,-0.5341614906832298,0.09316770186335403,-0.7204968944099379,0.13043478260869565,-1.0,0.10559006211180125,-0.7204968944099379,0.09937888198757763,-0.5590062111801242,-0.14285714285714285,-0.6894409937888198,-0.11180124223602485,-0.8757763975155279,-0.09316770186335403,-0.6708074534161491,-0.08695652173913043,-0.5403726708074534
1,0.0,0.0,0.3878787878787879,-0.10303030303030303,0.6606060606060606,-0.3515151515151515,0.5272727272727272,-0.593939393939394,0.2909090909090909,-0.6484848484848484,0.5575757575757576,-0.6606060606060606,0.6181818181818182,-0.9212121212121213,0.5636363636363636,-0.7272727272727273,0.5151515151515151,-0.5575757575757576,0.3090909090909091,-0.7151515151515152,0.3575757575757576,-1.0,0.30303030303030304,-0.6848484848484848,0.2909090909090909,-0.509090909090909,0.07272727272727272,-0.7212121212121212,0.10303030303030303,-1.0,0.07878787878787878,-0.6727272727272727,0.07878787878787878,-0.5151515151515151,-0.1696969696969697,-0.6848484848484848,-0.13333333333333333,-0.8787878787878788,-0.12727272727272726,-0.6545454545454545,-0.12727272727272726,-0.5272727272727272
1,0.0,0.0,0.38596491228070173,-0.13450292397660818,0.6491228070175439,-0.39766081871345027,0.5321637426900585,-0.6666666666666666,0.32748538011695905,-0.7485380116959064,0.5555555555555556,-0.6666666666666666,0.6023391812865497,-0.9298245614035088,0.5263157894736842,-0.7543859649122807,0.49122807017543857,-0.5847953216374269,0.3157894736842105,-0.7076023391812866,0.3508771929824561,-1.0,0.27485380116959063,-0.7017543859649122,0.27485380116959063,-0.52046783625731,0.0935672514619883,-0.7192982456140351,0.09941520467836257,-1.0,0.05847953216374269,-0.6900584795321637,0.07017543859649122,-0.52046783625731,-0.14035087719298245,-0.6900584795321637,-0.12280701754385964,-0.8888888888888888,-0.1286549707602339,-0.6666666666666666,-0.1111111111111111,-0.5380116959064327
1,0.0,0.0,0.38414634146341464,-0.1402439024390244,0.6463414634146342,-0.3902439024390244,0.5548780487804879,-0.6890243902439024,0.4329268292682927,-0.8353658536585366,0.5548780487804879,-0.6890243902439024,0.6036585365853658,-0.9451219512195121,0.5304878048780488,-0.7317073170731707,0.49390243902439024,-0.5609756097560976,0.3048780487804878,-0.725609756097561,0.32926829268292684,-1.0,0.27439024390243905,-0.6707317073170732,0.2804878048780488,-0.524390243902439,0.07926829268292683,-0.7317073170731707,0.07926829268292683,-0.9817073170731707,0.04878048780487805,-0.6463414634146342,0.06707317073170732,-0.5182926829268293,-0.16463414634146342,-0.7012195121951219,-0.1524390243902439,-0.8719512195121951,-0.14634146341463414,-0.6402439024390244,-0.12195121951219512,-0.5365853658536586
1,0.0,0.0,0.3782051282051282,-0.11538461538461539,0.6410256410256411,-0.38461538461538464,0.532051282051282,-0.6858974358974359,0.358974358974359,-0.8141025641025641,0.5448717948717948,-0.6858974358974359,0.5961538461538461,-0.9423076923076923,0.5128205128205128,-0.717948717948718,0.47435897435897434,-0.5512820512820513,0.30128205128205127,-0.717948717948718,0.3333333333333333,-1.0,0.27564102564102566,-0.6602564102564102,0.27564102564102566,-0.5128205128205128,0.07051282051282051,-0.717948717948718,0.07692307692307693,-0.9743589743589743,0.05128205128205128,-0.6346153846153846,0.057692307692307696,-0.5,-0.17307692307692307,-0.6858974358974359,-0.15384615384615385,-0.8589743589743589,-0.14102564102564102,-0.6217948717948718,-0.1282051282051282,-0.5192307692307693
1,0.0,0.0,0.3741496598639456,-0.12244897959183673,0.6326530612244898,-0.3877551020408163,0.54421768707483,-0.6938775510204082,0.42857142857142855,-0.8435374149659864,0.5374149659863946,-0.6870748299319728,0.5986394557823129,-0.9523809523809523,0.5306122448979592,-0.7210884353741497,0.4897959183673469,-0.564625850340136,0.2925170068027211,-0.7278911564625851,0.3333333333333333,-1.0,0.2925170068027211,-0.6666666666666666,0.2857142857142857,-0.5374149659863946,0.061224489795918366,-0.7210884353741497,0.07482993197278912,-0.9727891156462585,0.06802721088435375,-0.6394557823129252,0.06802721088435375,-0.5306122448979592,-0.19047619047619047,-0.6802721088435374,-0.1564625850340136,-0.8503401360544217,-0.12244897959183673,-0.6190476190476191,-0.11564625850340136,-0.5306122448979592
1,0.0,0.0,0.36363636363636365,-0.1048951048951049,0.6223776223776224,-0.3916083916083916,0.5244755244755245,-0.6923076923076923,0.38461538461538464,-0.8251748251748252,0.5244755244755245,-0.7062937062937062,0.5804195804195804,-0.958041958041958,0.5244755244755245,-0.7412587412587412,0.46853146853146854,-0.5734265734265734,0.27972027972027974,-0.7342657342657343,0.32167832167832167,-1.0,0.2867132867132867,-0.6573426573426573,0.27972027972027974,-0.5244755244755245,0.04895104895104895,-0.7272727272727273,0.06993006993006994,-0.965034965034965,0.06293706293706294,-0.6293706293706294,0.055944055944055944,-0.5174825174825175,-0.1958041958041958,-0.6783216783216783,-0.15384615384615385,-0.8461538461538461,-0.13286713286713286,-0.6153846153846154,-0.1258741258741259,-0.5314685314685315
1,0.0,0.0,0.3695652173913043,-0.12318840579710146,0.6159420289855072,-0.41304347826086957,0.5144927536231884,-0.7101449275362319,0.34782608695652173,-0.8405797101449275,0.5144927536231884,-0.717391304347826,0.572463768115942,-0.9782608695652174,0.5289855072463768,-0.7536231884057971,0.4782608695652174,-0.5942028985507246,0.26811594202898553,-0.7463768115942029,0.3115942028985507,-1.0,0.2898550724637681,-0.6739130434782609,0.2753623188405797,-0.5652173913043478,0.036231884057971016,-0.7391304347826086,0.057971014492753624,-0.9637681159420289,0.06521739130434782,-0.644927536231884,0.043478260869565216,-0.5579710144927537,-0.21739130434782608,-0.6884057971014492,-0.17391304347826086,-0.8478260869565217,-0.13768115942028986,-0.6304347826086957,-0.13768115942028986,-0.5652173913043478
1,0.0,0.0,0.35036496350364965,-0.1386861313868613,0.5766423357664233,-0.4306569343065693,0.5036496350364964,-0.7007299270072993,0.38686131386861317,-0.8394160583941606,0.48905109489051096,-0.7153284671532847,0.5693430656934306,-0.9562043795620438,0.5036496350364964,-0.7518248175182481,0.43795620437956206,-0.6058394160583942,0.26277372262773724,-0.7518248175182481,0.3284671532846715,-1.0,0.291970802919708,-0.6861313868613139,0.26277372262773724,-0.5693430656934306,0.0364963503649635,-0.7372262773722628,0.08029197080291971,-0.9343065693430657,0.06569343065693431,-0.635036496350365,0.051094890510948905,-0.5693430656934306,-0.2116788321167883,-0.6861313868613139,-0.145985401459854,-0.8248175182481752,-0.12408759124087591,-0.6277372262773723,-0.13138686131386862,-0.5766423357664233
1,0.0,0.0,0.3684210526315789,-0.09022556390977443,0.6090225563909775,-0.44360902255639095,0.5639097744360902,-0.7669172932330827,0.48120300751879697,-0.924812030075188,0.42857142857142855,-0.7443609022556391,0.47368421052631576,-0.9849624060150376,0.48120300751879697,-0.7218045112781954,0.46616541353383456,-0.6165413533834586,0.21804511278195488,-0.7518796992481203,0.2706766917293233,-1.0,0.2932330827067669,-0.6842105263157895,0.24812030075187969,-0.6165413533834586,0.0,-0.7218045112781954,0.045112781954887216,-0.9624060150375939,0.09774436090225563,-0.6466165413533834,0.06015037593984962,-0.5714285714285714,-0.24060150375939848,-0.6616541353383458,-0.16541353383458646,-0.8195488721804511,-0.10526315789473684,-0.5939849624060151,-0.12781954887218044,-0.5338345864661654
1,0.0,0.0,0.36363636363636365,-0.10606060606060606,0.5984848484848485,-0.4621212121212121,0.5681818181818182,-0.7727272727272727,0.5151515151515151,-0.9621212121212122,0.3939393939393939,-0.75,0.4772727272727273,-0.9848484848484849,0.48484848484848486,-0.7196969696969697,0.4393939393939394,-0.6287878787878788,0.1893939393939394,-0.75,0.2878787878787879,-1.0,0.30303030303030304,-0.6818181818181818,0.23484848484848486,-0.6060606060606061,-0.015151515151515152,-0.7121212121212122,0.06818181818181818,-0.9621212121212122,0.12121212121212122,-0.6439393939393939,0.06818181818181818,-0.5606060606060606,-0.26515151515151514,-0.6515151515151515,-0.14393939393939395,-0.8106060606060606,-0.08333333333333333,-0.5909090909090909,-0.13636363636363635,-0.5151515151515151
1,0.0,0.0,0.3049645390070922,-0.14893617021276595,0.48936170212765956,-0.5106382978723404,0.40425531914893614,-0.7730496453900709,0.28368794326241137,-0.9219858156028369,0.3191489361702128,-0.7588652482269503,0.4397163120567376,-1.0,0.49645390070921985,-0.7588652482269503,0.475177304964539,-0.6382978723404256,0.1276595744680851,-0.7588652482269503,0.2553191489361702,-0.9858156028368794,0.2978723404255319,-0.6666666666666666,0.2198581560283688,-0.6028368794326241,-0.07801418439716312,-0.723404255319149,0.04964539007092199,-0.9432624113475178,0.10638297872340426,-0.6382978723404256,0.028368794326241134,-0.5673758865248227,-0.3049645390070922,-0.6524822695035462,-0.15602836879432624,-0.8226950354609929,-0.09219858156028368,-0.6099290780141844,-0.16312056737588654,-0.5460992907801419
1,0.0,0.0,0.3082191780821918,-0.14383561643835616,0.4794520547945205,-0.4931506849315068,0.4931506849315068,-0.7602739726027398,0.4178082191780822,-0.9315068493150684,0.23972602739726026,-0.7945205479452054,0.3835616438356164,-0.9794520547945206,0.4246575342465753,-0.726027397260274,0.363013698630137,-0.6232876712328768,0.0684931506849315,-0.7945205479452054,0.23972602739726026,-1.0,0.2876712328767123,-0.684931506849315,0.1917808219178082,-0.6027397260273972,-0.11643835616438356,-0.7602739726027398,0.0684931506849315,-0.958904109589041,0.13013698630136986,-0.6506849315068494,0.03424657534246575,-0.5616438356164384,-0.3219178082191781,-0.6917808219178082,-0.10273972602739725,-0.8356164383561644,-0.03424657534246575,-0.6232876712328768,-0.11643835616438356,-0.541095890410959
1,0.0,0.0,0.3288590604026846,-0.16778523489932887,0.5100671140939598,-0.4966442953020134,0.4563758389261745,-0.7449664429530202,0.3422818791946309,-0.9060402684563759,0.28859060402684567,-0.785234899328859,0.46308724832214765,-0.9798657718120806,0.5033557046979866,-0.7181208053691275,0.4429530201342282,-0.6040268456375839,0.11409395973154363,-0.8053691275167785,0.31543624161073824,-1.0,0.3422818791946309,-0.6644295302013423,0.2348993288590604,-0.5973154362416108,-0.06711409395973154,-0.785234899328859,0.14093959731543623,-0.9798657718120806,0.174496644295302,-0.6510067114093959,0.053691275167785234,-0.5771812080536913,-0.28187919463087246,-0.7315436241610739,-0.040268456375838924,-0.8590604026845637,0.006711409395973154,-0.6308724832214765,-0.11409395973154363,-0.5570469798657718
1,0.0,0.0,0.32903225806451614,-0.18064516129032257,0.4838709677419355,-0.5032258064516129,0.4258064516129032,-0.7548387096774194,0.3161290322580645,-0.9290322580645162,0.2903225806451613,-0.7741935483870968,0.45806451612903226,-0.9806451612903225,0.5032258064516129,-0.7290322580645161,0.44516129032258067,-0.6064516129032258,0.12258064516129032,-0.7935483870967742,0.3225806451612903,-1.0,0.3419354838709677,-0.6709677419354839,0.22580645161290322,-0.5935483870967742,-0.04516129032258064,-0.7870967741935484,0.16129032258064516,-0.9741935483870968,0.18064516129032257,-0.6516129032258065,0.05161290322580645,-0.5870967741935483,-0.25161290322580643,-0.7354838709677419,-0.012903225806451613,-0.8709677419354839,0.01935483870967742,-0.6451612903225806,-0.0967741935483871,-0.5806451612903226
1,0.0,0.0,0.3333333333333333,-0.1830065359477124,0.46405228758169936,-0.5032679738562091,0.45098039215686275,-0.738562091503268,0.35947712418300654,-0.9150326797385621,0.2679738562091503,-0.7581699346405228,0.42483660130718953,-0.9673202614379085,0.477124183006536,-0.7320261437908496,0.39869281045751637,-0.6078431372549019,0.1111111111111111,-0.7843137254901961,0.29411764705882354,-1.0,0.32679738562091504,-0.673202614379085,0.20261437908496732,-0.5882352941176471,-0.06535947712418301,-0.7712418300653595,0.13725490196078433,-0.9803921568627451,0.16993464052287582,-0.6601307189542484,0.032679738562091505,-0.5816993464052288,-0.27450980392156865,-0.7254901960784313,-0.0457516339869281,-0.8562091503267973,0.0,-0.6339869281045751,-0.12418300653594772,-0.5620915032679739
1,0.0,0.0,0.32679738562091504,-0.16993464052287582,0.46405228758169936,-0.46405228758169936,0.49019607843137253,-0.6993464052287581,0.46405228758169936,-0.8562091503267973,0.26143790849673204,-0.7254901960784313,0.3660130718954248,-0.9869281045751634,0.4117647058823529,-0.7320261437908496,0.3464052287581699,-0.5947712418300654,0.12418300653594772,-0.7450980392156863,0.27450980392156865,-0.9934640522875817,0.30718954248366015,-0.673202614379085,0.19607843137254902,-0.5751633986928104,-0.0392156862745098,-0.7450980392156863,0.13071895424836602,-1.0,0.16993464052287582,-0.6797385620915033,0.058823529411764705,-0.5816993464052288,-0.24183006535947713,-0.7189542483660131,-0.0457516339869281,-0.9019607843137255,0.0,-0.6862745098039216,-0.0915032679738562,-0.5947712418300654
1,0.0,0.0,0.35526315789473684,-0.18421052631578946,0.48026315789473684,-0.47368421052631576,0.47368421052631576,-0.6842105263157895,0.42105263157894735,-0.8157894736842105,0.2894736842105263,-0.6973684210526315,0.4144736842105263,-0.9473684210526315,0.4605263157894737,-0.7105263157894737,0.3815789473684211,-0.5592105263157895,0.14473684210526316,-0.7236842105263158,0.3157894736842105,-0.993421052631579,0.34210526315789475,-0.6776315789473685,0.21710526315789475,-0.5460526315789473,-0.019736842105263157,-0.7302631578947368,0.16447368421052633,-1.0,0.19736842105263158,-0.6776315789473685,0.07236842105263158,-0.5592105263157895,-0.23684210526315788,-0.7105263157894737,-0.02631578947368421,-0.9013157894736842,0.019736842105263157,-0.6776315789473685,-0.08552631578947369,-0.5789473684210527
1,0.0,0.0,0.34210526315789475,-0.17105263157894737,0.46710526315789475,-0.4473684210526316,0.45394736842105265,-0.6513157894736842,0.3881578947368421,-0.7763157894736842,0.2894736842105263,-0.6842105263157895,0.4276315789473684,-0.9210526315789473,0.47368421052631576,-0.7039473684210527,0.40131578947368424,-0.5460526315789473,0.1513157894736842,-0.7171052631578947,0.3157894736842105,-0.9736842105263158,0.34210526315789475,-0.6710526315789473,0.2236842105263158,-0.5394736842105263,-0.019736842105263157,-0.7236842105263158,0.1513157894736842,-1.0,0.19078947368421054,-0.6842105263157895,0.07236842105263158,-0.5592105263157895,-0.24342105263157895,-0.7039473684210527,-0.039473684210526314,-0.9013157894736842,0.013157894736842105,-0.6842105263157895,-0.08552631578947369,-0.5789473684210527
1,0.0,0.0,0.35333333333333333,-0.18,0.46,-0.46,0.4666666666666667,-0.6666666666666666,0.41333333333333333,-0.8066666666666666,0.2733333333333333,-0.6866666666666666,0.4066666666666667,-0.9333333333333333,0.4533333333333333,-0.7,0.37333333333333335,-0.5333333333333333,0.14,-0.7133333333333334,0.3,-0.9866666666666667,0.32666666666666666,-0.6733333333333333,0.2,-0.5266666666666666,-0.03333333333333333,-0.7266666666666667,0.14666666666666667,-1.0,0.18666666666666668,-0.6733333333333333,0.05333333333333334,-0.54,-0.25333333333333335,-0.7066666666666667,-0.04666666666666667,-0.9133333333333333,0.006666666666666667,-0.6933333333333334,-0.09333333333333334,-0.58
1,0.0,0.0,0.3576158940397351,-0.17880794701986755,0.4503311258278146,-0.4370860927152318,0.4503311258278146,-0.6357615894039735,0.3841059602649007,-0.7748344370860927,0.2847682119205298,-0.6556291390728477,0.423841059602649,-0.8874172185430463,0.47019867549668876,-0.6821192052980133,0.3973509933774834,-0.5099337748344371,0.1456953642384106,-0.695364238410596,0.304635761589404,-0.9735099337748344,0.32450331125827814,-0.6688741721854304,0.2052980132450331,-0.5033112582781457,-0.026490066225165563,-0.7152317880794702,0.152317880794702,-1.0,0.18543046357615894,-0.6754966887417219,0.059602649006622516,-0.5231788079470199,-0.26490066225165565,-0.7019867549668874,-0.052980132450331126,-0.9139072847682119,0.0,-0.695364238410596,-0.08609271523178808,-0.5695364238410596
1,0.0,0.0,0.375,-0.17763157894736842,0.48026315789473684,-0.4407894736842105,0.4473684210526316,-0.6447368421052632,0.35526315789473684,-0.7763157894736842,0.3157894736842105,-0.6578947368421053,0.46710526315789475,-0.8947368421052632,0.5197368421052632,-0.7039473684210527,0.4407894736842105,-0.5328947368421053,0.17105263157894737,-0.6973684210526315,0.3355263157894737,-1.0,0.35526315789473684,-0.6842105263157895,0.23684210526315788,-0.5131578947368421,-0.006578947368421052,-0.7171052631578947,0.17763157894736842,-0.9868421052631579,0.19078947368421054,-0.6644736842105263,0.05921052631578947,-0.5197368421052632,-0.24342105263157895,-0.7171052631578947,-0.03289473684210526,-0.9276315789473685,0.019736842105263157,-0.7039473684210527,-0.07894736842105263,-0.5855263157894737
1,0.0,0.0,0.3617021276595745,-0.12056737588652482,0.5602836879432624,-0.425531914893617,0.5035460992907801,-0.6524822695035462,0.3546099290780142,-0.7659574468085106,0.28368794326241137,-0.7163120567375887,0.3829787234042553,-1.0,0.41843971631205673,-0.7588652482269503,0.3546099290780142,-0.5886524822695035,0.11347517730496454,-0.7304964539007093,0.2553191489361702,-1.0,0.28368794326241137,-0.7021276595744681,0.18439716312056736,-0.5460992907801419,-0.07801418439716312,-0.7304964539007093,0.07801418439716312,-0.9787234042553191,0.1276595744680851,-0.6737588652482269,0.028368794326241134,-0.5390070921985816,-0.3049645390070922,-0.6950354609929078,-0.10638297872340426,-0.8865248226950354,-0.04964539007092199,-0.6808510638297872,-0.12056737588652482,-0.5673758865248227
1,0.0,0.0,0.42028985507246375,-0.10144927536231885,0.6376811594202898,-0.43478260869565216,0.5652173913043478,-0.7391304347826086,0.427536231884058,-0.8695652173913043,0.35507246376811596,-0.717391304347826,0.38405797101449274,-0.9782608695652174,0.4492753623188406,-0.7608695652173914,0.4420289855072464,-0.5797101449275363,0.15217391304347827,-0.7318840579710145,0.1956521739130435,-1.0,0.2608695652173913,-0.717391304347826,0.2318840579710145,-0.5362318840579711,-0.06521739130434782,-0.7101449275362319,-0.014492753623188406,-0.9710144927536232,0.07971014492753623,-0.7028985507246377,0.06521739130434782,-0.5217391304347826,-0.30434782608695654,-0.6666666666666666,-0.21739130434782608,-0.8695652173913043,-0.11594202898550725,-0.6956521739130435,-0.10144927536231885,-0.5579710144927537
1,0.0,0.0,0.37681159420289856,-0.07971014492753623,0.6884057971014492,-0.36231884057971014,0.7028985507246377,-0.6376811594202898,0.6739130434782609,-0.7898550724637681,0.5434782608695652,-0.6666666666666666,0.644927536231884,-0.9420289855072463,0.5579710144927537,-0.717391304347826,0.4782608695652174,-0.5289855072463768,0.30434782608695654,-0.717391304347826,0.38405797101449274,-1.0,0.3115942028985507,-0.6739130434782609,0.2753623188405797,-0.4927536231884058,0.07246376811594203,-0.717391304347826,0.12318840579710146,-0.9637681159420289,0.08695652173913043,-0.6521739130434783,0.057971014492753624,-0.5072463768115942,-0.17391304347826086,-0.6739130434782609,-0.09420289855072464,-0.855072463768116,-0.10144927536231885,-0.6376811594202898,-0.13043478260869565,-0.5289855072463768
1,0.0,0.0,0.39416058394160586,-0.10948905109489052,0.656934306569343,-0.4233576642335766,0.5474452554744526,-0.7372262773722628,0.39416058394160586,-0.8540145985401459,0.5109489051094891,-0.7153284671532847,0.5620437956204379,-0.9854014598540146,0.5255474452554745,-0.7153284671532847,0.48905109489051096,-0.583941605839416,0.27007299270072993,-0.7445255474452555,0.30656934306569344,-1.0,0.291970802919708,-0.6496350364963503,0.27007299270072993,-0.5620437956204379,0.029197080291970802,-0.7299270072992701,0.06569343065693431,-0.9635036496350365,0.06569343065693431,-0.6131386861313869,0.051094890510948905,-0.5328467153284672,-0.21897810218978103,-0.6861313868613139,-0.17518248175182483,-0.8613138686131386,-0.145985401459854,-0.6204379562043796,-0.16058394160583941,-0.5401459854014599
1,0.0,0.0,0.38461538461538464,-0.13846153846153847,0.6384615384615384,-0.4307692307692308,0.5615384615384615,-0.7538461538461538,0.4307692307692308,-0.9076923076923077,0.5461538461538461,-0.7153846153846154,0.5769230769230769,-1.0,0.5,-0.7692307692307693,0.46153846153846156,-0.6,0.2923076923076923,-0.7384615384615385,0.3,-1.0,0.25384615384615383,-0.6538461538461539,0.27692307692307694,-0.5538461538461539,0.05384615384615385,-0.7307692307692307,0.05384615384615385,-0.9692307692307692,0.038461538461538464,-0.6230769230769231,0.06153846153846154,-0.5307692307692308,-0.19230769230769232,-0.6923076923076923,-0.17692307692307693,-0.8615384615384616,-0.16153846153846155,-0.6230769230769231,-0.14615384615384616,-0.5384615384615384
1,0.0,0.0,0.3828125,-0.1171875,0.6484375,-0.4375,0.5625,-0.7578125,0.40625,-0.8671875,0.5234375,-0.71875,0.53125,-0.984375,0.453125,-0.765625,0.4375,-0.59375,0.2734375,-0.7265625,0.265625,-1.0,0.2265625,-0.671875,0.25,-0.53125,0.0546875,-0.7109375,0.03125,-0.9765625,0.015625,-0.640625,0.046875,-0.5,-0.1796875,-0.671875,-0.1796875,-0.8515625,-0.1640625,-0.6171875,-0.140625,-0.5078125
1,0.0,0.0,0.392,-0.16,0.648,-0.456,0.552,-0.76,0.384,-0.864,0.552,-0.688,0.568,-0.984,0.48,-0.808,0.44,-0.624,0.312,-0.72,0.296,-1.0,0.24,-0.704,0.256,-0.52,0.088,-0.712,0.064,-0.984,0.04,-0.68,0.064,-0.504,-0.144,-0.672,-0.144,-0.864,-0.136,-0.648,-0.096,-0.52
1,0.0,0.0,0.4700854700854701,-0.10256410256410256,0.7692307692307693,-0.3333333333333333,0.7350427350427351,-0.6837606837606838,0.6068376068376068,-0.8461538461538461,0.717948717948718,-0.6068376068376068,0.7948717948717948,-0.8974358974358975,0.6666666666666666,-0.7521367521367521,0.5811965811965812,-0.5897435897435898,0.5213675213675214,-0.6837606837606838,0.5555555555555556,-0.9829059829059829,0.452991452991453,-0.7435897435897436,0.41025641025641024,-0.5555555555555556,0.3333333333333333,-0.7264957264957265,0.3504273504273504,-1.0,0.28205128205128205,-0.7606837606837606,0.2564102564102564,-0.5726495726495726,0.1282051282051282,-0.7435897435897436,0.17094017094017094,-0.9487179487179487,0.13675213675213677,-0.7692307692307693,0.1282051282051282,-0.6239316239316239
1,0.0,0.0,0.4824561403508772,-0.09649122807017543,0.7982456140350878,-0.3333333333333333,0.7543859649122807,-0.6929824561403509,0.5877192982456141,-0.8421052631578947,0.7368421052631579,-0.6052631578947368,0.8245614035087719,-0.8859649122807017,0.7017543859649122,-0.7368421052631579,0.631578947368421,-0.5877192982456141,0.5263157894736842,-0.6842105263157895,0.5964912280701754,-0.9824561403508771,0.49122807017543857,-0.7368421052631579,0.4473684210526316,-0.5701754385964912,0.34210526315789475,-0.7280701754385965,0.38596491228070173,-1.0,0.3157894736842105,-0.7543859649122807,0.2807017543859649,-0.5877192982456141,0.12280701754385964,-0.7456140350877193,0.19298245614035087,-0.956140350877193,0.16666666666666666,-0.7894736842105263,0.15789473684210525,-0.6491228070175439
1,0.0,0.0,0.4782608695652174,-0.09565217391304348,0.7913043478260869,-0.3217391304347826,0.7391304347826086,-0.6869565217391305,0.5652173913043478,-0.8347826086956521,0.7304347826086957,-0.5826086956521739,0.8173913043478261,-0.8782608695652174,0.6869565217391305,-0.7304347826086957,0.6173913043478261,-0.5739130434782609,0.5217391304347826,-0.6608695652173913,0.6,-0.9739130434782609,0.4782608695652174,-0.7391304347826086,0.43478260869565216,-0.5565217391304348,0.33043478260869563,-0.7130434782608696,0.3826086956521739,-1.0,0.30434782608695654,-0.7652173913043478,0.26956521739130435,-0.5826086956521739,0.11304347826086956,-0.7391304347826086,0.1826086956521739,-0.9478260869565217,0.14782608695652175,-0.7913043478260869,0.1391304347826087,-0.6521739130434783
1,0.0,0.0,0.49557522123893805,-0.08849557522123894,0.8141592920353983,-0.3008849557522124,0.7964601769911505,-0.672566371681416,0.6194690265486725,-0.8230088495575221,0.7433628318584071,-0.5663716814159292,0.8407079646017699,-0.8584070796460177,0.7079646017699115,-0.7256637168141593,0.6371681415929203,-0.5663716814159292,0.5398230088495575,-0.6460176991150443,0.6283185840707964,-0.9646017699115044,0.49557522123893805,-0.7433628318584071,0.45132743362831856,-0.5575221238938053,0.34513274336283184,-0.6991150442477876,0.415929203539823,-1.0,0.3274336283185841,-0.7610619469026548,0.2831858407079646,-0.5752212389380531,0.13274336283185842,-0.7256637168141593,0.20353982300884957,-0.9469026548672567,0.168141592920354,-0.7964601769911505,0.168141592920354,-0.6460176991150443
1,0.0,0.0,0.5,-0.08928571428571429,0.8214285714285714,-0.29464285714285715,0.7946428571428571,-0.6607142857142857,0.6160714285714286,-0.8125,0.7321428571428571,-0.5803571428571429,0.8214285714285714,-0.875,0.7053571428571429,-0.7232142857142857,0.6428571428571429,-0.5625,0.5267857142857143,-0.6607142857142857,0.5982142857142857,-0.9732142857142857,0.49107142857142855,-0.7410714285714286,0.44642857142857145,-0.5535714285714286,0.3392857142857143,-0.7142857142857143,0.39285714285714285,-1.0,0.32142857142857145,-0.7678571428571429,0.2857142857142857,-0.5714285714285714,0.125,-0.7321428571428571,0.1875,-0.9553571428571429,0.16071428571428573,-0.7857142857142857,0.16071428571428573,-0.6339285714285714
1,0.0,0.0,0.49107142857142855,-0.08035714285714286,0.8214285714285714,-0.29464285714285715,0.7946428571428571,-0.6696428571428571,0.6071428571428571,-0.8035714285714286,0.7321428571428571,-0.5625,0.8214285714285714,-0.8660714285714286,0.6875,-0.7142857142857143,0.625,-0.5535714285714286,0.5267857142857143,-0.6517857142857143,0.5892857142857143,-0.9642857142857143,0.4642857142857143,-0.7232142857142857,0.4375,-0.5357142857142857,0.3392857142857143,-0.6964285714285714,0.375,-1.0,0.29464285714285715,-0.75,0.2767857142857143,-0.5625,0.125,-0.7321428571428571,0.17857142857142858,-0.9464285714285714,0.15178571428571427,-0.7767857142857143,0.15178571428571427,-0.6160714285714286
1,0.0,0.0,0.5045045045045045,-0.09009009009009009,0.8378378378378378,-0.2882882882882883,0.8288288288288288,-0.6576576576576577,0.6486486486486487,-0.8018018018018018,0.7387387387387387,-0.5675675675675675,0.8198198198198198,-0.8738738738738738,0.6936936936936937,-0.7207207207207207,0.6306306306306306,-0.5585585585585585,0.5315315315315315,-0.6576576576576577,0.5855855855855856,-0.963963963963964,0.46846846846846846,-0.7297297297297297,0.44144144144144143,-0.5405405405405406,0.35135135135135137,-0.7117117117117117,0.3783783783783784,-1.0,0.3063063063063063,-0.7567567567567568,0.2882882882882883,-0.5675675675675675,0.14414414414414414,-0.7387387387387387,0.1891891891891892,-0.954954954954955,0.16216216216216217,-0.7837837837837838,0.16216216216216217,-0.6216216216216216
1,0.0,0.0,0.509090909090909,-0.08181818181818182,0.8454545454545455,-0.2818181818181818,0.8454545454545455,-0.6454545454545455,0.6636363636363637,-0.8,0.7363636363636363,-0.5727272727272728,0.8,-0.8727272727272727,0.7,-0.7090909090909091,0.6545454545454545,-0.5454545454545454,0.5363636363636364,-0.6545454545454545,0.5727272727272728,-0.9636363636363636,0.4818181818181818,-0.7272727272727273,0.44545454545454544,-0.5272727272727272,0.34545454545454546,-0.7090909090909091,0.37272727272727274,-1.0,0.3090909090909091,-0.7454545454545455,0.2909090909090909,-0.5545454545454546,0.13636363636363635,-0.7454545454545455,0.17272727272727273,-0.9545454545454546,0.14545454545454545,-0.7818181818181819,0.15454545454545454,-0.6181818181818182
1,0.0,0.0,0.5045871559633027,-0.06422018348623854,0.8532110091743119,-0.26605504587155965,0.8256880733944955,-0.6422018348623854,0.6330275229357798,-0.7981651376146789,0.7431192660550459,-0.5871559633027523,0.8165137614678899,-0.8990825688073395,0.7155963302752294,-0.7155963302752294,0.6697247706422018,-0.5504587155963303,0.5412844036697247,-0.6697247706422018,0.5779816513761468,-0.981651376146789,0.48623853211009177,-0.7155963302752294,0.45871559633027525,-0.5229357798165137,0.3486238532110092,-0.7155963302752294,0.3669724770642202,-1.0,0.3119266055045872,-0.7339449541284404,0.28440366972477066,-0.5412844036697247,0.11926605504587157,-0.7431192660550459,0.1651376146788991,-0.963302752293578,0.14678899082568808,-0.7798165137614679,0.1559633027522936,-0.6146788990825688
1,0.0,0.0,0.509090909090909,-0.07272727272727272,0.8545454545454545,-0.2727272727272727,0.8363636363636363,-0.6454545454545455,0.6454545454545455,-0.7909090909090909,0.7454545454545455,-0.5818181818181818,0.8,-0.8909090909090909,0.6909090909090909,-0.7181818181818181,0.6454545454545455,-0.5454545454545454,0.5363636363636364,-0.6636363636363637,0.5636363636363636,-0.9727272727272728,0.4636363636363636,-0.7181818181818181,0.44545454545454544,-0.5181818181818182,0.35454545454545455,-0.7090909090909091,0.36363636363636365,-1.0,0.2909090909090909,-0.7454545454545455,0.2818181818181818,-0.5454545454545454,0.13636363636363635,-0.7363636363636363,0.16363636363636364,-0.9454545454545454,0.14545454545454545,-0.7727272727272727,0.15454545454545454,-0.6090909090909091
1,0.0,0.0,0.5045871559633027,-0.05504587155963303,0.8623853211009175,-0.26605504587155965,0.8440366972477065,-0.6422018348623854,0.6422018348623854,-0.7981651376146789,0.7339449541284404,-0.6055045871559633,0.7889908256880734,-0.908256880733945,0.6972477064220184,-0.7064220183486238,0.6605504587155964,-0.5412844036697247,0.5321100917431193,-0.6788990825688074,0.5504587155963303,-0.981651376146789,0.47706422018348627,-0.6972477064220184,0.46788990825688076,-0.5137614678899083,0.3302752293577982,-0.7155963302752294,0.3486238532110092,-1.0,0.29357798165137616,-0.7155963302752294,0.29357798165137616,-0.5229357798165137,0.11009174311926606,-0.7431192660550459,0.14678899082568808,-0.9541284403669725,0.13761467889908258,-0.7614678899082569,0.14678899082568808,-0.6055045871559633
1,0.0,0.0,0.5045871559633027,-0.06422018348623854,0.8532110091743119,-0.26605504587155965,0.8440366972477065,-0.6422018348623854,0.6513761467889908,-0.7889908256880734,0.7431192660550459,-0.6055045871559633,0.7981651376146789,-0.9174311926605505,0.6880733944954128,-0.7064220183486238,0.6422018348623854,-0.5504587155963303,0.5229357798165137,-0.6788990825688074,0.5412844036697247,-0.981651376146789,0.45871559633027525,-0.6880733944954128,0.45871559633027525,-0.5137614678899083,0.3302752293577982,-0.7247706422018348,0.3302752293577982,-1.0,0.27522935779816515,-0.7155963302752294,0.27522935779816515,-0.5321100917431193,0.11009174311926606,-0.7522935779816514,0.13761467889908258,-0.944954128440367,0.12844036697247707,-0.7522935779816514,0.13761467889908258,-0.5963302752293578
1,0.0,0.0,0.4954128440366973,-0.06422018348623854,0.8532110091743119,-0.27522935779816515,0.8165137614678899,-0.6513761467889908,0.6146788990825688,-0.8073394495412844,0.7431192660550459,-0.6146788990825688,0.7889908256880734,-0.9174311926605505,0.6788990825688074,-0.6788990825688074,0.6513761467889908,-0.5321100917431193,0.5229357798165137,-0.6788990825688074,0.5321100917431193,-0.981651376146789,0.45871559633027525,-0.6513761467889908,0.47706422018348627,-0.5137614678899083,0.3211009174311927,-0.7247706422018348,0.3119266055045872,-1.0,0.26605504587155965,-0.6880733944954128,0.28440366972477066,-0.5321100917431193,0.09174311926605505,-0.7614678899082569,0.11926605504587157,-0.9724770642201835,0.10091743119266056,-0.7522935779816514,0.11009174311926606,-0.6055045871559633
1,0.0,0.0,0.48148148148148145,-0.05555555555555555,0.8425925925925926,-0.25,0.8240740740740741,-0.6296296296296297,0.6388888888888888,-0.7962962962962963,0.7314814814814815,-0.6018518518518519,0.7314814814814815,-0.8888888888888888,0.6388888888888888,-0.6388888888888888,0.6388888888888888,-0.48148148148148145,0.5092592592592593,-0.6851851851851852,0.5092592592592593,-0.9722222222222222,0.4351851851851852,-0.6296296296296297,0.4444444444444444,-0.5,0.3148148148148148,-0.7407407407407407,0.3055555555555556,-1.0,0.25,-0.6666666666666666,0.25925925925925924,-0.5185185185185185,0.09259259259259259,-0.7685185185185185,0.10185185185185185,-0.9629629629629629,0.08333333333333333,-0.7129629629629629,0.09259259259259259,-0.5648148148148148
1,0.0,0.0,0.5,-0.04716981132075472,0.8679245283018868,-0.22641509433962265,0.8584905660377359,-0.6132075471698113,0.6792452830188679,-0.7924528301886793,0.7358490566037735,-0.5849056603773585,0.7358490566037735,-0.9245283018867925,0.6509433962264151,-0.6792452830188679,0.6415094339622641,-0.5,0.5094339622641509,-0.6698113207547169,0.5094339622641509,-0.9905660377358491,0.4339622641509434,-0.660377358490566,0.44339622641509435,-0.5,0.3018867924528302,-0.7169811320754716,0.29245283018867924,-1.0,0.2358490566037736,-0.6792452830188679,0.25471698113207547,-0.5188679245283019,0.07547169811320754,-0.7358490566037735,0.09433962264150944,-0.9622641509433962,0.08490566037735849,-0.7358490566037735,0.10377358490566038,-0.5660377358490566
1,0.0,0.0,0.4067796610169492,-0.11016949152542373,0.6779661016949152,-0.3559322033898305,0.6271186440677966,-0.6610169491525424,0.4830508474576271,-0.7966101694915254,0.4661016949152542,-0.6864406779661016,0.3983050847457627,-0.9576271186440678,0.3728813559322034,-0.7203389830508474,0.3898305084745763,-0.5423728813559322,0.2542372881355932,-0.7203389830508474,0.2033898305084746,-1.0,0.17796610169491525,-0.6864406779661016,0.211864406779661,-0.5254237288135594,0.059322033898305086,-0.7288135593220338,0.01694915254237288,-1.0,0.0,-0.7033898305084746,0.03389830508474576,-0.5338983050847458,-0.15254237288135594,-0.7033898305084746,-0.16101694915254236,-0.940677966101695,-0.1440677966101695,-0.7372881355932204,-0.11864406779661017,-0.5847457627118644
1,0.0,0.0,0.3629032258064516,-0.12903225806451613,0.6209677419354839,-0.3951612903225806,0.5564516129032258,-0.6854838709677419,0.4032258064516129,-0.8145161290322581,0.4112903225806452,-0.7016129032258065,0.3548387096774194,-0.967741935483871,0.3225806451612903,-0.7096774193548387,0.33064516129032256,-0.5645161290322581,0.20161290322580644,-0.7258064516129032,0.1532258064516129,-0.9919354838709677,0.14516129032258066,-0.6774193548387096,0.1774193548387097,-0.5483870967741935,0.016129032258064516,-0.7338709677419355,-0.024193548387096774,-1.0,-0.03225806451612903,-0.7016129032258065,0.008064516129032258,-0.5564516129032258,-0.1774193548387097,-0.7096774193548387,-0.20161290322580644,-0.9354838709677419,-0.1774193548387097,-0.7258064516129032,-0.14516129032258066,-0.5887096774193549
1,0.0,0.0,0.3709677419354839,-0.12096774193548387,0.6209677419354839,-0.3790322580645161,0.5645161290322581,-0.6854838709677419,0.43548387096774194,-0.8225806451612904,0.41935483870967744,-0.7016129032258065,0.3709677419354839,-0.9596774193548387,0.33064516129032256,-0.7096774193548387,0.3467741935483871,-0.5564516129032258,0.21774193548387097,-0.7338709677419355,0.1774193548387097,-0.9919354838709677,0.16129032258064516,-0.6774193548387096,0.18548387096774194,-0.5483870967741935,0.03225806451612903,-0.7338709677419355,-0.008064516129032258,-1.0,-0.008064516129032258,-0.6935483870967742,0.024193548387096774,-0.5564516129032258,-0.16129032258064516,-0.7096774193548387,-0.18548387096774194,-0.9435483870967742,-0.16129032258064516,-0.7258064516129032,-0.12096774193548387,-0.5887096774193549
1,0.0,0.0,0.4049586776859504,-0.09917355371900827,0.6859504132231405,-0.3305785123966942,0.6528925619834711,-0.6363636363636364,0.5289256198347108,-0.7768595041322314,0.48760330578512395,-0.6611570247933884,0.47107438016528924,-0.9421487603305785,0.4297520661157025,-0.7107438016528925,0.4214876033057851,-0.5454545454545454,0.2809917355371901,-0.7107438016528925,0.2809917355371901,-0.9917355371900827,0.23140495867768596,-0.6776859504132231,0.2396694214876033,-0.5289256198347108,0.09090909090909091,-0.7272727272727273,0.09917355371900827,-1.0,0.06611570247933884,-0.6942148760330579,0.0743801652892562,-0.5371900826446281,-0.11570247933884298,-0.7107438016528925,-0.09917355371900827,-0.9504132231404959,-0.09090909090909091,-0.7355371900826446,-0.0743801652892562,-0.5950413223140496
1,0.0,0.0,0.4065040650406504,-0.04878048780487805,0.7073170731707317,-0.2926829268292683,0.6747967479674797,-0.6097560975609756,0.5528455284552846,-0.7560975609756098,0.5203252032520326,-0.6504065040650406,0.5121951219512195,-0.9349593495934959,0.4634146341463415,-0.6991869918699187,0.45528455284552843,-0.5203252032520326,0.3008130081300813,-0.6910569105691057,0.3089430894308943,-0.983739837398374,0.25203252032520324,-0.6666666666666666,0.2601626016260163,-0.5040650406504065,0.10569105691056911,-0.7154471544715447,0.11382113821138211,-1.0,0.07317073170731707,-0.6991869918699187,0.08130081300813008,-0.5284552845528455,-0.10569105691056911,-0.7073170731707317,-0.08943089430894309,-0.943089430894309,-0.08130081300813008,-0.7398373983739838,-0.06504065040650407,-0.5934959349593496
1,0.0,0.0,0.416,-0.072,0.72,-0.28,0.672,-0.592,0.536,-0.744,0.52,-0.64,0.52,-0.912,0.464,-0.688,0.464,-0.512,0.304,-0.704,0.32,-0.976,0.248,-0.68,0.264,-0.52,0.112,-0.728,0.12,-1.0,0.064,-0.704,0.072,-0.552,-0.104,-0.72,-0.08,-0.952,-0.096,-0.752,-0.088,-0.616
1,0.0,0.0,0.4122137404580153,-0.07633587786259542,0.7099236641221374,-0.29770992366412213,0.6870229007633588,-0.5954198473282443,0.5648854961832062,-0.7480916030534351,0.5267175572519084,-0.6335877862595419,0.5190839694656488,-0.9236641221374046,0.4580152671755725,-0.7099236641221374,0.44274809160305345,-0.5267175572519084,0.31297709923664124,-0.6870229007633588,0.32061068702290074,-0.9847328244274809,0.25190839694656486,-0.6793893129770993,0.2595419847328244,-0.5190839694656488,0.11450381679389313,-0.7175572519083969,0.12213740458015267,-1.0,0.06870229007633588,-0.7022900763358778,0.07633587786259542,-0.5343511450381679,-0.10687022900763359,-0.7022900763358778,-0.08396946564885496,-0.9465648854961832,-0.08396946564885496,-0.7404580152671756,-0.06870229007633588,-0.5954198473282443
1,0.0,0.0,0.40145985401459855,-0.08759124087591241,0.6788321167883211,-0.30656934306569344,0.6423357664233577,-0.5912408759124088,0.5109489051094891,-0.7299270072992701,0.5109489051094891,-0.635036496350365,0.5036496350364964,-0.9124087591240876,0.44525547445255476,-0.7007299270072993,0.4233576642335766,-0.5328467153284672,0.291970802919708,-0.6861313868613139,0.30656934306569344,-0.9781021897810219,0.24087591240875914,-0.6861313868613139,0.24817518248175183,-0.5255474452554745,0.10218978102189781,-0.7007299270072993,0.11678832116788321,-1.0,0.06569343065693431,-0.708029197080292,0.08029197080291971,-0.5474452554744526,-0.10948905109489052,-0.6861313868613139,-0.08759124087591241,-0.9343065693430657,-0.08759124087591241,-0.7372262773722628,-0.06569343065693431,-0.5912408759124088
1,0.0,0.0,0.40601503759398494,-0.09022556390977443,0.6917293233082706,-0.2932330827067669,0.6466165413533834,-0.6015037593984962,0.5112781954887218,-0.7744360902255639,0.5037593984962406,-0.631578947368421,0.518796992481203,-0.9022556390977443,0.47368421052631576,-0.706766917293233,0.45112781954887216,-0.5263157894736842,0.3007518796992481,-0.6842105263157895,0.3233082706766917,-0.9699248120300752,0.2631578947368421,-0.6842105263157895,0.24812030075187969,-0.5037593984962406,0.10526315789473684,-0.7142857142857143,0.12781954887218044,-1.0,0.08270676691729323,-0.7142857142857143,0.06766917293233082,-0.5413533834586466,-0.10526315789473684,-0.6992481203007519,-0.07518796992481203,-0.9398496240601504,-0.07518796992481203,-0.7443609022556391,-0.06766917293233082,-0.5939849624060151
1,0.0,0.0,0.39344262295081966,-0.07377049180327869,0.6885245901639344,-0.30327868852459017,0.6475409836065574,-0.6229508196721312,0.5163934426229508,-0.7868852459016393,0.4672131147540984,-0.6557377049180327,0.47540983606557374,-0.9098360655737705,0.4426229508196721,-0.6885245901639344,0.4426229508196721,-0.5163934426229508,0.26229508196721313,-0.7131147540983607,0.26229508196721313,-0.9754098360655737,0.22131147540983606,-0.6721311475409836,0.22131147540983606,-0.5163934426229508,0.05737704918032787,-0.7295081967213115,0.06557377049180328,-1.0,0.03278688524590164,-0.6967213114754098,0.03278688524590164,-0.5409836065573771,-0.16393442622950818,-0.7131147540983607,-0.13934426229508196,-0.9344262295081968,-0.13114754098360656,-0.7295081967213115,-0.12295081967213115,-0.5983606557377049
1,0.0,0.0,0.39669421487603307,-0.08264462809917356,0.6694214876033058,-0.32231404958677684,0.6115702479338843,-0.6363636363636364,0.4793388429752066,-0.7933884297520661,0.47107438016528924,-0.6859504132231405,0.45454545454545453,-0.9256198347107438,0.4214876033057851,-0.6859504132231405,0.4132231404958678,-0.5206611570247934,0.24793388429752067,-0.7272727272727273,0.2396694214876033,-0.9917355371900827,0.2066115702479339,-0.6694214876033058,0.21487603305785125,-0.5041322314049587,0.04132231404958678,-0.7355371900826446,0.03305785123966942,-1.0,0.01652892561983471,-0.6776859504132231,0.024793388429752067,-0.5206611570247934,-0.18181818181818182,-0.7024793388429752,-0.15702479338842976,-0.9256198347107438,-0.1487603305785124,-0.7107438016528925,-0.14049586776859505,-0.5702479338842975
1,0.0,0.0,0.3821138211382114,-0.0975609756097561,0.6422764227642277,-0.35772357723577236,0.5691056910569106,-0.6585365853658537,0.42276422764227645,-0.7967479674796748,0.43089430894308944,-0.6991869918699187,0.4065040650406504,-0.943089430894309,0.37398373983739835,-0.6991869918699187,0.3902439024390244,-0.5365853658536586,0.21951219512195122,-0.7317073170731707,0.1951219512195122,-0.975609756097561,0.17886178861788618,-0.6585365853658537,0.1951219512195122,-0.5203252032520326,0.016260162601626018,-0.7317073170731707,0.0,-1.0,-0.008130081300813009,-0.6747967479674797,0.008130081300813009,-0.5284552845528455,-0.1951219512195122,-0.6910569105691057,-0.1951219512195122,-0.9024390243902439,-0.17886178861788618,-0.6829268292682927,-0.15447154471544716,-0.5528455284552846
1,0.0,0.0,0.371900826446281,-0.09090909090909091,0.6446280991735537,-0.36363636363636365,0.5619834710743802,-0.6694214876033058,0.4132231404958678,-0.8099173553719008,0.4297520661157025,-0.7024793388429752,0.4049586776859504,-0.9669421487603306,0.36363636363636365,-0.7024793388429752,0.38016528925619836,-0.5537190082644629,0.2066115702479339,-0.7272727272727273,0.19008264462809918,-0.9834710743801653,0.17355371900826447,-0.6611570247933884,0.18181818181818182,-0.5371900826446281,0.0,-0.71900826446281,-0.01652892561983471,-1.0,-0.01652892561983471,-0.6776859504132231,0.0,-0.5371900826446281,-0.21487603305785125,-0.6859504132231405,-0.21487603305785125,-0.8925619834710744,-0.19834710743801653,-0.6694214876033058,-0.18181818181818182,-0.5619834710743802
1,0.0,0.0,0.3548387096774194,-0.10483870967741936,0.6129032258064516,-0.3790322580645161,0.5403225806451613,-0.6774193548387096,0.3790322580645161,-0.7983870967741935,0.4032258064516129,-0.717741935483871,0.3870967741935484,-0.9758064516129032,0.3548387096774194,-0.7096774193548387,0.3548387096774194,-0.5645161290322581,0.18548387096774194,-0.7338709677419355,0.1774193548387097,-0.9838709677419355,0.1693548387096774,-0.6693548387096774,0.1693548387096774,-0.5483870967741935,-0.016129032258064516,-0.7258064516129032,-0.024193548387096774,-1.0,-0.016129032258064516,-0.6774193548387096,0.0,-0.5483870967741935,-0.22580645161290322,-0.6935483870967742,-0.22580645161290322,-0.9032258064516129,-0.1935483870967742,-0.6854838709677419,-0.1774193548387097,-0.5806451612903226
1,0.0,0.0,0.3492063492063492,-0.11904761904761904,0.6031746031746031,-0.3968253968253968,0.5238095238095238,-0.6904761904761905,0.373015873015873,-0.8095238095238095,0.3968253968253968,-0.7222222222222222,0.3888888888888889,-0.9682539682539683,0.35714285714285715,-0.7142857142857143,0.36507936507936506,-0.5793650793650794,0.18253968253968253,-0.746031746031746,0.16666666666666666,-0.9841269841269841,0.15873015873015872,-0.6746031746031746,0.1746031746031746,-0.5714285714285714,-0.015873015873015872,-0.7380952380952381,-0.031746031746031744,-1.0,-0.023809523809523808,-0.6825396825396826,-0.007936507936507936,-0.5634920634920635,-0.23015873015873015,-0.6984126984126984,-0.23015873015873015,-0.8968253968253969,-0.1984126984126984,-0.6825396825396826,-0.18253968253968253,-0.5873015873015873
1,0.0,0.0,0.34375,-0.1484375,0.59375,-0.421875,0.53125,-0.6875,0.359375,-0.796875,0.3828125,-0.734375,0.390625,-1.0,0.3671875,-0.7421875,0.359375,-0.5859375,0.1796875,-0.7578125,0.1875,-0.9921875,0.1796875,-0.6953125,0.1640625,-0.5703125,-0.015625,-0.75,-0.015625,-1.0,0.0,-0.7109375,-0.0078125,-0.578125,-0.21875,-0.7109375,-0.203125,-0.921875,-0.1640625,-0.7109375,-0.1640625,-0.6015625
1,0.0,0.0,0.3282442748091603,-0.1450381679389313,0.549618320610687,-0.4198473282442748,0.5038167938931297,-0.7022900763358778,0.33587786259541985,-0.8320610687022901,0.3435114503816794,-0.7175572519083969,0.3511450381679389,-0.9541984732824428,0.35877862595419846,-0.732824427480916,0.366412213740458,-0.5877862595419847,0.16030534351145037,-0.7404580152671756,0.16793893129770993,-0.9770992366412213,0.183206106870229,-0.7175572519083969,0.16793893129770993,-0.5877862595419847,-0.022900763358778626,-0.732824427480916,-0.022900763358778626,-1.0,0.015267175572519083,-0.7251908396946565,0.015267175572519083,-0.5801526717557252,-0.22900763358778625,-0.6946564885496184,-0.20610687022900764,-0.9083969465648855,-0.15267175572519084,-0.7251908396946565,-0.13740458015267176,-0.6030534351145038
1,0.0,0.0,0.3308270676691729,-0.11278195488721804,0.5639097744360902,-0.41353383458646614,0.49624060150375937,-0.6992481203007519,0.3458646616541353,-0.8120300751879699,0.3458646616541353,-0.7293233082706767,0.3684210526315789,-0.9774436090225563,0.3609022556390977,-0.7142857142857143,0.3383458646616541,-0.5639097744360902,0.15037593984962405,-0.7443609022556391,0.18796992481203006,-0.9849624060150376,0.18796992481203006,-0.6691729323308271,0.15037593984962405,-0.5488721804511278,-0.03759398496240601,-0.7293233082706767,-0.015037593984962405,-1.0,0.015037593984962405,-0.6842105263157895,-0.007518796992481203,-0.5488721804511278,-0.24812030075187969,-0.6842105263157895,-0.21052631578947367,-0.9022556390977443,-0.15789473684210525,-0.6992481203007519,-0.15789473684210525,-0.5864661654135338
1,0.0,0.0,0.3333333333333333,-0.14728682170542637,0.5658914728682171,-0.43410852713178294,0.5038759689922481,-0.689922480620155,0.32558139534883723,-0.7984496124031008,0.3488372093023256,-0.751937984496124,0.3643410852713178,-0.9767441860465116,0.35658914728682173,-0.7596899224806202,0.3488372093023256,-0.627906976744186,0.15503875968992248,-0.7751937984496124,0.15503875968992248,-0.9922480620155039,0.15503875968992248,-0.7364341085271318,0.15503875968992248,-0.6124031007751938,-0.031007751937984496,-0.7674418604651163,-0.05426356589147287,-1.0,-0.015503875968992248,-0.7441860465116279,0.0,-0.6124031007751938,-0.23255813953488372,-0.7286821705426356,-0.23255813953488372,-0.9147286821705426,-0.18604651162790697,-0.7286821705426356,-0.17054263565891473,-0.6046511627906976
1,0.0,0.0,0.35877862595419846,-0.15267175572519084,0.5954198473282443,-0.42748091603053434,0.5343511450381679,-0.6793893129770993,0.366412213740458,-0.7938931297709924,0.366412213740458,-0.7404580152671756,0.37404580152671757,-0.9694656488549618,0.35877862595419846,-0.7557251908396947,0.35877862595419846,-0.6106870229007634,0.183206106870229,-0.7557251908396947,0.15267175572519084,-1.0,0.16030534351145037,-0.7557251908396947,0.17557251908396945,-0.6030534351145038,0.007633587786259542,-0.7404580152671756,-0.03816793893129771,-0.9847328244274809,0.0,-0.7480916030534351,0.022900763358778626,-0.6030534351145038,-0.17557251908396945,-0.6946564885496184,-0.1984732824427481,-0.8931297709923665,-0.1450381679389313,-0.7251908396946565,-0.11450381679389313,-0.5954198473282443
1,0.0,0.0,0.3770491803278688,-0.09836065573770492,0.6557377049180327,-0.36885245901639346,0.5737704918032787,-0.6885245901639344,0.4180327868852459,-0.8278688524590164,0.45901639344262296,-0.7049180327868853,0.4016393442622951,-0.9836065573770492,0.36065573770491804,-0.7213114754098361,0.39344262295081966,-0.5737704918032787,0.22950819672131148,-0.7295081967213115,0.18032786885245902,-0.9918032786885246,0.1557377049180328,-0.6721311475409836,0.19672131147540983,-0.5573770491803278,0.02459016393442623,-0.7377049180327869,-0.02459016393442623,-1.0,-0.03278688524590164,-0.680327868852459,0.01639344262295082,-0.5655737704918032,-0.1721311475409836,-0.7131147540983607,-0.20491803278688525,-0.9180327868852459,-0.19672131147540983,-0.6967213114754098,-0.16393442622950818,-0.5819672131147541
1,0.0,0.0,0.359375,-0.1171875,0.6171875,-0.390625,0.5390625,-0.6875,0.3984375,-0.828125,0.4296875,-0.71875,0.3828125,-0.984375,0.3359375,-0.734375,0.34375,-0.578125,0.21875,-0.7421875,0.171875,-1.0,0.15625,-0.6875,0.1875,-0.5625,0.0234375,-0.7421875,-0.0234375,-1.0,-0.0234375,-0.6953125,0.015625,-0.5625,-0.171875,-0.71875,-0.203125,-0.9296875,-0.1875,-0.71875,-0.1484375,-0.5859375
1,0.0,0.0,0.36923076923076925,-0.12307692307692308,0.6307692307692307,-0.38461538461538464,0.5307692307692308,-0.6846153846153846,0.36923076923076925,-0.8076923076923077,0.4461538461538462,-0.7076923076923077,0.4076923076923077,-0.9846153846153847,0.35384615384615387,-0.7307692307692307,0.36153846153846153,-0.5846153846153846,0.23076923076923078,-0.7307692307692307,0.2,-0.9923076923076923,0.16923076923076924,-0.676923076923077,0.19230769230769232,-0.5615384615384615,0.046153846153846156,-0.7384615384615385,0.007692307692307693,-1.0,-0.007692307692307693,-0.6923076923076923,0.03076923076923077,-0.5692307692307692,-0.14615384615384616,-0.7153846153846154,-0.16923076923076924,-0.9307692307692308,-0.15384615384615385,-0.7153846153846154,-0.11538461538461539,-0.5923076923076923
1,0.0,0.0,0.3671875,-0.125,0.640625,-0.390625,0.546875,-0.6875,0.3828125,-0.8125,0.4609375,-0.71875,0.4296875,-0.9921875,0.3671875,-0.734375,0.3671875,-0.578125,0.2421875,-0.7421875,0.21875,-1.0,0.1796875,-0.6796875,0.203125,-0.5625,0.046875,-0.75,0.015625,-1.0,0.0,-0.6953125,0.0234375,-0.5703125,-0.15625,-0.71875,-0.1640625,-0.9375,-0.1484375,-0.71875,-0.125,-0.59375
1,0.0,0.0,0.3779527559055118,-0.12598425196850394,0.6377952755905512,-0.3858267716535433,0.5590551181102362,-0.6850393700787402,0.4251968503937008,-0.8267716535433071,0.4566929133858268,-0.7007874015748031,0.4330708661417323,-0.9606299212598425,0.3700787401574803,-0.7244094488188977,0.3700787401574803,-0.5590551181102362,0.23622047244094488,-0.7401574803149606,0.2204724409448819,-1.0,0.18110236220472442,-0.6929133858267716,0.1968503937007874,-0.5511811023622047,0.031496062992125984,-0.7401574803149606,0.015748031496062992,-1.0,-0.007874015748031496,-0.7007874015748031,0.015748031496062992,-0.5590551181102362,-0.18110236220472442,-0.7007874015748031,-0.18110236220472442,-0.9291338582677166,-0.1732283464566929,-0.7244094488188977,-0.14960629921259844,-0.6062992125984252
1,0.0,0.0,0.36923076923076925,-0.1076923076923077,0.6307692307692307,-0.36923076923076925,0.5846153846153846,-0.676923076923077,0.47692307692307695,-0.8307692307692308,0.43846153846153846,-0.7,0.4230769230769231,-0.9538461538461539,0.3769230769230769,-0.7230769230769231,0.36153846153846153,-0.5538461538461539,0.23076923076923078,-0.7307692307692307,0.2153846153846154,-0.9846153846153847,0.18461538461538463,-0.676923076923077,0.19230769230769232,-0.5230769230769231,0.038461538461538464,-0.7384615384615385,0.023076923076923078,-1.0,0.007692307692307693,-0.6846153846153846,0.023076923076923078,-0.5307692307692308,-0.16923076923076924,-0.7,-0.16923076923076924,-0.9153846153846154,-0.15384615384615385,-0.7,-0.13076923076923078,-0.5692307692307692
1,0.0,0.0,0.37209302325581395,-0.10077519379844961,0.627906976744186,-0.3643410852713178,0.5736434108527132,-0.6744186046511628,0.43410852713178294,-0.8217054263565892,0.43410852713178294,-0.6976744186046512,0.4263565891472868,-0.9612403100775194,0.3798449612403101,-0.7209302325581395,0.3643410852713178,-0.5503875968992248,0.2248062015503876,-0.7364341085271318,0.20930232558139536,-0.9844961240310077,0.18604651162790697,-0.6666666666666666,0.18604651162790697,-0.5271317829457365,0.023255813953488372,-0.7364341085271318,0.015503875968992248,-1.0,0.0,-0.6821705426356589,0.015503875968992248,-0.5271317829457365,-0.18604651162790697,-0.6976744186046512,-0.17829457364341086,-0.9147286821705426,-0.15503875968992248,-0.6976744186046512,-0.13953488372093023,-0.5736434108527132
1,0.0,0.0,0.4,-0.08333333333333333,0.6916666666666667,-0.3333333333333333,0.6416666666666667,-0.6416666666666667,0.48333333333333334,-0.7666666666666667,0.475,-0.6916666666666667,0.45,-0.95,0.4166666666666667,-0.725,0.4166666666666667,-0.5416666666666666,0.24166666666666667,-0.7333333333333333,0.23333333333333334,-1.0,0.2,-0.6916666666666667,0.20833333333333334,-0.525,0.025,-0.7333333333333333,0.008333333333333333,-1.0,0.0,-0.7,0.016666666666666666,-0.5333333333333333,-0.2,-0.7,-0.2,-0.925,-0.18333333333333332,-0.7166666666666667,-0.15833333333333333,-0.575
1,0.0,0.0,0.4065040650406504,-0.08943089430894309,0.6910569105691057,-0.3333333333333333,0.6422764227642277,-0.6341463414634146,0.5121951219512195,-0.7804878048780488,0.45528455284552843,-0.6829268292682927,0.4634146341463415,-0.9512195121951219,0.43089430894308944,-0.7235772357723578,0.42276422764227645,-0.5365853658536586,0.23577235772357724,-0.7235772357723578,0.25203252032520324,-1.0,0.21138211382113822,-0.6910569105691057,0.2032520325203252,-0.5284552845528455,0.032520325203252036,-0.7235772357723578,0.04065040650406504,-0.991869918699187,0.016260162601626018,-0.6910569105691057,0.024390243902439025,-0.5365853658536586,-0.1951219512195122,-0.6829268292682927,-0.17886178861788618,-0.9024390243902439,-0.16260162601626016,-0.6991869918699187,-0.15447154471544716,-0.5772357723577236
1,0.0,0.0,0.3953488372093023,-0.09302325581395349,0.6744186046511628,-0.3333333333333333,0.6124031007751938,-0.6201550387596899,0.46511627906976744,-0.7596899224806202,0.46511627906976744,-0.6821705426356589,0.46511627906976744,-0.937984496124031,0.43410852713178294,-0.7286821705426356,0.4186046511627907,-0.5426356589147286,0.24031007751937986,-0.7209302325581395,0.24806201550387597,-0.9922480620155039,0.21705426356589147,-0.6976744186046512,0.21705426356589147,-0.5193798449612403,0.023255813953488372,-0.7131782945736435,0.03875968992248062,-1.0,0.031007751937984496,-0.6976744186046512,0.031007751937984496,-0.5193798449612403,-0.20155038759689922,-0.6744186046511628,-0.17829457364341086,-0.9147286821705426,-0.15503875968992248,-0.7054263565891473,-0.13953488372093023,-0.5581395348837209
1,0.0,0.0,0.36764705882352944,-0.07352941176470588,0.6544117647058824,-0.3235294117647059,0.625,-0.6397058823529411,0.4485294117647059,-0.8088235294117647,0.4632352941176471,-0.6617647058823529,0.5,-0.9044117647058824,0.4632352941176471,-0.6764705882352942,0.4411764705882353,-0.5073529411764706,0.2647058823529412,-0.7205882352941176,0.29411764705882354,-0.9852941176470589,0.2647058823529412,-0.6911764705882353,0.22794117647058823,-0.5147058823529411,0.058823529411764705,-0.7426470588235294,0.08823529411764706,-1.0,0.07352941176470588,-0.7132352941176471,0.04411764705882353,-0.5441176470588235,-0.16176470588235295,-0.7205882352941176,-0.125,-0.9338235294117647,-0.10294117647058823,-0.7352941176470589,-0.11029411764705882,-0.5955882352941176
1,0.0,0.0,0.37681159420289856,-0.10144927536231885,0.644927536231884,-0.35507246376811596,0.6159420289855072,-0.644927536231884,0.463768115942029,-0.7971014492753623,0.39855072463768115,-0.6666666666666666,0.45652173913043476,-0.8913043478260869,0.45652173913043476,-0.6884057971014492,0.41304347826086957,-0.5072463768115942,0.21739130434782608,-0.717391304347826,0.2826086956521739,-0.9710144927536232,0.26811594202898553,-0.7028985507246377,0.21739130434782608,-0.5144927536231884,0.036231884057971016,-0.7318840579710145,0.08695652173913043,-1.0,0.10144927536231885,-0.7318840579710145,0.06521739130434782,-0.5362318840579711,-0.17391304347826086,-0.717391304347826,-0.10869565217391304,-0.9492753623188406,-0.057971014492753624,-0.7608695652173914,-0.06521739130434782,-0.6014492753623188
1,0.0,0.0,0.352112676056338,-0.09859154929577464,0.6056338028169014,-0.323943661971831,0.5774647887323944,-0.6126760563380281,0.4507042253521127,-0.7887323943661971,0.36619718309859156,-0.6690140845070423,0.43661971830985913,-0.8873239436619719,0.4154929577464789,-0.676056338028169,0.3591549295774648,-0.49295774647887325,0.19014084507042253,-0.7112676056338029,0.2676056338028169,-0.971830985915493,0.23943661971830985,-0.676056338028169,0.176056338028169,-0.4859154929577465,0.014084507042253521,-0.7323943661971831,0.07746478873239436,-1.0,0.07042253521126761,-0.7112676056338029,0.014084507042253521,-0.5211267605633803,-0.20422535211267606,-0.7112676056338029,-0.14084507042253522,-0.9577464788732394,-0.09154929577464789,-0.7676056338028169,-0.09154929577464789,-0.6126760563380281
1,0.0,0.0,0.3422818791946309,-0.10738255033557047,0.5704697986577181,-0.3422818791946309,0.5369127516778524,-0.610738255033557,0.4161073825503356,-0.7919463087248322,0.348993288590604,-0.6778523489932886,0.4161073825503356,-0.8791946308724832,0.42953020134228187,-0.6778523489932886,0.37583892617449666,-0.5033557046979866,0.18120805369127516,-0.7181208053691275,0.2483221476510067,-0.9664429530201343,0.2550335570469799,-0.6912751677852349,0.19463087248322147,-0.4966442953020134,0.0,-0.7248322147651006,0.06040268456375839,-1.0,0.087248322147651,-0.7248322147651006,0.04697986577181208,-0.5234899328859061,-0.21476510067114093,-0.6912751677852349,-0.1476510067114094,-0.9463087248322147,-0.0738255033557047,-0.7718120805369127,-0.06711409395973154,-0.610738255033557
1,0.0,0.0,0.35333333333333333,-0.11333333333333333,0.58,-0.34,0.5333333333333333,-0.5933333333333334,0.41333333333333333,-0.7466666666666667,0.36,-0.66,0.4266666666666667,-0.8733333333333333,0.44666666666666666,-0.6866666666666666,0.4,-0.52,0.18666666666666668,-0.7066666666666667,0.26,-0.96,0.26666666666666666,-0.6933333333333334,0.2,-0.5066666666666667,0.0,-0.7266666666666667,0.07333333333333333,-1.0,0.09333333333333334,-0.72,0.03333333333333333,-0.5266666666666666,-0.22,-0.7,-0.14666666666666667,-0.9533333333333334,-0.08666666666666667,-0.7733333333333333,-0.10666666666666667,-0.6266666666666667
1,0.0,0.0,0.35526315789473684,-0.10526315789473684,0.5855263157894737,-0.34210526315789475,0.5526315789473685,-0.5723684210526315,0.46710526315789475,-0.7105263157894737,0.34868421052631576,-0.6513157894736842,0.4276315789473684,-0.875,0.4605263157894737,-0.6842105263157895,0.4144736842105263,-0.5131578947368421,0.17763157894736842,-0.6907894736842105,0.2631578947368421,-0.9605263157894737,0.26973684210526316,-0.6842105263157895,0.19736842105263158,-0.506578947368421,0.0,-0.7105263157894737,0.07894736842105263,-1.0,0.09868421052631579,-0.7171052631578947,0.02631578947368421,-0.5328947368421053,-0.2236842105263158,-0.6973684210526315,-0.13815789473684212,-0.9539473684210527,-0.07894736842105263,-0.7763157894736842,-0.10526315789473684,-0.631578947368421
1,0.0,0.0,0.358974358974359,-0.08333333333333333,0.6025641025641025,-0.3141025641025641,0.5448717948717948,-0.532051282051282,0.40384615384615385,-0.6282051282051282,0.3782051282051282,-0.6538461538461539,0.46794871794871795,-0.8846153846153846,0.5,-0.6794871794871795,0.44871794871794873,-0.5064102564102564,0.20512820512820512,-0.6923076923076923,0.3141025641025641,-0.967948717948718,0.32051282051282054,-0.6858974358974359,0.23717948717948717,-0.5064102564102564,0.02564102564102564,-0.7115384615384616,0.11538461538461539,-1.0,0.14102564102564102,-0.7115384615384616,0.0641025641025641,-0.532051282051282,-0.19230769230769232,-0.6987179487179487,-0.08974358974358974,-0.9358974358974359,-0.03205128205128205,-0.7435897435897436,-0.07051282051282051,-0.5961538461538461
1,0.0,0.0,0.34507042253521125,-0.14084507042253522,0.5563380281690141,-0.4014084507042254,0.5,-0.6549295774647887,0.4084507042253521,-0.8309859154929577,0.3380281690140845,-0.704225352112676,0.4084507042253521,-0.9225352112676056,0.4788732394366197,-0.704225352112676,0.4295774647887324,-0.5070422535211268,0.16901408450704225,-0.7112676056338029,0.2676056338028169,-1.0,0.33098591549295775,-0.6971830985915493,0.2676056338028169,-0.4859154929577465,-0.007042253521126761,-0.6901408450704225,0.11267605633802817,-0.9295774647887324,0.15492957746478872,-0.6197183098591549,0.08450704225352113,-0.4507042253521127,-0.21830985915492956,-0.6338028169014085,-0.07042253521126761,-0.823943661971831,-0.02112676056338028,-0.6267605633802817,-0.09154929577464789,-0.5
1,0.0,0.0,0.4016393442622951,-0.10655737704918032,0.6639344262295082,-0.4016393442622951,0.6475409836065574,-0.6885245901639344,0.5737704918032787,-0.860655737704918,0.39344262295081966,-0.7377049180327869,0.48360655737704916,-0.9918032786885246,0.5245901639344263,-0.7213114754098361,0.48360655737704916,-0.5163934426229508,0.1885245901639344,-0.7377049180327869,0.3114754098360656,-1.0,0.3360655737704918,-0.6229508196721312,0.26229508196721313,-0.45901639344262296,-0.01639344262295082,-0.7131147540983607,0.12295081967213115,-0.9016393442622951,0.13934426229508196,-0.5491803278688525,0.06557377049180328,-0.4262295081967213,-0.26229508196721313,-0.6557377049180327,-0.09836065573770492,-0.8278688524590164,-0.05737704918032787,-0.5901639344262295,-0.11475409836065574,-0.4918032786885246
1,0.0,0.0,0.40350877192982454,-0.07894736842105263,0.6666666666666666,-0.35964912280701755,0.631578947368421,-0.6666666666666666,0.5526315789473685,-0.8771929824561403,0.41228070175438597,-0.7280701754385965,0.5175438596491229,-1.0,0.5614035087719298,-0.7192982456140351,0.5,-0.5350877192982456,0.21052631578947367,-0.7280701754385965,0.35964912280701755,-0.9912280701754386,0.3684210526315789,-0.6052631578947368,0.2807017543859649,-0.4649122807017544,0.017543859649122806,-0.7105263157894737,0.17543859649122806,-0.8859649122807017,0.17543859649122806,-0.5263157894736842,0.07894736842105263,-0.42105263157894735,-0.21929824561403508,-0.6754385964912281,-0.043859649122807015,-0.8333333333333334,-0.008771929824561403,-0.5877192982456141,-0.08771929824561403,-0.5
1,0.0,0.0,0.38461538461538464,-0.07692307692307693,0.6495726495726496,-0.3504273504273504,0.5897435897435898,-0.6581196581196581,0.46153846153846156,-0.8376068376068376,0.42735042735042733,-0.6923076923076923,0.49572649572649574,-0.9572649572649573,0.5213675213675214,-0.7264957264957265,0.4700854700854701,-0.5299145299145299,0.23076923076923078,-0.7094017094017094,0.3162393162393162,-1.0,0.3333333333333333,-0.6666666666666666,0.27350427350427353,-0.46153846153846156,0.03418803418803419,-0.6923076923076923,0.13675213675213677,-0.9145299145299145,0.15384615384615385,-0.5811965811965812,0.09401709401709402,-0.4017094017094017,-0.19658119658119658,-0.6495726495726496,-0.06837606837606838,-0.8547008547008547,-0.017094017094017096,-0.6410256410256411,-0.06837606837606838,-0.5128205128205128
1,0.0,0.0,0.40540540540540543,-0.018018018018018018,0.7387387387387387,-0.26126126126126126,0.8018018018018018,-0.5585585585585585,0.6126126126126126,-0.6756756756756757,0.4864864864864865,-0.7027027027027027,0.5675675675675675,-0.9819819819819819,0.6036036036036037,-0.7747747747747747,0.5675675675675675,-0.5855855855855856,0.2882882882882883,-0.7387387387387387,0.3783783783783784,-1.0,0.3783783783783784,-0.6486486486486487,0.3063063063063063,-0.44144144144144143,0.06306306306306306,-0.7297297297297297,0.17117117117117117,-0.954954954954955,0.17117117117117117,-0.6126126126126126,0.11711711711711711,-0.44144144144144143,-0.1891891891891892,-0.6936936936936937,-0.05405405405405406,-0.8738738738738738,-0.018018018018018018,-0.6486486486486487,-0.05405405405405406,-0.5225225225225225
1,0.0,0.0,0.40816326530612246,0.08163265306122448,0.8163265306122449,-0.2755102040816326,0.9285714285714286,-0.7346938775510204,0.7551020408163265,-1.0,0.5816326530612245,-0.6632653061224489,0.6938775510204082,-0.8571428571428571,0.6428571428571429,-0.5510204081632653,0.5612244897959183,-0.4489795918367347,0.336734693877551,-0.7142857142857143,0.47959183673469385,-0.9387755102040817,0.41836734693877553,-0.5,0.3163265306122449,-0.41836734693877553,0.11224489795918367,-0.7244897959183674,0.23469387755102042,-0.9183673469387755,0.20408163265306123,-0.47959183673469385,0.10204081632653061,-0.3877551020408163,-0.15306122448979592,-0.7448979591836735,-0.030612244897959183,-0.8571428571428571,-0.02040816326530612,-0.5714285714285714,-0.10204081632653061,-0.5102040816326531
1,0.0,0.0,0.3939393939393939,0.08080808080808081,0.7474747474747475,-0.30303030303030304,0.7575757575757576,-0.7575757575757576,0.5353535353535354,-1.0,0.5858585858585859,-0.6060606060606061,0.7272727272727273,-0.797979797979798,0.6666666666666666,-0.5252525252525253,0.5555555555555556,-0.45454545454545453,0.3434343434343434,-0.6868686868686869,0.48484848484848486,-0.9090909090909091,0.43434343434343436,-0.494949494949495,0.30303030303030304,-0.42424242424242425,0.1111111111111111,-0.7070707070707071,0.24242424242424243,-0.9292929292929293,0.2222222222222222,-0.5050505050505051,0.10101010101010101,-0.42424242424242425,-0.1717171717171717,-0.7373737373737373,-0.020202020202020204,-0.8484848484848485,-0.010101010101010102,-0.5656565656565656,-0.10101010101010101,-0.5151515151515151
1,0.0,0.0,0.39215686274509803,0.0,0.7450980392156863,-0.3431372549019608,0.7549019607843137,-0.7745098039215687,0.5098039215686274,-1.0,0.6078431372549019,-0.6372549019607843,0.7549019607843137,-0.8529411764705882,0.6764705882352942,-0.5980392156862745,0.5686274509803921,-0.5098039215686274,0.37254901960784315,-0.7156862745098039,0.5098039215686274,-0.9509803921568627,0.4411764705882353,-0.5588235294117647,0.3333333333333333,-0.47058823529411764,0.13725490196078433,-0.7450980392156863,0.2647058823529412,-0.9607843137254902,0.22549019607843138,-0.5588235294117647,0.12745098039215685,-0.46078431372549017,-0.13725490196078433,-0.7549019607843137,0.00980392156862745,-0.8921568627450981,0.00980392156862745,-0.6274509803921569,-0.058823529411764705,-0.5686274509803921
1,0.0,0.0,0.39215686274509803,0.0392156862745098,0.7549019607843137,-0.3235294117647059,0.7549019607843137,-0.7745098039215687,0.5196078431372549,-1.0,0.6078431372549019,-0.6078431372549019,0.7352941176470589,-0.8333333333333334,0.6666666666666666,-0.5686274509803921,0.5784313725490197,-0.47058823529411764,0.37254901960784315,-0.6862745098039216,0.5,-0.9215686274509803,0.43137254901960786,-0.5294117647058824,0.3431372549019608,-0.4411764705882353,0.14705882352941177,-0.7156862745098039,0.2549019607843137,-0.9313725490196079,0.23529411764705882,-0.5196078431372549,0.13725490196078433,-0.4215686274509804,-0.12745098039215685,-0.7352941176470589,0.0,-0.8627450980392157,0.0196078431372549,-0.5882352941176471,-0.049019607843137254,-0.5294117647058824
1,0.0,0.0,0.40816326530612246,0.04081632653061224,0.7755102040816326,-0.3163265306122449,0.7755102040816326,-0.7755102040816326,0.5510204081632653,-1.0,0.6122448979591837,-0.6224489795918368,0.7346938775510204,-0.8571428571428571,0.6836734693877551,-0.5714285714285714,0.5918367346938775,-0.45918367346938777,0.37755102040816324,-0.7040816326530612,0.5,-0.9285714285714286,0.4489795918367347,-0.5204081632653061,0.3469387755102041,-0.4489795918367347,0.14285714285714285,-0.7244897959183674,0.25510204081632654,-0.9387755102040817,0.23469387755102042,-0.5204081632653061,0.14285714285714285,-0.42857142857142855,-0.1326530612244898,-0.7448979591836735,0.0,-0.8571428571428571,0.01020408163265306,-0.5816326530612245,-0.05102040816326531,-0.5306122448979592
1,0.0,0.0,0.43478260869565216,-0.021739130434782608,0.7934782608695652,-0.3695652173913043,0.8043478260869565,-0.8043478260869565,0.5652173913043478,-1.0,0.5978260869565217,-0.6739130434782609,0.717391304347826,-0.9021739130434783,0.717391304347826,-0.6304347826086957,0.6521739130434783,-0.5108695652173914,0.3695652173913043,-0.7282608695652174,0.45652173913043476,-0.967391304347826,0.45652173913043476,-0.6086956521739131,0.3804347826086957,-0.5,0.13043478260869565,-0.7391304347826086,0.21739130434782608,-0.9456521739130435,0.2391304347826087,-0.5869565217391305,0.18478260869565216,-0.4782608695652174,-0.14130434782608695,-0.7282608695652174,-0.021739130434782608,-0.8804347826086957,0.021739130434782608,-0.6413043478260869,-0.021739130434782608,-0.532608695652174
1,0.0,0.0,0.425531914893617,-0.031914893617021274,0.7659574468085106,-0.3723404255319149,0.7446808510638298,-0.8085106382978723,0.48936170212765956,-1.0,0.6595744680851063,-0.6170212765957447,0.7553191489361702,-0.8829787234042553,0.6914893617021277,-0.6382978723404256,0.6170212765957447,-0.48936170212765956,0.4148936170212766,-0.6914893617021277,0.43617021276595747,-0.9361702127659575,0.40425531914893614,-0.5851063829787234,0.3617021276595745,-0.4574468085106383,0.1702127659574468,-0.7127659574468085,0.19148936170212766,-0.9361702127659575,0.19148936170212766,-0.574468085106383,0.1595744680851064,-0.43617021276595747,-0.09574468085106383,-0.7021276595744681,-0.0425531914893617,-0.8617021276595744,-0.031914893617021274,-0.6063829787234043,-0.05319148936170213,-0.5
1,0.0,0.0,0.3979591836734694,-0.01020408163265306,0.7346938775510204,-0.3469387755102041,0.6836734693877551,-0.7857142857142857,0.42857142857142855,-1.0,0.673469387755102,-0.5816326530612245,0.7653061224489796,-0.8877551020408163,0.6632653061224489,-0.6224489795918368,0.5918367346938775,-0.47959183673469385,0.42857142857142855,-0.6530612244897959,0.46938775510204084,-0.9183673469387755,0.3979591836734694,-0.5306122448979592,0.35714285714285715,-0.4387755102040816,0.1836734693877551,-0.6836734693877551,0.20408163265306123,-0.9183673469387755,0.16326530612244897,-0.5204081632653061,0.14285714285714285,-0.41836734693877553,-0.09183673469387756,-0.7040816326530612,-0.04081632653061224,-0.8469387755102041,-0.04081632653061224,-0.5816326530612245,-0.07142857142857142,-0.5
1,0.0,0.0,0.39,-0.08,0.7,-0.4,0.64,-0.8,0.39,-0.97,0.59,-0.71,0.68,-0.96,0.64,-0.68,0.6,-0.56,0.35,-0.75,0.4,-1.0,0.4,-0.64,0.37,-0.54,0.12,-0.73,0.15,-0.95,0.18,-0.59,0.16,-0.48,-0.15,-0.68,-0.08,-0.85,-0.03,-0.6,-0.05,-0.5
1,0.0,0.0,0.36363636363636365,-0.1,0.6363636363636364,-0.41818181818181815,0.6,-0.7818181818181819,0.4,-0.9181818181818182,0.5,-0.7727272727272727,0.5545454545454546,-1.0,0.5363636363636364,-0.7272727272727273,0.5,-0.6,0.2818181818181818,-0.7727272727272727,0.3,-0.990909090909091,0.3181818181818182,-0.6545454545454545,0.2909090909090909,-0.5454545454545454,0.06363636363636363,-0.7272727272727273,0.08181818181818182,-0.9090909090909091,0.13636363636363635,-0.5818181818181818,0.10909090909090909,-0.4818181818181818,-0.17272727272727273,-0.6545454545454545,-0.10909090909090909,-0.7909090909090909,-0.045454545454545456,-0.5727272727272728,-0.06363636363636363,-0.4818181818181818
1,0.0,0.0,0.37142857142857144,-0.12380952380952381,0.6476190476190476,-0.41904761904761906,0.5428571428571428,-0.7714285714285715,0.2857142857142857,-0.8761904761904762,0.5333333333333333,-0.7238095238095238,0.5619047619047619,-1.0,0.5047619047619047,-0.7428571428571429,0.5047619047619047,-0.6285714285714286,0.29523809523809524,-0.7619047619047619,0.29523809523809524,-1.0,0.2857142857142857,-0.6666666666666666,0.29523809523809524,-0.6,0.06666666666666667,-0.7428571428571429,0.047619047619047616,-0.9523809523809523,0.0761904761904762,-0.6190476190476191,0.08571428571428572,-0.5523809523809524,-0.18095238095238095,-0.6857142857142857,-0.1619047619047619,-0.8285714285714286,-0.11428571428571428,-0.6190476190476191,-0.11428571428571428,-0.5523809523809524
1,0.0,0.0,0.4166666666666667,-0.041666666666666664,0.7708333333333334,-0.34375,0.71875,-0.7395833333333334,0.3958333333333333,-0.7708333333333334,0.59375,-0.7083333333333334,0.6354166666666666,-0.9895833333333334,0.5729166666666666,-0.6979166666666666,0.5520833333333334,-0.5520833333333334,0.3541666666666667,-0.7395833333333334,0.375,-1.0,0.34375,-0.6354166666666666,0.3229166666666667,-0.53125,0.125,-0.7291666666666666,0.11458333333333333,-0.96875,0.125,-0.6145833333333334,0.11458333333333333,-0.5,-0.13541666666666666,-0.7083333333333334,-0.11458333333333333,-0.8854166666666666,-0.08333333333333333,-0.6354166666666666,-0.09375,-0.5416666666666666
1,0.0,0.0,0.43157894736842106,-0.031578947368421054,0.7894736842105263,-0.3368421052631579,0.7368421052631579,-0.7263157894736842,0.43157894736842106,-0.7684210526315789,0.6105263157894737,-0.7052631578947368,0.6421052631578947,-0.968421052631579,0.5894736842105263,-0.6842105263157895,0.5684210526315789,-0.5473684210526316,0.37894736842105264,-0.7473684210526316,0.37894736842105264,-1.0,0.35789473684210527,-0.6210526315789474,0.3368421052631579,-0.5157894736842106,0.1368421052631579,-0.7368421052631579,0.12631578947368421,-0.9789473684210527,0.14736842105263157,-0.6,0.12631578947368421,-0.49473684210526314,-0.1368421052631579,-0.7052631578947368,-0.10526315789473684,-0.8736842105263158,-0.07368421052631578,-0.6210526315789474,-0.08421052631578947,-0.5263157894736842
1,0.0,0.0,0.42391304347826086,-0.021739130434782608,0.8152173913043478,-0.32608695652173914,0.782608695652174,-0.7282608695652174,0.4673913043478261,-0.7934782608695652,0.6413043478260869,-0.6956521739130435,0.6739130434782609,-0.967391304347826,0.6086956521739131,-0.6847826086956522,0.5869565217391305,-0.532608695652174,0.40217391304347827,-0.75,0.41304347826086957,-1.0,0.3695652173913043,-0.6195652173913043,0.34782608695652173,-0.4891304347826087,0.15217391304347827,-0.75,0.15217391304347827,-0.9891304347826086,0.15217391304347827,-0.6086956521739131,0.13043478260869565,-0.4673913043478261,-0.11956521739130435,-0.7282608695652174,-0.09782608695652174,-0.9021739130434783,-0.06521739130434782,-0.6413043478260869,-0.07608695652173914,-0.5217391304347826
1,0.0,0.0,0.43478260869565216,0.0,0.8369565217391305,-0.31521739130434784,0.8043478260869565,-0.7391304347826086,0.4673913043478261,-0.7934782608695652,0.6630434782608695,-0.6847826086956522,0.7065217391304348,-0.9565217391304348,0.6413043478260869,-0.6521739130434783,0.6086956521739131,-0.5108695652173914,0.41304347826086957,-0.7391304347826086,0.43478260869565216,-1.0,0.40217391304347827,-0.5978260869565217,0.3695652173913043,-0.4782608695652174,0.16304347826086957,-0.75,0.16304347826086957,-0.9891304347826086,0.17391304347826086,-0.5760869565217391,0.15217391304347827,-0.45652173913043476,-0.11956521739130435,-0.7282608695652174,-0.08695652173913043,-0.9021739130434783,-0.05434782608695652,-0.6304347826086957,-0.07608695652173914,-0.532608695652174
1,0.0,0.0,0.43956043956043955,0.01098901098901099,0.8351648351648352,-0.2967032967032967,0.8021978021978022,-0.7362637362637363,0.46153846153846156,-0.7912087912087912,0.6483516483516484,-0.6813186813186813,0.7142857142857143,-0.945054945054945,0.6373626373626373,-0.6483516483516484,0.6043956043956044,-0.5054945054945055,0.4065934065934066,-0.7362637362637363,0.42857142857142855,-1.0,0.3956043956043956,-0.5824175824175825,0.3626373626373626,-0.4835164835164835,0.15384615384615385,-0.7362637362637363,0.15384615384615385,-0.978021978021978,0.16483516483516483,-0.5714285714285714,0.13186813186813187,-0.45054945054945056,-0.14285714285714285,-0.7252747252747253,-0.0989010989010989,-0.9010989010989011,-0.06593406593406594,-0.6263736263736264,-0.0989010989010989,-0.5274725274725275
1,0.0,0.0,0.44680851063829785,0.0425531914893617,0.8723404255319149,-0.2553191489361702,1.0,-0.6382978723404256,0.8829787234042553,-0.8404255319148937,0.6382978723404256,-0.6595744680851063,0.648936170212766,-0.925531914893617,0.5957446808510638,-0.6276595744680851,0.5957446808510638,-0.48936170212765956,0.3723404255319149,-0.7021276595744681,0.3829787234042553,-0.9680851063829787,0.3617021276595745,-0.574468085106383,0.35106382978723405,-0.4787234042553192,0.1276595744680851,-0.7021276595744681,0.14893617021276595,-0.9468085106382979,0.1276595744680851,-0.5638297872340425,0.11702127659574468,-0.4574468085106383,-0.13829787234042554,-0.7127659574468085,-0.10638297872340426,-0.8617021276595744,-0.10638297872340426,-0.6063829787234043,-0.10638297872340426,-0.5212765957446809
1,0.0,0.0,0.44680851063829785,0.06382978723404255,0.8723404255319149,-0.22340425531914893,1.0,-0.6170212765957447,0.8829787234042553,-0.8085106382978723,0.6595744680851063,-0.6382978723404256,0.6382978723404256,-0.925531914893617,0.5851063829787234,-0.6063829787234043,0.5957446808510638,-0.4787234042553192,0.3829787234042553,-0.6808510638297872,0.3829787234042553,-0.9574468085106383,0.35106382978723405,-0.5638297872340425,0.35106382978723405,-0.46808510638297873,0.1276595744680851,-0.6914893617021277,0.13829787234042554,-0.9361702127659575,0.11702127659574468,-0.5531914893617021,0.11702127659574468,-0.44680851063829785,-0.13829787234042554,-0.7021276595744681,-0.11702127659574468,-0.8617021276595744,-0.11702127659574468,-0.5957446808510638,-0.11702127659574468,-0.5106382978723404
1,0.0,0.0,0.42857142857142855,0.061224489795918366,0.8673469387755102,-0.22448979591836735,1.0,-0.6122448979591837,0.8571428571428571,-0.8061224489795918,0.6428571428571429,-0.6224489795918368,0.6326530612244898,-0.9081632653061225,0.5816326530612245,-0.6020408163265306,0.5918367346938775,-0.46938775510204084,0.3673469387755102,-0.673469387755102,0.37755102040816324,-0.9489795918367347,0.3469387755102041,-0.5612244897959183,0.3469387755102041,-0.46938775510204084,0.12244897959183673,-0.6836734693877551,0.1326530612244898,-0.9285714285714286,0.12244897959183673,-0.5510204081632653,0.12244897959183673,-0.4489795918367347,-0.14285714285714285,-0.6938775510204082,-0.12244897959183673,-0.8469387755102041,-0.11224489795918367,-0.5816326530612245,-0.11224489795918367,-0.5
1,0.0,0.0,0.45,0.04,0.87,-0.23,1.0,-0.6,0.88,-0.8,0.65,-0.64,0.66,-0.92,0.6,-0.61,0.6,-0.48,0.37,-0.68,0.39,-0.96,0.35,-0.57,0.35,-0.48,0.11,-0.69,0.13,-0.94,0.11,-0.56,0.11,-0.45,-0.16,-0.7,-0.14,-0.86,-0.12,-0.6,-0.12,-0.5
1,0.0,0.0,0.4326923076923077,0.038461538461538464,0.8653846153846154,-0.22115384615384615,1.0,-0.5961538461538461,0.8653846153846154,-0.8076923076923077,0.6346153846153846,-0.6346153846153846,0.6346153846153846,-0.9326923076923077,0.5769230769230769,-0.625,0.5961538461538461,-0.49038461538461536,0.3557692307692308,-0.6826923076923077,0.36538461538461536,-0.9615384615384616,0.3269230769230769,-0.5673076923076923,0.33653846153846156,-0.46153846153846156,0.10576923076923077,-0.6923076923076923,0.11538461538461539,-0.9326923076923077,0.08653846153846154,-0.5576923076923077,0.09615384615384616,-0.4326923076923077,-0.16346153846153846,-0.6923076923076923,-0.15384615384615385,-0.8653846153846154,-0.14423076923076922,-0.6057692307692307,-0.1346153846153846,-0.5096153846153846
1,0.0,0.0,0.4336283185840708,0.035398230088495575,0.8584070796460177,-0.22123893805309736,1.0,-0.6017699115044248,0.8672566371681416,-0.7964601769911505,0.6548672566371682,-0.6194690265486725,0.6460176991150443,-0.911504424778761,0.5752212389380531,-0.6194690265486725,0.5929203539823009,-0.48672566371681414,0.3805309734513274,-0.672566371681416,0.3805309734513274,-0.9557522123893806,0.336283185840708,-0.5752212389380531,0.35398230088495575,-0.4778761061946903,0.13274336283185842,-0.6902654867256637,0.13274336283185842,-0.9469026548672567,0.11504424778761062,-0.5752212389380531,0.12389380530973451,-0.45132743362831856,-0.12389380530973451,-0.6991150442477876,-0.12389380530973451,-0.8761061946902655,-0.11504424778761062,-0.6106194690265486,-0.09734513274336283,-0.504424778761062
1,0.0,0.0,0.4473684210526316,0.017543859649122806,0.8596491228070176,-0.2543859649122807,0.9824561403508771,-0.6403508771929824,0.8508771929824561,-0.8508771929824561,0.6491228070175439,-0.6578947368421053,0.6403508771929824,-0.956140350877193,0.5701754385964912,-0.6578947368421053,0.5789473684210527,-0.5175438596491229,0.3684210526315789,-0.7017543859649122,0.3684210526315789,-1.0,0.3333333333333333,-0.6140350877192983,0.34210526315789475,-0.5,0.12280701754385964,-0.7192982456140351,0.11403508771929824,-0.9824561403508771,0.10526315789473684,-0.6140350877192983,0.12280701754385964,-0.4824561403508772,-0.14035087719298245,-0.7280701754385965,-0.14035087719298245,-0.9122807017543859,-0.12280701754385964,-0.6491228070175439,-0.10526315789473684,-0.5350877192982456
1,0.0,0.0,0.44537815126050423,0.008403361344537815,0.8571428571428571,-0.25210084033613445,0.9747899159663865,-0.6386554621848739,0.8487394957983193,-0.8487394957983193,0.6554621848739496,-0.6554621848739496,0.6302521008403361,-0.957983193277311,0.5714285714285714,-0.6638655462184874,0.5798319327731093,-0.5210084033613446,0.3697478991596639,-0.7058823529411765,0.3697478991596639,-1.0,0.3277310924369748,-0.6134453781512605,0.33613445378151263,-0.4957983193277311,0.12605042016806722,-0.7226890756302521,0.11764705882352941,-0.9915966386554622,0.10084033613445378,-0.6134453781512605,0.11764705882352941,-0.47058823529411764,-0.14285714285714285,-0.7226890756302521,-0.12605042016806722,-0.907563025210084,-0.11764705882352941,-0.6386554621848739,-0.1092436974789916,-0.5210084033613446
1,0.0,0.0,0.45689655172413796,-0.008620689655172414,0.8620689655172413,-0.29310344827586204,0.9655172413793104,-0.6637931034482759,0.8189655172413793,-0.8620689655172413,0.6551724137931034,-0.6810344827586207,0.6293103448275862,-0.9655172413793104,0.5948275862068966,-0.6724137931034483,0.6206896551724138,-0.5258620689655172,0.3706896551724138,-0.7155172413793104,0.35344827586206895,-1.0,0.3448275862068966,-0.6293103448275862,0.3620689655172414,-0.5172413793103449,0.1206896551724138,-0.7155172413793104,0.10344827586206896,-0.9827586206896551,0.11206896551724138,-0.6120689655172413,0.12931034482758622,-0.47413793103448276,-0.14655172413793102,-0.7068965517241379,-0.13793103448275862,-0.9051724137931034,-0.10344827586206896,-0.6379310344827587,-0.09482758620689655,-0.5172413793103449
1,0.0,0.0,0.4166666666666667,-0.046296296296296294,0.8148148148148148,-0.3333333333333333,0.9166666666666666,-0.6851851851851852,0.7685185185185185,-0.8888888888888888,0.5555555555555556,-0.7314814814814815,0.5833333333333334,-0.9722222222222222,0.5740740740740741,-0.6759259259259259,0.5925925925925926,-0.5462962962962963,0.2962962962962963,-0.7592592592592593,0.3148148148148148,-1.0,0.3333333333333333,-0.6574074074074074,0.32407407407407407,-0.5462962962962963,0.037037037037037035,-0.7407407407407407,0.06481481481481481,-0.9907407407407407,0.10185185185185185,-0.6388888888888888,0.10185185185185185,-0.5,-0.25925925925925924,-0.7129629629629629,-0.19444444444444445,-0.8796296296296297,-0.12037037037037036,-0.6203703703703703,-0.1111111111111111,-0.5
1,0.0,0.0,0.43,0.01,0.8,-0.33,0.88,-0.71,0.74,-0.9,0.56,-0.72,0.57,-0.99,0.57,-0.69,0.56,-0.54,0.29,-0.75,0.33,-1.0,0.34,-0.63,0.3,-0.52,0.05,-0.73,0.09,-1.0,0.11,-0.61,0.08,-0.47,-0.22,-0.71,-0.16,-0.9,-0.11,-0.62,-0.13,-0.51
1,0.0,0.0,0.42857142857142855,0.030612244897959183,0.7959183673469388,-0.336734693877551,0.8673469387755102,-0.7244897959183674,0.7448979591836735,-0.9183673469387755,0.5306122448979592,-0.7346938775510204,0.5918367346938775,-0.9897959183673469,0.5408163265306123,-0.6632653061224489,0.5102040816326531,-0.5510204081632653,0.2755102040816326,-0.7551020408163265,0.3469387755102041,-1.0,0.30612244897959184,-0.6020408163265306,0.25510204081632654,-0.5102040816326531,0.030612244897959183,-0.7346938775510204,0.09183673469387756,-0.9693877551020408,0.08163265306122448,-0.5816326530612245,0.04081632653061224,-0.47959183673469385,-0.23469387755102042,-0.7244897959183674,-0.16326530612244897,-0.8877551020408163,-0.1326530612244898,-0.6122448979591837,-0.16326530612244897,-0.5306122448979592
1,0.0,0.0,0.41836734693877553,0.02040816326530612,0.8061224489795918,-0.3469387755102041,0.8775510204081632,-0.7244897959183674,0.7346938775510204,-0.9183673469387755,0.5510204081632653,-0.7346938775510204,0.6020408163265306,-0.9897959183673469,0.5510204081632653,-0.6836734693877551,0.5204081632653061,-0.5510204081632653,0.2857142857142857,-0.7551020408163265,0.35714285714285715,-1.0,0.32653061224489793,-0.6122448979591837,0.2755102040816326,-0.5102040816326531,0.04081632653061224,-0.7448979591836735,0.10204081632653061,-0.9693877551020408,0.09183673469387756,-0.5816326530612245,0.05102040816326531,-0.47959183673469385,-0.23469387755102042,-0.7244897959183674,-0.15306122448979592,-0.8877551020408163,-0.1326530612244898,-0.6122448979591837,-0.16326530612244897,-0.5204081632653061
1,0.0,0.0,0.43434343434343436,-0.010101010101010102,0.8080808080808081,-0.35353535353535354,0.9090909090909091,-0.696969696969697,0.7878787878787878,-0.8888888888888888,0.5454545454545454,-0.7575757575757576,0.5959595959595959,-0.9797979797979798,0.5757575757575758,-0.6868686868686869,0.5555555555555556,-0.5454545454545454,0.2828282828282828,-0.7777777777777778,0.3333333333333333,-1.0,0.3333333333333333,-0.6565656565656566,0.30303030303030304,-0.5353535353535354,0.030303030303030304,-0.7474747474747475,0.08080808080808081,-0.9595959595959596,0.10101010101010101,-0.6161616161616161,0.08080808080808081,-0.494949494949495,-0.24242424242424243,-0.7070707070707071,-0.16161616161616163,-0.8585858585858586,-0.13131313131313133,-0.6161616161616161,-0.15151515151515152,-0.5151515151515151
1,0.0,0.0,0.46938775510204084,0.0,0.8367346938775511,-0.35714285714285715,0.8877551020408163,-0.7244897959183674,0.7346938775510204,-0.9081632653061225,0.5408163265306123,-0.7244897959183674,0.5714285714285714,-0.9693877551020408,0.5612244897959183,-0.6836734693877551,0.5612244897959183,-0.5408163265306123,0.2755102040816326,-0.7448979591836735,0.30612244897959184,-1.0,0.3163265306122449,-0.6428571428571429,0.30612244897959184,-0.5204081632653061,0.030612244897959183,-0.7142857142857143,0.061224489795918366,-0.9591836734693877,0.09183673469387756,-0.6122448979591837,0.08163265306122448,-0.47959183673469385,-0.23469387755102042,-0.6836734693877551,-0.17346938775510204,-0.8571428571428571,-0.1326530612244898,-0.6020408163265306,-0.14285714285714285,-0.4897959183673469
1,0.0,0.0,0.45918367346938777,-0.04081632653061224,0.826530612244898,-0.3673469387755102,0.9183673469387755,-0.7040816326530612,0.7755102040816326,-0.8877551020408163,0.5510204081632653,-0.7346938775510204,0.5816326530612245,-0.9897959183673469,0.5408163265306123,-0.7244897959183674,0.5306122448979592,-0.5510204081632653,0.29591836734693877,-0.7551020408163265,0.30612244897959184,-1.0,0.2857142857142857,-0.6632653061224489,0.2755102040816326,-0.5102040816326531,0.05102040816326531,-0.7346938775510204,0.061224489795918366,-0.9489795918367347,0.07142857142857142,-0.6224489795918368,0.08163265306122448,-0.47959183673469385,-0.19387755102040816,-0.6836734693877551,-0.17346938775510204,-0.8673469387755102,-0.15306122448979592,-0.6224489795918368,-0.1326530612244898,-0.4897959183673469
1,0.0,0.0,0.4639175257731959,-0.030927835051546393,0.8556701030927835,-0.3402061855670103,0.9690721649484536,-0.711340206185567,0.8350515463917526,-0.9072164948453608,0.5979381443298969,-0.7319587628865979,0.5773195876288659,-1.0,0.5567010309278351,-0.7010309278350515,0.5773195876288659,-0.5670103092783505,0.31958762886597936,-0.7525773195876289,0.29896907216494845,-0.9896907216494846,0.30927835051546393,-0.6288659793814433,0.32989690721649484,-0.5360824742268041,0.05154639175257732,-0.7216494845360825,0.05154639175257732,-0.9587628865979382,0.08247422680412371,-0.5979381443298969,0.08247422680412371,-0.4948453608247423,-0.21649484536082475,-0.6804123711340206,-0.18556701030927836,-0.845360824742268,-0.14432989690721648,-0.5979381443298969,-0.14432989690721648,-0.4948453608247423
1,0.0,0.0,0.45,-0.06,0.85,-0.38,0.94,-0.75,0.77,-0.92,0.58,-0.73,0.55,-1.0,0.54,-0.69,0.57,-0.59,0.31,-0.74,0.29,-0.99,0.3,-0.62,0.32,-0.55,0.07,-0.71,0.05,-0.93,0.08,-0.57,0.09,-0.5,-0.19,-0.67,-0.18,-0.82,-0.14,-0.59,-0.12,-0.51
1,0.0,0.0,0.44,-0.03,0.84,-0.38,0.92,-0.77,0.76,-0.93,0.56,-0.74,0.52,-1.0,0.5,-0.68,0.53,-0.56,0.29,-0.74,0.26,-0.99,0.27,-0.62,0.29,-0.52,0.03,-0.7,0.02,-0.92,0.06,-0.57,0.07,-0.47,-0.22,-0.66,-0.22,-0.8,-0.17,-0.56,-0.16,-0.48
1,0.0,0.0,0.3942307692307692,-0.009615384615384616,0.7980769230769231,-0.38461538461538464,0.8846153846153846,-0.7692307692307693,0.75,-0.9519230769230769,0.5288461538461539,-0.7596153846153846,0.5096153846153846,-1.0,0.4807692307692308,-0.6826923076923077,0.49038461538461536,-0.5961538461538461,0.25,-0.7596153846153846,0.22115384615384615,-0.9807692307692307,0.25,-0.5961538461538461,0.25961538461538464,-0.5673076923076923,0.0,-0.7211538461538461,-0.019230769230769232,-0.9134615384615384,0.019230769230769232,-0.5576923076923077,0.038461538461538464,-0.5096153846153846,-0.25961538461538464,-0.6923076923076923,-0.2692307692307692,-0.7980769230769231,-0.22115384615384615,-0.5480769230769231,-0.20192307692307693,-0.5
1,0.0,0.0,0.3893805309734513,-0.061946902654867256,0.7610619469026548,-0.4424778761061947,0.8584070796460177,-0.7876106194690266,0.7345132743362832,-0.9469026548672567,0.5221238938053098,-0.7699115044247787,0.504424778761062,-1.0,0.4690265486725664,-0.6902654867256637,0.48672566371681414,-0.6194690265486725,0.25663716814159293,-0.7522123893805309,0.24778761061946902,-0.9734513274336283,0.24778761061946902,-0.6017699115044248,0.26548672566371684,-0.584070796460177,0.017699115044247787,-0.7256637168141593,0.008849557522123894,-0.911504424778761,0.035398230088495575,-0.5663716814159292,0.061946902654867256,-0.5486725663716814,-0.22123893805309736,-0.6991150442477876,-0.22123893805309736,-0.7964601769911505,-0.17699115044247787,-0.5575221238938053,-0.1504424778761062,-0.5221238938053098
1,0.0,0.0,0.391304347826087,-0.06956521739130435,0.7565217391304347,-0.4260869565217391,0.8608695652173913,-0.7652173913043478,0.782608695652174,-0.9304347826086956,0.5391304347826087,-0.782608695652174,0.5304347826086957,-1.0,0.4782608695652174,-0.6869565217391305,0.48695652173913045,-0.6260869565217392,0.26956521739130435,-0.7739130434782608,0.26956521739130435,-0.9826086956521739,0.26956521739130435,-0.6173913043478261,0.26956521739130435,-0.6086956521739131,0.02608695652173913,-0.7391304347826086,0.034782608695652174,-0.9217391304347826,0.06086956521739131,-0.5826086956521739,0.06956521739130435,-0.5565217391304348,-0.21739130434782608,-0.7043478260869566,-0.2,-0.808695652173913,-0.1565217391304348,-0.5652173913043478,-0.14782608695652175,-0.5304347826086957
1,0.0,0.0,0.415929203539823,-0.05309734513274336,0.7699115044247787,-0.4247787610619469,0.8407079646017699,-0.7964601769911505,0.6991150442477876,-0.9557522123893806,0.504424778761062,-0.7699115044247787,0.49557522123893805,-1.0,0.4690265486725664,-0.6814159292035398,0.4778761061946903,-0.6106194690265486,0.23893805309734514,-0.7522123893805309,0.23008849557522124,-0.9823008849557522,0.24778761061946902,-0.6017699115044248,0.24778761061946902,-0.584070796460177,-0.008849557522123894,-0.7168141592920354,-0.008849557522123894,-0.9203539823008849,0.02654867256637168,-0.5663716814159292,0.035398230088495575,-0.5309734513274337,-0.26548672566371684,-0.6902654867256637,-0.25663716814159293,-0.7964601769911505,-0.20353982300884957,-0.5486725663716814,-0.18584070796460178,-0.504424778761062
1,0.0,0.0,0.42342342342342343,-0.04504504504504504,0.7927927927927928,-0.4144144144144144,0.8648648648648649,-0.7837837837837838,0.7117117117117117,-0.9459459459459459,0.5225225225225225,-0.7567567567567568,0.5045045045045045,-1.0,0.46846846846846846,-0.6846846846846847,0.4864864864864865,-0.5945945945945946,0.25225225225225223,-0.7477477477477478,0.25225225225225223,-0.990990990990991,0.25225225225225223,-0.6036036036036037,0.25225225225225223,-0.5585585585585585,0.0,-0.7207207207207207,0.0,-0.9279279279279279,0.02702702702702703,-0.5675675675675675,0.036036036036036036,-0.5135135135135135,-0.26126126126126126,-0.6846846846846847,-0.24324324324324326,-0.8108108108108109,-0.2072072072072072,-0.5675675675675675,-0.2072072072072072,-0.5135135135135135
1,0.0,0.0,0.41818181818181815,0.0,0.8090909090909091,-0.36363636363636365,0.8909090909090909,-0.7454545454545455,0.7454545454545455,-0.9090909090909091,0.5454545454545454,-0.7363636363636363,0.5181818181818182,-1.0,0.4909090909090909,-0.6727272727272727,0.509090909090909,-0.5545454545454546,0.2636363636363636,-0.7363636363636363,0.2636363636363636,-0.990909090909091,0.2636363636363636,-0.5909090909090909,0.2727272727272727,-0.5181818181818182,0.00909090909090909,-0.7090909090909091,0.00909090909090909,-0.9181818181818182,0.02727272727272727,-0.5454545454545454,0.045454545454545456,-0.4727272727272727,-0.24545454545454545,-0.6818181818181818,-0.23636363636363636,-0.8090909090909091,-0.2,-0.5545454545454546,-0.19090909090909092,-0.4909090909090909
1,0.0,0.0,0.44545454545454544,-0.02727272727272727,0.8181818181818182,-0.38181818181818183,0.8909090909090909,-0.7636363636363637,0.7272727272727273,-0.9272727272727272,0.5545454545454546,-0.7454545454545455,0.5363636363636364,-0.990909090909091,0.5,-0.6909090909090909,0.509090909090909,-0.5727272727272728,0.2818181818181818,-0.7636363636363637,0.2727272727272727,-1.0,0.2636363636363636,-0.6181818181818182,0.2636363636363636,-0.5363636363636364,0.02727272727272727,-0.7454545454545455,0.02727272727272727,-0.9636363636363636,0.045454545454545456,-0.5909090909090909,0.045454545454545456,-0.5,-0.24545454545454545,-0.7,-0.23636363636363636,-0.8545454545454545,-0.19090909090909092,-0.5909090909090909,-0.18181818181818182,-0.509090909090909
1,0.0,0.0,0.44036697247706424,0.0,0.8348623853211009,-0.3486238532110092,0.908256880733945,-0.7431192660550459,0.7522935779816514,-0.9174311926605505,0.5779816513761468,-0.7247706422018348,0.5504587155963303,-0.9908256880733946,0.5229357798165137,-0.6880733944954128,0.5412844036697247,-0.5596330275229358,0.29357798165137616,-0.7431192660550459,0.29357798165137616,-1.0,0.29357798165137616,-0.6146788990825688,0.29357798165137616,-0.5321100917431193,0.045871559633027525,-0.7339449541284404,0.045871559633027525,-0.963302752293578,0.06422018348623854,-0.5871559633027523,0.06422018348623854,-0.48623853211009177,-0.22935779816513763,-0.6972477064220184,-0.2018348623853211,-0.8623853211009175,-0.1651376146788991,-0.6055045871559633,-0.1651376146788991,-0.5137614678899083
1,0.0,0.0,0.46601941747572817,0.038834951456310676,0.8737864077669902,-0.32038834951456313,0.941747572815534,-0.7281553398058253,0.7864077669902912,-0.9029126213592233,0.6019417475728155,-0.6990291262135923,0.6019417475728155,-0.9902912621359223,0.5533980582524272,-0.6699029126213593,0.5631067961165048,-0.5339805825242718,0.32038834951456313,-0.7281553398058253,0.3300970873786408,-1.0,0.32038834951456313,-0.5922330097087378,0.3106796116504854,-0.5048543689320388,0.06796116504854369,-0.7281553398058253,0.07766990291262135,-0.9611650485436893,0.07766990291262135,-0.5728155339805825,0.07766990291262135,-0.46601941747572817,-0.20388349514563106,-0.7184466019417476,-0.17475728155339806,-0.8737864077669902,-0.1650485436893204,-0.6019417475728155,-0.1650485436893204,-0.5242718446601942
1,0.0,0.0,0.44761904761904764,0.009523809523809525,0.8380952380952381,-0.3238095238095238,0.9142857142857143,-0.7238095238095238,0.780952380952381,-0.9047619047619048,0.5904761904761905,-0.7047619047619048,0.580952380952381,-0.9809523809523809,0.5428571428571428,-0.6761904761904762,0.5523809523809524,-0.5428571428571428,0.3142857142857143,-0.7333333333333333,0.3238095238095238,-1.0,0.3047619047619048,-0.6095238095238096,0.3047619047619048,-0.5238095238095238,0.05714285714285714,-0.7333333333333333,0.0761904761904762,-0.9619047619047619,0.0761904761904762,-0.580952380952381,0.0761904761904762,-0.4857142857142857,-0.20952380952380953,-0.7142857142857143,-0.18095238095238095,-0.8761904761904762,-0.1523809523809524,-0.6190476190476191,-0.1619047619047619,-0.5333333333333333
1,0.0,0.0,0.4563106796116505,0.009708737864077669,0.8640776699029126,-0.3106796116504854,0.9320388349514563,-0.7184466019417476,0.7864077669902912,-0.9029126213592233,0.6116504854368932,-0.7087378640776699,0.6019417475728155,-0.9902912621359223,0.5631067961165048,-0.6796116504854369,0.5728155339805825,-0.5436893203883495,0.33980582524271846,-0.7378640776699029,0.33980582524271846,-1.0,0.32038834951456313,-0.6116504854368932,0.3300970873786408,-0.5145631067961165,0.07766990291262135,-0.7378640776699029,0.08737864077669903,-0.9805825242718447,0.08737864077669903,-0.5922330097087378,0.08737864077669903,-0.4854368932038835,-0.1941747572815534,-0.7184466019417476,-0.1650485436893204,-0.883495145631068,-0.14563106796116504,-0.6213592233009708,-0.1553398058252427,-0.5339805825242718
2,0.0,0.0,0.09292035398230089,-0.24778761061946902,0.07079646017699115,-0.5353982300884956,0.022123893805309734,-0.7743362831858407,-0.048672566371681415,-1.0,-0.26991150442477874,-0.5176991150442478,0.13716814159292035,-0.43805309734513276,0.1504424778761062,-0.3584070796460177,0.035398230088495575,-0.35398230088495575,-0.3805309734513274,-0.3053097345132743,0.15486725663716813,-0.22566371681415928,0.13716814159292035,-0.18584070796460178,-0.01327433628318584,-0.20353982300884957,-0.39823008849557523,-0.09292035398230089,0.09734513274336283,-0.02654867256637168,0.07964601769911504,-0.017699115044247787,-0.05752212389380531,-0.05752212389380531,-0.3805309734513274,0.11504424778761062,0.004424778761061947,0.14601769911504425,0.022123893805309734,0.13274336283185842,-0.0752212389380531,0.11061946902654868
2,0.0,0.0,0.08849557522123894,-0.252212389380531,0.061946902654867256,-0.5353982300884956,0.017699115044247787,-0.7743362831858407,-0.05309734513274336,-1.0,-0.27876106194690264,-0.5132743362831859,0.1415929203539823,-0.4336283185840708,0.1504424778761062,-0.3495575221238938,0.035398230088495575,-0.3495575221238938,-0.3805309734513274,-0.29646017699115046,0.16371681415929204,-0.22123893805309736,0.12831858407079647,-0.17699115044247787,-0.017699115044247787,-0.1902654867256637,-0.3938053097345133,-0.07964601769911504,0.10176991150442478,-0.017699115044247787,0.0752212389380531,-0.008849557522123894,-0.061946902654867256,-0.048672566371681415,-0.37610619469026546,0.12831858407079647,0.008849557522123894,0.1592920353982301,0.01327433628318584,0.14601769911504425,-0.08849557522123894,0.12389380530973451
2,0.0,0.0,0.08482142857142858,-0.2544642857142857,0.07142857142857142,-0.53125,0.03571428571428571,-0.7633928571428571,-0.013392857142857142,-1.0,-0.20535714285714285,-0.5401785714285714,0.20535714285714285,-0.4375,0.16964285714285715,-0.36160714285714285,0.03571428571428571,-0.35714285714285715,-0.3080357142857143,-0.32589285714285715,0.21428571428571427,-0.20535714285714285,0.14285714285714285,-0.17857142857142858,-0.017857142857142856,-0.19642857142857142,-0.33035714285714285,-0.11160714285714286,0.15625,-0.004464285714285714,0.08928571428571429,0.0,-0.06696428571428571,-0.04017857142857143,-0.3169642857142857,0.09821428571428571,0.05803571428571429,0.15625,0.03125,0.13839285714285715,-0.08928571428571429,0.11607142857142858
2,0.0,0.0,0.12857142857142856,-0.2571428571428571,0.18571428571428572,-0.5642857142857143,0.19285714285714287,-0.7892857142857143,0.14642857142857144,-1.0,0.025,-0.6071428571428571,0.3892857142857143,-0.5178571428571429,0.3678571428571429,-0.46785714285714286,0.2857142857142857,-0.4928571428571429,-0.05,-0.45,0.3892857142857143,-0.3392857142857143,0.32142857142857145,-0.30714285714285716,0.21071428571428572,-0.3464285714285714,-0.07142857142857142,-0.26785714285714285,0.3357142857142857,-0.17857142857142858,0.26071428571428573,-0.14642857142857144,0.15357142857142858,-0.18214285714285713,-0.06428571428571428,-0.09285714285714286,0.2571428571428571,-0.03571428571428571,0.21428571428571427,-0.025,0.11785714285714285,-0.03571428571428571
2,0.0,0.0,0.10238907849829351,-0.27986348122866894,0.18771331058020477,-0.5699658703071673,0.20819112627986347,-0.7986348122866894,0.17406143344709898,-1.0,0.05802047781569966,-0.621160409556314,0.4709897610921502,-0.590443686006826,0.4197952218430034,-0.4880546075085324,0.2832764505119454,-0.4812286689419795,0.017064846416382253,-0.447098976109215,0.4948805460750853,-0.3856655290102389,0.39590443686006827,-0.3174061433447099,0.2696245733788396,-0.33447098976109213,0.013651877133105802,-0.26621160409556316,0.46757679180887374,-0.21160409556313994,0.36177474402730375,-0.15699658703071673,0.24573378839590443,-0.17747440273037543,0.03754266211604096,-0.09556313993174062,0.40955631399317405,-0.06143344709897611,0.3310580204778157,-0.03754266211604096,0.20819112627986347,-0.04778156996587031
2,0.0,0.0,0.08759124087591241,-0.2518248175182482,0.2591240875912409,-0.551094890510949,0.354014598540146,-0.7846715328467153,0.36496350364963503,-1.0,0.2518248175182482,-0.5912408759124088,0.6897810218978102,-0.5255474452554745,0.6058394160583942,-0.4489051094890511,0.4562043795620438,-0.4489051094890511,0.23357664233576642,-0.3978102189781022,0.718978102189781,-0.30656934306569344,0.6021897810218978,-0.27007299270072993,0.4635036496350365,-0.2846715328467153,0.24087591240875914,-0.19343065693430658,0.6934306569343066,-0.11678832116788321,0.5766423357664233,-0.10218978102189781,0.4416058394160584,-0.12773722627737227,0.26277372262773724,-0.0072992700729927005,0.6313868613138686,0.032846715328467155,0.5291970802919708,0.032846715328467155,0.38686131386861317,0.010948905109489052
2,0.0,0.0,0.08208955223880597,-0.2462686567164179,0.2537313432835821,-0.5597014925373134,0.35074626865671643,-0.7873134328358209,0.35447761194029853,-1.0,0.2574626865671642,-0.5746268656716418,0.7089552238805971,-0.5149253731343284,0.6305970149253731,-0.44029850746268656,0.48134328358208955,-0.43656716417910446,0.23880597014925373,-0.3805970149253731,0.7388059701492538,-0.29850746268656714,0.6305970149253731,-0.2574626865671642,0.48134328358208955,-0.27611940298507465,0.24253731343283583,-0.16791044776119404,0.7126865671641791,-0.1044776119402985,0.5970149253731343,-0.08582089552238806,0.458955223880597,-0.11194029850746269,0.26492537313432835,0.029850746268656716,0.6417910447761194,0.055970149253731345,0.5447761194029851,0.055970149253731345,0.39552238805970147,0.041044776119402986
2,0.0,0.0,0.07857142857142857,-0.24285714285714285,0.24285714285714285,-0.55,0.3392857142857143,-0.7857142857142857,0.3607142857142857,-1.0,0.2357142857142857,-0.6142857142857143,0.675,-0.55,0.5964285714285714,-0.45714285714285713,0.45357142857142857,-0.4607142857142857,0.225,-0.44642857142857145,0.7,-0.3464285714285714,0.5928571428571429,-0.2892857142857143,0.4642857142857143,-0.3107142857142857,0.23214285714285715,-0.25357142857142856,0.675,-0.17142857142857143,0.5642857142857143,-0.13214285714285715,0.4392857142857143,-0.16071428571428573,0.26071428571428573,-0.06785714285714285,0.6142857142857143,-0.02142857142857143,0.5178571428571429,-0.007142857142857143,0.38571428571428573,-0.02857142857142857
2,0.0,0.0,0.08928571428571429,-0.24642857142857144,0.23214285714285715,-0.5535714285714286,0.29642857142857143,-0.7928571428571428,0.30714285714285716,-1.0,0.19642857142857142,-0.6357142857142857,0.6178571428571429,-0.5678571428571428,0.5392857142857143,-0.4714285714285714,0.40714285714285714,-0.4785714285714286,0.175,-0.475,0.6535714285714286,-0.36428571428571427,0.5464285714285714,-0.3,0.425,-0.31785714285714284,0.175,-0.29285714285714287,0.625,-0.19642857142857142,0.5142857142857142,-0.15,0.4,-0.175,0.19642857142857142,-0.11428571428571428,0.5642857142857143,-0.05714285714285714,0.475,-0.03571428571428571,0.3535714285714286,-0.05357142857142857
2,0.0,0.0,0.10380622837370242,-0.24567474048442905,0.23529411764705882,-0.5501730103806228,0.29411764705882354,-0.7923875432525952,0.30103806228373703,-1.0,0.18685121107266436,-0.6401384083044983,0.5778546712802768,-0.5986159169550173,0.5190311418685121,-0.48788927335640137,0.40484429065743943,-0.4740484429065744,0.16262975778546712,-0.4913494809688581,0.6124567474048442,-0.4013840830449827,0.5190311418685121,-0.3217993079584775,0.4083044982698962,-0.328719723183391,0.15916955017301038,-0.3217993079584775,0.5847750865051903,-0.23529411764705882,0.4809688581314879,-0.17647058823529413,0.3771626297577855,-0.1972318339100346,0.17993079584775087,-0.1522491349480969,0.5294117647058824,-0.10034602076124567,0.4463667820069204,-0.0657439446366782,0.33217993079584773,-0.07958477508650519
2,0.0,0.0,0.13194444444444445,-0.2673611111111111,0.2465277777777778,-0.5659722222222222,0.2881944444444444,-0.7916666666666666,0.28125,-1.0,0.1423611111111111,-0.6458333333333334,0.5381944444444444,-0.6006944444444444,0.4618055555555556,-0.4965277777777778,0.34375,-0.5034722222222222,0.10069444444444445,-0.4826388888888889,0.5590277777777778,-0.4027777777777778,0.4479166666666667,-0.3368055555555556,0.3333333333333333,-0.3506944444444444,0.08680555555555555,-0.3055555555555556,0.5138888888888888,-0.22916666666666666,0.3958333333333333,-0.17708333333333334,0.2951388888888889,-0.19791666666666666,0.09722222222222222,-0.13194444444444445,0.4513888888888889,-0.09722222222222222,0.3611111111111111,-0.07291666666666667,0.24305555555555555,-0.08333333333333333
2,0.0,0.0,0.16319444444444445,-0.2881944444444444,0.2361111111111111,-0.5833333333333334,0.24305555555555555,-0.7951388888888888,0.2326388888888889,-1.0,0.09027777777777778,-0.6631944444444444,0.5104166666666666,-0.6111111111111112,0.5208333333333334,-0.5,0.4548611111111111,-0.4861111111111111,0.024305555555555556,-0.5104166666666666,0.4930555555555556,-0.4027777777777778,0.4444444444444444,-0.3263888888888889,0.34375,-0.3368055555555556,-0.010416666666666666,-0.3333333333333333,0.4305555555555556,-0.2465277777777778,0.3645833333333333,-0.19444444444444445,0.2673611111111111,-0.2152777777777778,-0.010416666666666666,-0.16666666666666666,0.3298611111111111,-0.11805555555555555,0.2881944444444444,-0.10069444444444445,0.1909722222222222,-0.11458333333333333
2,0.0,0.0,0.10452961672473868,-0.27526132404181186,0.11846689895470383,-0.5714285714285714,0.0975609756097561,-0.7909407665505227,0.0627177700348432,-1.0,-0.08362369337979095,-0.6306620209059234,0.26480836236933797,-0.5574912891986062,0.21951219512195122,-0.4529616724738676,0.10452961672473868,-0.4564459930313589,-0.1602787456445993,-0.4808362369337979,0.24738675958188153,-0.397212543554007,0.17073170731707318,-0.3205574912891986,0.06620209059233449,-0.3344947735191638,-0.1916376306620209,-0.30662020905923343,0.20209059233449478,-0.23693379790940766,0.13588850174216027,-0.17073170731707318,0.04529616724738676,-0.18815331010452963,-0.18466898954703834,-0.14285714285714285,0.13240418118466898,-0.0975609756097561,0.09059233449477352,-0.06620209059233449,-0.003484320557491289,-0.07665505226480836
2,0.0,0.0,0.11721611721611722,-0.2673992673992674,0.13186813186813187,-0.5641025641025641,0.10989010989010989,-0.7875457875457875,0.07326007326007326,-1.0,-0.0989010989010989,-0.6190476190476191,0.28205128205128205,-0.5531135531135531,0.24175824175824176,-0.4468864468864469,0.11355311355311355,-0.4432234432234432,-0.18315018315018314,-0.4652014652014652,0.2673992673992674,-0.37362637362637363,0.19047619047619047,-0.2967032967032967,0.06593406593406594,-0.304029304029304,-0.2087912087912088,-0.28205128205128205,0.21978021978021978,-0.20512820512820512,0.15018315018315018,-0.14652014652014653,0.040293040293040296,-0.16483516483516483,-0.20146520146520147,-0.10622710622710622,0.13186813186813187,-0.05128205128205128,0.0989010989010989,-0.03296703296703297,0.003663003663003663,-0.05128205128205128
2,0.0,0.0,0.11481481481481481,-0.2740740740740741,0.14074074074074075,-0.5740740740740741,0.12962962962962962,-0.7925925925925926,0.1037037037037037,-1.0,-0.06296296296296296,-0.6370370370370371,0.29259259259259257,-0.5518518518518518,0.24444444444444444,-0.45185185185185184,0.12222222222222222,-0.45555555555555555,-0.14444444444444443,-0.4888888888888889,0.2740740740740741,-0.37407407407407406,0.1925925925925926,-0.3074074074074074,0.07777777777777778,-0.32592592592592595,-0.17407407407407408,-0.31851851851851853,0.2222222222222222,-0.2111111111111111,0.15185185185185185,-0.15925925925925927,0.05185185185185185,-0.18518518518518517,-0.16666666666666666,-0.15185185185185185,0.14814814814814814,-0.08148148148148149,0.10740740740740741,-0.05925925925925926,0.011111111111111112,-0.07037037037037037
2,0.0,0.0,0.12863070539419086,-0.24481327800829875,0.14937759336099585,-0.5560165975103735,0.13278008298755187,-0.7842323651452282,0.0912863070539419,-1.0,-0.12033195020746888,-0.5767634854771784,0.2572614107883817,-0.46887966804979253,0.2033195020746888,-0.4066390041493776,0.08298755186721991,-0.4315352697095436,-0.21161825726141079,-0.4066390041493776,0.24481327800829875,-0.2821576763485477,0.14937759336099585,-0.2572614107883817,0.016597510373443983,-0.2946058091286307,-0.23651452282157676,-0.21161825726141079,0.17842323651452283,-0.1037344398340249,0.1078838174273859,-0.08298755186721991,0.004149377593360996,-0.12448132780082988,-0.22821576763485477,-0.029045643153526972,0.0995850622406639,0.04149377593360996,0.04979253112033195,0.04149377593360996,-0.05394190871369295,0.02074688796680498
2,0.0,0.0,0.11057692307692307,-0.23076923076923078,0.125,-0.5192307692307693,0.11057692307692307,-0.7644230769230769,0.07211538461538461,-1.0,-0.18269230769230768,-0.5048076923076923,0.25961538461538464,-0.3701923076923077,0.22115384615384615,-0.30288461538461536,0.08653846153846154,-0.32211538461538464,-0.28365384615384615,-0.2932692307692308,0.25,-0.16346153846153846,0.16346153846153846,-0.14423076923076922,0.0,-0.1778846153846154,-0.3125,-0.07211538461538461,0.1778846153846154,0.038461538461538464,0.1201923076923077,0.04326923076923077,-0.019230769230769232,-0.009615384615384616,-0.3076923076923077,0.1346153846153846,0.08173076923076923,0.21153846153846154,0.04326923076923077,0.20192307692307693,-0.07692307692307693,0.18269230769230768
2,0.0,0.0,0.12807881773399016,-0.22660098522167488,0.1625615763546798,-0.4975369458128079,0.1477832512315271,-0.7487684729064039,0.11330049261083744,-1.0,-0.1625615763546798,-0.4827586206896552,0.30049261083743845,-0.3497536945812808,0.24630541871921183,-0.29064039408866993,0.10837438423645321,-0.2955665024630542,-0.2857142857142857,-0.2561576354679803,0.2857142857142857,-0.1330049261083744,0.18226600985221675,-0.12315270935960591,0.009852216748768473,-0.1477832512315271,-0.32019704433497537,-0.034482758620689655,0.2019704433497537,0.07389162561576355,0.12315270935960591,0.07389162561576355,-0.029556650246305417,0.034482758620689655,-0.31527093596059114,0.18719211822660098,0.08374384236453201,0.21182266009852216,0.029556650246305417,0.21182266009852216,-0.11330049261083744,0.21182266009852216
2,0.0,0.0,0.12931034482758622,-0.2413793103448276,0.14224137931034483,-0.5474137931034483,0.125,-0.7801724137931034,0.10775862068965517,-1.0,-0.1336206896551724,-0.5646551724137931,0.2629310344827586,-0.4525862068965517,0.22844827586206898,-0.36637931034482757,0.09913793103448276,-0.3706896551724138,-0.22844827586206898,-0.3793103448275862,0.24568965517241378,-0.27155172413793105,0.16379310344827586,-0.22844827586206898,0.02586206896551724,-0.24568965517241378,-0.25862068965517243,-0.17672413793103448,0.17672413793103448,-0.08620689655172414,0.11637931034482758,-0.05172413793103448,-0.004310344827586207,-0.07758620689655173,-0.25862068965517243,0.01293103448275862,0.09051724137931035,0.06896551724137931,0.05603448275862069,0.08620689655172414,-0.04741379310344827,0.07758620689655173
2,0.0,0.0,0.10683760683760683,-0.2564102564102564,0.09829059829059829,-0.5512820512820513,0.07264957264957266,-0.7863247863247863,0.03418803418803419,-1.0,-0.19230769230769232,-0.5897435897435898,0.20085470085470086,-0.49145299145299143,0.18376068376068377,-0.39316239316239315,0.05982905982905983,-0.3888888888888889,-0.28205128205128205,-0.405982905982906,0.19658119658119658,-0.3076923076923077,0.1452991452991453,-0.24358974358974358,0.004273504273504274,-0.2564102564102564,-0.31196581196581197,-0.20512820512820512,0.13247863247863248,-0.12393162393162394,0.09401709401709402,-0.0811965811965812,-0.03418803418803419,-0.10683760683760683,-0.3034188034188034,-0.004273504273504274,0.042735042735042736,0.042735042735042736,0.03418803418803419,0.05128205128205128,-0.05982905982905983,0.042735042735042736
2,0.0,0.0,0.11637931034482758,-0.24568965517241378,0.10775862068965517,-0.5474137931034483,0.08189655172413793,-0.7801724137931034,0.034482758620689655,-1.0,-0.17672413793103448,-0.5948275862068966,0.21982758620689655,-0.5086206896551724,0.2025862068965517,-0.39655172413793105,0.07758620689655173,-0.3922413793103448,-0.2672413793103448,-0.4224137931034483,0.21551724137931033,-0.33189655172413796,0.16379310344827586,-0.25,0.03017241379310345,-0.2543103448275862,-0.3017241379310345,-0.22413793103448276,0.15086206896551724,-0.14655172413793102,0.11206896551724138,-0.09051724137931035,-0.008620689655172414,-0.11206896551724138,-0.2974137931034483,-0.03017241379310345,0.0603448275862069,0.01293103448275862,0.05603448275862069,0.034482758620689655,-0.03879310344827586,0.02586206896551724
2,0.0,0.0,0.10504201680672269,-0.2605042016806723,0.1092436974789916,-0.5630252100840336,0.08823529411764706,-0.7899159663865546,0.04201680672268908,-1.0,-0.12605042016806722,-0.6092436974789915,0.2689075630252101,-0.5252100840336135,0.23529411764705882,-0.42436974789915966,0.1092436974789916,-0.42436974789915966,-0.20588235294117646,-0.4411764705882353,0.2647058823529412,-0.3445378151260504,0.18907563025210083,-0.2773109243697479,0.06302521008403361,-0.29411764705882354,-0.23109243697478993,-0.25630252100840334,0.20588235294117646,-0.16806722689075632,0.13025210084033614,-0.11764705882352941,0.012605042016806723,-0.14705882352941177,-0.2184873949579832,-0.07563025210084033,0.12605042016806722,-0.02100840336134454,0.08823529411764706,0.0,-0.012605042016806723,-0.01680672268907563
2,0.0,0.0,0.10902255639097744,-0.2631578947368421,0.12406015037593984,-0.5639097744360902,0.09022556390977443,-0.7894736842105263,0.03383458646616541,-1.0,-0.07142857142857142,-0.6428571428571429,0.2819548872180451,-0.5639097744360902,0.22932330827067668,-0.45864661654135336,0.11278195488721804,-0.46616541353383456,-0.14285714285714285,-0.5,0.2744360902255639,-0.39097744360902253,0.19172932330827067,-0.31203007518796994,0.07894736842105263,-0.3233082706766917,-0.16917293233082706,-0.32706766917293234,0.22932330827067668,-0.22556390977443608,0.15413533834586465,-0.16165413533834586,0.05639097744360902,-0.18796992481203006,-0.16165413533834586,-0.16165413533834586,0.16165413533834586,-0.09022556390977443,0.11654135338345864,-0.05639097744360902,0.018796992481203006,-0.07142857142857142
2,0.0,0.0,0.09125475285171103,-0.26996197718631176,0.11406844106463879,-0.5703422053231939,0.09125475285171103,-0.7908745247148289,0.049429657794676805,-1.0,-0.07604562737642585,-0.6159695817490495,0.2965779467680608,-0.532319391634981,0.2509505703422053,-0.43346007604562736,0.13307984790874525,-0.44106463878326996,-0.14068441064638784,-0.4600760456273764,0.30038022813688214,-0.35361216730038025,0.20532319391634982,-0.28517110266159695,0.08745247148288973,-0.30038022813688214,-0.1596958174904943,-0.28517110266159695,0.2509505703422053,-0.18631178707224336,0.16730038022813687,-0.13688212927756654,0.06463878326996197,-0.16730038022813687,-0.14068441064638784,-0.12167300380228137,0.19011406844106463,-0.053231939163498096,0.14068441064638784,-0.034220532319391636,0.03802281368821293,-0.049429657794676805
2,0.0,0.0,0.08518518518518518,-0.2740740740740741,0.10740740740740741,-0.5703703703703704,0.08518518518518518,-0.7888888888888889,0.04814814814814815,-1.0,-0.05185185185185185,-0.6,0.32222222222222224,-0.5222222222222223,0.27037037037037037,-0.42962962962962964,0.14814814814814814,-0.44074074074074077,-0.10740740740740741,-0.43703703703703706,0.32592592592592595,-0.34814814814814815,0.2222222222222222,-0.28888888888888886,0.1037037037037037,-0.3111111111111111,-0.11851851851851852,-0.25925925925925924,0.2851851851851852,-0.1814814814814815,0.2,-0.13333333333333333,0.1037037037037037,-0.15925925925925927,-0.0962962962962963,-0.1,0.22962962962962963,-0.04814814814814815,0.17407407407407408,-0.025925925925925925,0.06666666666666667,-0.044444444444444446
2,0.0,0.0,0.07720588235294118,-0.27205882352941174,0.09926470588235294,-0.5661764705882353,0.08088235294117647,-0.7867647058823529,0.04779411764705882,-1.0,-0.04411764705882353,-0.5919117647058824,0.34191176470588236,-0.5147058823529411,0.2867647058823529,-0.4227941176470588,0.15808823529411764,-0.4338235294117647,-0.09926470588235294,-0.43014705882352944,0.3382352941176471,-0.34558823529411764,0.23529411764705882,-0.2867647058823529,0.11397058823529412,-0.30514705882352944,-0.11029411764705882,-0.2536764705882353,0.2977941176470588,-0.1801470588235294,0.20955882352941177,-0.125,0.10661764705882353,-0.15441176470588236,-0.08455882352941177,-0.09191176470588236,0.2426470588235294,-0.04411764705882353,0.1801470588235294,-0.01838235294117647,0.06985294117647059,-0.03308823529411765
2,0.0,0.0,0.11072664359861592,-0.27335640138408307,0.16608996539792387,-0.5640138408304498,0.16262975778546712,-0.7889273356401384,0.14878892733564014,-1.0,0.07958477508650519,-0.5916955017301038,0.4532871972318339,-0.5224913494809689,0.38408304498269896,-0.4186851211072664,0.25259515570934254,-0.4290657439446367,0.02768166089965398,-0.4290657439446367,0.46366782006920415,-0.35294117647058826,0.356401384083045,-0.27335640138408307,0.2422145328719723,-0.28719723183391005,0.010380622837370242,-0.25259515570934254,0.4290657439446367,-0.18339100346020762,0.328719723183391,-0.1245674740484429,0.22145328719723184,-0.1453287197231834,0.020761245674740483,-0.08996539792387544,0.35986159169550175,-0.04498269896193772,0.29411764705882354,-0.020761245674740483,0.18339100346020762,-0.03460207612456748
2,0.0,0.0,0.11513157894736842,-0.27960526315789475,0.1875,-0.5723684210526315,0.19407894736842105,-0.7993421052631579,0.17105263157894737,-1.0,0.1118421052631579,-0.6085526315789473,0.48026315789473684,-0.5427631578947368,0.3980263157894737,-0.45394736842105265,0.27631578947368424,-0.46381578947368424,0.06578947368421052,-0.4506578947368421,0.4967105263157895,-0.375,0.3815789473684211,-0.3223684210526316,0.27631578947368424,-0.33881578947368424,0.049342105263157895,-0.28618421052631576,0.46381578947368424,-0.2138157894736842,0.34868421052631576,-0.17434210526315788,0.2532894736842105,-0.19407894736842105,0.06578947368421052,-0.125,0.3980263157894737,-0.07894736842105263,0.3092105263157895,-0.05921052631578947,0.19736842105263158,-0.0756578947368421
2,0.0,0.0,0.09764309764309764,-0.25925925925925924,0.21548821548821548,-0.5622895622895623,0.25252525252525254,-0.797979797979798,0.2222222222222222,-1.0,0.15488215488215487,-0.6094276094276094,0.5521885521885522,-0.531986531986532,0.4781144781144781,-0.4444444444444444,0.35353535353535354,-0.45791245791245794,0.12121212121212122,-0.4377104377104377,0.5757575757575758,-0.35353535353535354,0.468013468013468,-0.2996632996632997,0.3501683501683502,-0.31313131313131315,0.11784511784511785,-0.25252525252525254,0.5521885521885522,-0.18518518518518517,0.4377104377104377,-0.15151515151515152,0.3265993265993266,-0.1717171717171717,0.13468013468013468,-0.08417508417508418,0.48484848484848486,-0.04377104377104377,0.39730639730639733,-0.026936026936026935,0.27946127946127947,-0.04377104377104377
2,0.0,0.0,0.0859106529209622,-0.2508591065292096,0.20962199312714777,-0.563573883161512,0.2542955326460481,-0.8041237113402062,0.23024054982817868,-1.0,0.19243986254295534,-0.6082474226804123,0.5773195876288659,-0.5360824742268041,0.5017182130584192,-0.44329896907216493,0.37800687285223367,-0.44673539518900346,0.1718213058419244,-0.44329896907216493,0.6116838487972509,-0.35738831615120276,0.5051546391752577,-0.3024054982817869,0.3848797250859107,-0.3127147766323024,0.17525773195876287,-0.26804123711340205,0.5910652920962199,-0.1958762886597938,0.47766323024054985,-0.15807560137457044,0.3642611683848797,-0.18213058419243985,0.1958762886597938,-0.09965635738831616,0.5360824742268041,-0.054982817869415807,0.44329896907216493,-0.041237113402061855,0.31958762886597936,-0.058419243986254296
2,0.0,0.0,0.0673758865248227,-0.2553191489361702,0.19858156028368795,-0.5638297872340425,0.24822695035460993,-0.8014184397163121,0.2375886524822695,-1.0,0.19148936170212766,-0.6170212765957447,0.5886524822695035,-0.549645390070922,0.5212765957446809,-0.46099290780141844,0.39361702127659576,-0.4645390070921986,0.18085106382978725,-0.450354609929078,0.6312056737588653,-0.3617021276595745,0.5283687943262412,-0.30851063829787234,0.40425531914893614,-0.3191489361702128,0.1879432624113475,-0.26595744680851063,0.6134751773049646,-0.1950354609929078,0.5070921985815603,-0.1595744680851064,0.3900709219858156,-0.1773049645390071,0.2198581560283688,-0.08865248226950355,0.5602836879432624,-0.05319148936170213,0.4716312056737589,-0.03546099290780142,0.35106382978723405,-0.05319148936170213
2,0.0,0.0,0.06451612903225806,-0.25089605734767023,0.1971326164874552,-0.5627240143369175,0.25089605734767023,-0.7992831541218638,0.24372759856630824,-1.0,0.21505376344086022,-0.6129032258064516,0.6236559139784946,-0.5519713261648745,0.5698924731182796,-0.45878136200716846,0.4444444444444444,-0.44086021505376344,0.20430107526881722,-0.45161290322580644,0.6630824372759857,-0.3727598566308244,0.5842293906810035,-0.2974910394265233,0.46236559139784944,-0.2939068100358423,0.21505376344086022,-0.2724014336917563,0.6415770609318996,-0.20430107526881722,0.5555555555555556,-0.15053763440860216,0.4444444444444444,-0.16129032258064516,0.24372759856630824,-0.1003584229390681,0.5913978494623656,-0.053763440860215055,0.5125448028673835,-0.025089605734767026,0.3978494623655914,-0.03942652329749104
2,0.0,0.0,0.05818181818181818,-0.24727272727272728,0.18181818181818182,-0.5563636363636364,0.23272727272727273,-0.7963636363636364,0.2290909090909091,-1.0,0.20727272727272728,-0.6145454545454545,0.6254545454545455,-0.5527272727272727,0.5490909090909091,-0.4618181818181818,0.41454545454545455,-0.4581818181818182,0.2,-0.4581818181818182,0.6581818181818182,-0.36,0.5563636363636364,-0.3018181818181818,0.43272727272727274,-0.31272727272727274,0.20727272727272728,-0.27636363636363637,0.6327272727272727,-0.19272727272727272,0.5309090909090909,-0.14909090909090908,0.41818181818181815,-0.1709090909090909,0.24,-0.10181818181818182,0.5854545454545454,-0.05090909090909091,0.49818181818181817,-0.03272727272727273,0.38181818181818183,-0.04727272727272727
2,0.0,0.0,0.05970149253731343,-0.2537313432835821,0.19402985074626866,-0.5634328358208955,0.26119402985074625,-0.8022388059701493,0.25,-1.0,0.2462686567164179,-0.6343283582089553,0.6791044776119403,-0.5522388059701493,0.5970149253731343,-0.458955223880597,0.458955223880597,-0.4626865671641791,0.23880597014925373,-0.48134328358208955,0.7014925373134329,-0.3694029850746269,0.5932835820895522,-0.30223880597014924,0.4701492537313433,-0.3208955223880597,0.24253731343283583,-0.30223880597014924,0.6828358208955224,-0.20522388059701493,0.582089552238806,-0.14925373134328357,0.4664179104477612,-0.17164179104477612,0.26865671641791045,-0.11940298507462686,0.6268656716417911,-0.05970149253731343,0.5447761194029851,-0.029850746268656716,0.4291044776119403,-0.04477611940298507
2,0.0,0.0,0.05166051660516605,-0.25461254612546125,0.1881918819188192,-0.5645756457564576,0.25461254612546125,-0.8044280442804428,0.23616236162361623,-1.0,0.23985239852398524,-0.6309963099630996,0.6752767527675276,-0.5424354243542435,0.5867158671586716,-0.45387453874538747,0.44649446494464945,-0.4612546125461255,0.23616236162361623,-0.4797047970479705,0.6974169741697417,-0.36900369003690037,0.5904059040590406,-0.3025830258302583,0.46494464944649444,-0.3210332103321033,0.24723247232472326,-0.3025830258302583,0.6863468634686347,-0.2066420664206642,0.5793357933579336,-0.15498154981549817,0.46494464944649444,-0.17712177121771217,0.2730627306273063,-0.12177121771217712,0.6273062730627307,-0.05904059040590406,0.5424354243542435,-0.033210332103321034,0.42066420664206644,-0.04797047970479705
2,0.0,0.0,0.04411764705882353,-0.25735294117647056,0.17647058823529413,-0.5661764705882353,0.2610294117647059,-0.8088235294117647,0.25,-1.0,0.26838235294117646,-0.6029411764705882,0.6764705882352942,-0.5147058823529411,0.5808823529411765,-0.4411764705882353,0.44485294117647056,-0.4522058823529412,0.27941176470588236,-0.44485294117647056,0.6985294117647058,-0.33088235294117646,0.5882352941176471,-0.2867647058823529,0.4632352941176471,-0.3088235294117647,0.29411764705882354,-0.2647058823529412,0.6911764705882353,-0.16176470588235295,0.5845588235294118,-0.13602941176470587,0.4632352941176471,-0.16544117647058823,0.3272058823529412,-0.08455882352941177,0.6360294117647058,-0.022058823529411766,0.5441176470588235,-0.007352941176470588,0.4264705882352941,-0.03308823529411765
2,0.0,0.0,0.046875,-0.26171875,0.1875,-0.5703125,0.27734375,-0.8046875,0.29296875,-1.0,0.2890625,-0.59765625,0.6875,-0.515625,0.61328125,-0.44140625,0.48046875,-0.4375,0.30859375,-0.43359375,0.71875,-0.33984375,0.625,-0.28125,0.50390625,-0.29296875,0.328125,-0.25,0.7109375,-0.1640625,0.61328125,-0.12109375,0.49609375,-0.1484375,0.359375,-0.0625,0.66015625,-0.01171875,0.56640625,0.0078125,0.4453125,-0.015625
2,0.0,0.0,0.04819277108433735,-0.26506024096385544,0.1927710843373494,-0.5742971887550201,0.27710843373493976,-0.8072289156626506,0.28112449799196787,-1.0,0.2971887550200803,-0.5783132530120482,0.6867469879518072,-0.4939759036144578,0.606425702811245,-0.42570281124497994,0.46987951807228917,-0.42971887550200805,0.3092369477911647,-0.41365461847389556,0.7188755020080321,-0.321285140562249,0.6224899598393574,-0.26506024096385544,0.4939759036144578,-0.27710843373493976,0.3293172690763052,-0.2289156626506024,0.7068273092369478,-0.14859437751004015,0.606425702811245,-0.10843373493975904,0.4859437751004016,-0.1285140562248996,0.3534136546184739,-0.04417670682730924,0.6546184738955824,0.004016064257028112,0.5582329317269076,0.020080321285140562,0.43775100401606426,0.0
2,0.0,0.0,0.06437768240343347,-0.2703862660944206,0.21888412017167383,-0.575107296137339,0.296137339055794,-0.8068669527896996,0.30042918454935624,-1.0,0.33476394849785407,-0.5793991416309013,0.6952789699570815,-0.4892703862660944,0.6137339055793991,-0.4248927038626609,0.48497854077253216,-0.43776824034334766,0.34334763948497854,-0.41630901287553645,0.7253218884120172,-0.33476394849785407,0.6223175965665236,-0.2832618025751073,0.4978540772532189,-0.2918454935622318,0.3562231759656652,-0.2317596566523605,0.703862660944206,-0.1630901287553648,0.6051502145922747,-0.12875536480686695,0.4892703862660944,-0.15021459227467812,0.37339055793991416,-0.05150214592274678,0.6566523605150214,-0.017167381974248927,0.5622317596566524,0.0,0.44206008583690987,-0.02145922746781116
2,0.0,0.0,0.05263157894736842,-0.2822966507177033,0.20574162679425836,-0.583732057416268,0.32057416267942584,-0.8133971291866029,0.35406698564593303,-1.0,0.3492822966507177,-0.5980861244019139,0.722488038277512,-0.507177033492823,0.6363636363636364,-0.430622009569378,0.507177033492823,-0.44019138755980863,0.37320574162679426,-0.4258373205741627,0.7511961722488039,-0.3397129186602871,0.6507177033492823,-0.28708133971291866,0.5263157894736842,-0.3014354066985646,0.3923444976076555,-0.23444976076555024,0.7320574162679426,-0.15789473684210525,0.6267942583732058,-0.12440191387559808,0.507177033492823,-0.14832535885167464,0.41148325358851673,-0.04784688995215311,0.6889952153110048,-0.009569377990430622,0.5933014354066986,0.014354066985645933,0.4784688995215311,-0.009569377990430622
2,0.0,0.0,0.04390243902439024,-0.28292682926829266,0.1951219512195122,-0.5804878048780487,0.2926829268292683,-0.8146341463414634,0.2926829268292683,-1.0,0.36585365853658536,-0.5756097560975609,0.6829268292682927,-0.48292682926829267,0.5951219512195122,-0.424390243902439,0.47317073170731705,-0.43414634146341463,0.3951219512195122,-0.4097560975609756,0.7121951219512195,-0.33170731707317075,0.6146341463414634,-0.28780487804878047,0.5024390243902439,-0.2975609756097561,0.4097560975609756,-0.22439024390243903,0.7024390243902439,-0.16585365853658537,0.6048780487804878,-0.13170731707317074,0.4926829268292683,-0.14634146341463414,0.424390243902439,-0.04390243902439024,0.6634146341463415,-0.01951219512195122,0.5609756097560976,-0.004878048780487805,0.4585365853658537,-0.024390243902439025
2,0.0,0.0,0.045454545454545456,-0.2878787878787879,0.20707070707070707,-0.5858585858585859,0.3181818181818182,-0.8131313131313131,0.32323232323232326,-1.0,0.3838383838383838,-0.5656565656565656,0.696969696969697,-0.47474747474747475,0.6161616161616161,-0.41919191919191917,0.4898989898989899,-0.4292929292929293,0.41414141414141414,-0.3939393939393939,0.7222222222222222,-0.32323232323232326,0.6262626262626263,-0.2777777777777778,0.51010101010101,-0.2878787878787879,0.43434343434343436,-0.20202020202020202,0.7121212121212122,-0.15656565656565657,0.6111111111111112,-0.12626262626262627,0.5,-0.1414141414141414,0.4444444444444444,-0.020202020202020204,0.6616161616161617,-0.015151515151515152,0.5707070707070707,0.0,0.46464646464646464,-0.010101010101010102
2,0.0,0.0,0.05612244897959184,-0.28061224489795916,0.22448979591836735,-0.5816326530612245,0.32653061224489793,-0.8112244897959183,0.32653061224489793,-1.0,0.3622448979591837,-0.5510204081632653,0.6989795918367347,-0.4642857142857143,0.6122448979591837,-0.413265306122449,0.4846938775510204,-0.42346938775510207,0.3877551020408163,-0.37244897959183676,0.7295918367346939,-0.30612244897959184,0.6275510204081632,-0.2755102040816326,0.49489795918367346,-0.2857142857142857,0.4030612244897959,-0.1836734693877551,0.7193877551020408,-0.14285714285714285,0.6122448979591837,-0.12244897959183673,0.4846938775510204,-0.1377551020408163,0.41836734693877553,-0.00510204081632653,0.6581632653061225,0.00510204081632653,0.5561224489795918,0.01020408163265306,0.4387755102040816,-0.00510204081632653
2,0.0,0.0,0.065,-0.27,0.225,-0.58,0.32,-0.81,0.34,-1.0,0.345,-0.56,0.695,-0.49,0.615,-0.44,0.48,-0.445,0.36,-0.395,0.73,-0.33,0.63,-0.29,0.5,-0.3,0.375,-0.21,0.71,-0.16,0.61,-0.135,0.49,-0.15,0.39,-0.03,0.65,-0.01,0.555,-0.005,0.445,-0.02
2,0.0,0.0,0.075,-0.27,0.23,-0.575,0.32,-0.8,0.35,-1.0,0.33,-0.54,0.69,-0.485,0.63,-0.425,0.505,-0.41,0.34,-0.365,0.725,-0.32,0.645,-0.27,0.515,-0.265,0.355,-0.185,0.695,-0.15,0.61,-0.12,0.49,-0.125,0.37,-0.005,0.64,0.0,0.555,0.01,0.44,-0.005
2,0.0,0.0,0.08205128205128205,-0.2564102564102564,0.2512820512820513,-0.5692307692307692,0.3333333333333333,-0.8051282051282052,0.3487179487179487,-1.0,0.31794871794871793,-0.5076923076923077,0.6871794871794872,-0.46153846153846156,0.6,-0.4153846153846154,0.4666666666666667,-0.4153846153846154,0.31794871794871793,-0.3333333333333333,0.717948717948718,-0.2717948717948718,0.6153846153846154,-0.2512820512820513,0.47692307692307695,-0.2564102564102564,0.3282051282051282,-0.14358974358974358,0.6820512820512821,-0.09743589743589744,0.5794871794871795,-0.08717948717948718,0.46153846153846156,-0.09743589743589744,0.3384615384615385,0.035897435897435895,0.6205128205128205,0.046153846153846156,0.5230769230769231,0.046153846153846156,0.40512820512820513,0.03076923076923077
2,0.0,0.0,0.09644670050761421,-0.24873096446700507,0.27918781725888325,-0.5634517766497462,0.36548223350253806,-0.7969543147208121,0.3756345177664975,-1.0,0.3096446700507614,-0.5329949238578681,0.6751269035532995,-0.4619289340101523,0.583756345177665,-0.40609137055837563,0.4517766497461929,-0.41116751269035534,0.2893401015228426,-0.3553299492385787,0.700507614213198,-0.28426395939086296,0.583756345177665,-0.25888324873096447,0.4467005076142132,-0.2639593908629442,0.28426395939086296,-0.16751269035532995,0.6598984771573604,-0.1218274111675127,0.5431472081218274,-0.1065989847715736,0.4213197969543147,-0.1218274111675127,0.2893401015228426,0.015228426395939087,0.5888324873096447,0.025380710659898477,0.49238578680203043,0.025380710659898477,0.37055837563451777,0.015228426395939087
2,0.0,0.0,0.11055276381909548,-0.24623115577889448,0.2964824120603015,-0.5628140703517588,0.38190954773869346,-0.7939698492462312,0.3869346733668342,-1.0,0.2964824120603015,-0.5376884422110553,0.6733668341708543,-0.4623115577889447,0.5879396984924623,-0.40703517587939697,0.4623115577889447,-0.4120603015075377,0.2663316582914573,-0.35678391959798994,0.6984924623115578,-0.2814070351758794,0.5829145728643216,-0.2562814070351759,0.44221105527638194,-0.2663316582914573,0.2613065326633166,-0.1658291457286432,0.6633165829145728,-0.12562814070351758,0.5477386934673367,-0.11557788944723618,0.41708542713567837,-0.1306532663316583,0.2663316582914573,0.020100502512562814,0.5829145728643216,0.01507537688442211,0.48743718592964824,0.010050251256281407,0.36180904522613067,0.005025125628140704
2,0.0,0.0,0.13917525773195877,-0.25773195876288657,0.30927835051546393,-0.5670103092783505,0.36597938144329895,-0.7938144329896907,0.36597938144329895,-1.0,0.24742268041237114,-0.5412371134020618,0.6288659793814433,-0.4690721649484536,0.5412371134020618,-0.39690721649484534,0.41237113402061853,-0.41237113402061853,0.19072164948453607,-0.3556701030927835,0.634020618556701,-0.27835051546391754,0.520618556701031,-0.24742268041237114,0.38144329896907214,-0.27319587628865977,0.17010309278350516,-0.17010309278350516,0.5824742268041238,-0.1134020618556701,0.4639175257731959,-0.0979381443298969,0.3402061855670103,-0.12886597938144329,0.17010309278350516,0.0,0.5,0.020618556701030927,0.4072164948453608,0.020618556701030927,0.28865979381443296,0.0
2,0.0,0.0,0.15,-0.27,0.295,-0.57,0.34,-0.8,0.34,-1.0,0.205,-0.56,0.565,-0.465,0.475,-0.395,0.355,-0.43,0.145,-0.39,0.565,-0.29,0.45,-0.255,0.33,-0.285,0.125,-0.22,0.525,-0.135,0.405,-0.12,0.29,-0.15,0.125,-0.06,0.45,-0.015,0.355,-0.01,0.24,-0.035
2,0.0,0.0,0.16585365853658537,-0.2634146341463415,0.3024390243902439,-0.5658536585365853,0.3463414634146341,-0.8,0.3463414634146341,-1.0,0.2,-0.5951219512195122,0.5560975609756098,-0.5121951219512195,0.4682926829268293,-0.43414634146341463,0.3463414634146341,-0.4585365853658537,0.14146341463414633,-0.43414634146341463,0.551219512195122,-0.3463414634146341,0.44390243902439025,-0.3024390243902439,0.32195121951219513,-0.33170731707317075,0.11219512195121951,-0.2682926829268293,0.5073170731707317,-0.18536585365853658,0.3951219512195122,-0.16097560975609757,0.28292682926829266,-0.1951219512195122,0.11219512195121951,-0.1073170731707317,0.4292682926829268,-0.05853658536585366,0.35121951219512193,-0.04390243902439024,0.23902439024390243,-0.06829268292682927
2,0.0,0.0,0.1761904761904762,-0.2523809523809524,0.319047619047619,-0.5619047619047619,0.3761904761904762,-0.7952380952380952,0.38571428571428573,-1.0,0.20476190476190476,-0.6333333333333333,0.5619047619047619,-0.5333333333333333,0.4714285714285714,-0.4523809523809524,0.34285714285714286,-0.4857142857142857,0.14285714285714285,-0.47619047619047616,0.5523809523809524,-0.36666666666666664,0.4380952380952381,-0.319047619047619,0.3142857142857143,-0.3523809523809524,0.10952380952380952,-0.3047619047619048,0.5047619047619047,-0.20952380952380953,0.38571428571428573,-0.18095238095238095,0.2761904761904762,-0.21428571428571427,0.10952380952380952,-0.1380952380952381,0.42857142857142855,-0.09047619047619047,0.3476190476190476,-0.0761904761904762,0.23333333333333334,-0.1
2,0.0,0.0,0.1834862385321101,-0.26146788990825687,0.3165137614678899,-0.5596330275229358,0.37155963302752293,-0.7981651376146789,0.3853211009174312,-1.0,0.20642201834862386,-0.6330275229357798,0.555045871559633,-0.5412844036697247,0.4724770642201835,-0.45871559633027525,0.3532110091743119,-0.48623853211009177,0.14678899082568808,-0.48623853211009177,0.5504587155963303,-0.37155963302752293,0.43577981651376146,-0.3256880733944954,0.3165137614678899,-0.3577981651376147,0.11467889908256881,-0.3211009174311927,0.5,-0.22477064220183487,0.3853211009174312,-0.1926605504587156,0.28440366972477066,-0.22018348623853212,0.11467889908256881,-0.16055045871559634,0.42660550458715596,-0.10550458715596331,0.3486238532110092,-0.09174311926605505,0.23853211009174313,-0.11467889908256881
2,0.0,0.0,0.1889400921658986,-0.2672811059907834,0.3317972350230415,-0.5668202764976958,0.3870967741935484,-0.7972350230414746,0.39631336405529954,-1.0,0.22580645161290322,-0.6405529953917051,0.576036866359447,-0.543778801843318,0.4930875576036866,-0.45622119815668205,0.37327188940092165,-0.4838709677419355,0.16589861751152074,-0.48847926267281105,0.5714285714285714,-0.3778801843317972,0.45622119815668205,-0.3271889400921659,0.3317972350230415,-0.3548387096774194,0.12903225806451613,-0.31797235023041476,0.511520737327189,-0.2304147465437788,0.39631336405529954,-0.1935483870967742,0.29493087557603687,-0.22580645161290322,0.12442396313364056,-0.15668202764976957,0.43317972350230416,-0.11059907834101383,0.3548387096774194,-0.09216589861751152,0.2488479262672811,-0.11981566820276497
2,0.0,0.0,0.18018018018018017,-0.26126126126126126,0.31981981981981983,-0.5585585585585585,0.3738738738738739,-0.7927927927927928,0.38738738738738737,-1.0,0.22072072072072071,-0.6441441441441441,0.5675675675675675,-0.5495495495495496,0.4864864864864865,-0.45495495495495497,0.3738738738738739,-0.4864864864864865,0.16216216216216217,-0.5,0.5630630630630631,-0.3738738738738739,0.44144144144144143,-0.31981981981981983,0.32882882882882886,-0.35585585585585583,0.12612612612612611,-0.33783783783783783,0.509009009009009,-0.22522522522522523,0.3918918918918919,-0.1891891891891892,0.2927927927927928,-0.22522522522522523,0.12162162162162163,-0.18018018018018017,0.42792792792792794,-0.10810810810810811,0.34684684684684686,-0.09009009009009009,0.24324324324324326,-0.11711711711711711
2,0.0,0.0,0.17467248908296942,-0.2576419213973799,0.29694323144104806,-0.5545851528384279,0.34497816593886466,-0.7903930131004366,0.3624454148471616,-1.0,0.20087336244541484,-0.6637554585152838,0.5414847161572053,-0.5764192139737991,0.4497816593886463,-0.49344978165938863,0.3406113537117904,-0.5283842794759825,0.13537117903930132,-0.5283842794759825,0.5327510917030568,-0.40611353711790393,0.40611353711790393,-0.3537117903930131,0.30131004366812225,-0.38427947598253276,0.10043668122270742,-0.37117903930131,0.48034934497816595,-0.25327510917030566,0.35807860262008734,-0.21397379912663755,0.26200873362445415,-0.24890829694323144,0.09606986899563319,-0.21397379912663755,0.4017467248908297,-0.13537117903930132,0.31004366812227074,-0.11790393013100436,0.2052401746724891,-0.14847161572052403
2,0.0,0.0,0.17886178861788618,-0.2764227642276423,0.2682926829268293,-0.5691056910569106,0.2926829268292683,-0.7967479674796748,0.2886178861788618,-1.0,0.13821138211382114,-0.6747967479674797,0.45934959349593496,-0.6016260162601627,0.3861788617886179,-0.524390243902439,0.2845528455284553,-0.5487804878048781,0.07723577235772358,-0.5487804878048781,0.4634146341463415,-0.45121951219512196,0.35365853658536583,-0.3983739837398374,0.24796747967479674,-0.42276422764227645,0.052845528455284556,-0.3983739837398374,0.42276422764227645,-0.3048780487804878,0.3130081300813008,-0.2601626016260163,0.22357723577235772,-0.2845528455284553,0.056910569105691054,-0.24390243902439024,0.35365853658536583,-0.18292682926829268,0.2764227642276423,-0.15853658536585366,0.17886178861788618,-0.18292682926829268
2,0.0,0.0,0.15079365079365079,-0.2896825396825397,0.1865079365079365,-0.5833333333333334,0.1746031746031746,-0.7936507936507936,0.15873015873015872,-1.0,-0.011904761904761904,-0.6746031746031746,0.32142857142857145,-0.6071428571428571,0.27380952380952384,-0.503968253968254,0.17063492063492064,-0.5238095238095238,-0.07142857142857142,-0.5555555555555556,0.32142857142857145,-0.46825396825396826,0.23809523809523808,-0.3888888888888889,0.1349206349206349,-0.40476190476190477,-0.09126984126984126,-0.4087301587301587,0.28174603174603174,-0.32936507936507936,0.21031746031746032,-0.2619047619047619,0.12301587301587301,-0.28174603174603174,-0.07539682539682539,-0.25793650793650796,0.2261904761904762,-0.21428571428571427,0.1746031746031746,-0.18253968253968253,0.07142857142857142,-0.1984126984126984
2,0.0,0.0,0.13765182186234817,-0.291497975708502,0.16194331983805668,-0.582995951417004,0.1417004048582996,-0.7935222672064778,0.11336032388663968,-1.0,-0.05263157894736842,-0.6761133603238867,0.2834008097165992,-0.6032388663967612,0.242914979757085,-0.5020242914979757,0.13765182186234817,-0.5141700404858299,-0.11740890688259109,-0.5425101214574899,0.27530364372469635,-0.4574898785425101,0.20242914979757085,-0.3765182186234818,0.09716599190283401,-0.38866396761133604,-0.1417004048582996,-0.38461538461538464,0.23076923076923078,-0.30364372469635625,0.1700404858299595,-0.2388663967611336,0.07692307692307693,-0.2591093117408907,-0.12955465587044535,-0.22672064777327935,0.17813765182186234,-0.1862348178137652,0.1417004048582996,-0.15789473684210525,0.044534412955465584,-0.1700404858299595
2,0.0,0.0,0.14227642276422764,-0.2845528455284553,0.16666666666666666,-0.573170731707317,0.14634146341463414,-0.7926829268292683,0.10975609756097561,-1.0,-0.06504065040650407,-0.6869918699186992,0.2764227642276423,-0.6016260162601627,0.25203252032520324,-0.5,0.15447154471544716,-0.5040650406504065,-0.14227642276422764,-0.556910569105691,0.2601626016260163,-0.4634146341463415,0.1991869918699187,-0.3780487804878049,0.0975609756097561,-0.3821138211382114,-0.17479674796747968,-0.4024390243902439,0.2073170731707317,-0.32113821138211385,0.15853658536585366,-0.25203252032520324,0.06910569105691057,-0.2601626016260163,-0.16666666666666666,-0.24390243902439024,0.13821138211382114,-0.1991869918699187,0.11788617886178862,-0.15853658536585366,0.028455284552845527,-0.16260162601626016
2,0.0,0.0,0.1306122448979592,-0.27346938775510204,0.12653061224489795,-0.5714285714285714,0.09387755102040816,-0.7959183673469388,0.053061224489795916,-1.0,-0.14285714285714285,-0.6612244897959184,0.20816326530612245,-0.6,0.2,-0.47346938775510206,0.09387755102040816,-0.45714285714285713,-0.23265306122448978,-0.5306122448979592,0.19183673469387755,-0.4489795918367347,0.15918367346938775,-0.3469387755102041,0.053061224489795916,-0.33877551020408164,-0.2612244897959184,-0.37142857142857144,0.14285714285714285,-0.2938775510204082,0.11428571428571428,-0.21224489795918366,0.02040816326530612,-0.21224489795918366,-0.2571428571428571,-0.20408163265306123,0.05714285714285714,-0.15510204081632653,0.053061224489795916,-0.11428571428571428,-0.024489795918367346,-0.11836734693877551
2,0.0,0.0,0.12184873949579832,-0.2605042016806723,0.10504201680672269,-0.5630252100840336,0.07563025210084033,-0.7899159663865546,0.04201680672268908,-1.0,-0.18067226890756302,-0.6512605042016807,0.18907563025210083,-0.592436974789916,0.19747899159663865,-0.453781512605042,0.08823529411764706,-0.42436974789915966,-0.2815126050420168,-0.5084033613445378,0.1722689075630252,-0.4369747899159664,0.15546218487394958,-0.31932773109243695,0.0546218487394958,-0.29831932773109243,-0.31512605042016806,-0.33613445378151263,0.1092436974789916,-0.27310924369747897,0.10504201680672269,-0.17647058823529413,0.01680672268907563,-0.1638655462184874,-0.31092436974789917,-0.15126050420168066,0.01680672268907563,-0.1092436974789916,0.03361344537815126,-0.06722689075630252,-0.04201680672268908,-0.06722689075630252
2,0.0,0.0,0.13043478260869565,-0.2608695652173913,0.1067193675889328,-0.5652173913043478,0.06719367588932806,-0.7944664031620553,0.03162055335968379,-1.0,-0.2015810276679842,-0.6363636363636364,0.15019762845849802,-0.5770750988142292,0.17786561264822134,-0.4308300395256917,0.07905138339920949,-0.4031620553359684,-0.30039525691699603,-0.4901185770750988,0.13043478260869565,-0.42292490118577075,0.1383399209486166,-0.30039525691699603,0.043478260869565216,-0.28063241106719367,-0.33201581027667987,-0.31620553359683795,0.07905138339920949,-0.25691699604743085,0.09486166007905138,-0.15810276679841898,0.007905138339920948,-0.1422924901185771,-0.3241106719367589,-0.1383399209486166,0.0,-0.10276679841897234,0.039525691699604744,-0.05533596837944664,-0.019762845849802372,-0.05533596837944664
2,0.0,0.0,0.0931174089068826,-0.2591093117408907,0.0728744939271255,-0.5587044534412956,0.03643724696356275,-0.7854251012145749,-0.020242914979757085,-1.0,-0.20647773279352227,-0.6032388663967612,0.1862348178137652,-0.5465587044534413,0.19838056680161945,-0.43724696356275305,0.0931174089068826,-0.41700404858299595,-0.2874493927125506,-0.43724696356275305,0.1862348178137652,-0.3684210526315789,0.15789473684210525,-0.2834008097165992,0.04048582995951417,-0.2793522267206478,-0.30364372469635625,-0.24696356275303644,0.12550607287449392,-0.19433198380566802,0.10931174089068826,-0.12955465587044535,0.008097165991902834,-0.1417004048582996,-0.2874493927125506,-0.06477732793522267,0.048582995951417005,-0.04048582995951417,0.06072874493927125,-0.008097165991902834,-0.012145748987854251,-0.012145748987854251
2,0.0,0.0,0.09411764705882353,-0.2549019607843137,0.09019607843137255,-0.5568627450980392,0.06666666666666667,-0.7843137254901961,0.01568627450980392,-1.0,-0.15294117647058825,-0.6039215686274509,0.23137254901960785,-0.5529411764705883,0.20392156862745098,-0.44313725490196076,0.07450980392156863,-0.42745098039215684,-0.2235294117647059,-0.4392156862745098,0.23137254901960785,-0.3803921568627451,0.16470588235294117,-0.30196078431372547,0.043137254901960784,-0.29411764705882354,-0.23921568627450981,-0.2549019607843137,0.19215686274509805,-0.20392156862745098,0.13333333333333333,-0.13725490196078433,0.023529411764705882,-0.1411764705882353,-0.21568627450980393,-0.07450980392156863,0.12156862745098039,-0.047058823529411764,0.09411764705882353,-0.01568627450980392,0.0,-0.023529411764705882
2,0.0,0.0,0.1174496644295302,-0.28859060402684567,0.14093959731543623,-0.5838926174496645,0.12080536912751678,-0.7953020134228188,0.09395973154362416,-1.0,-0.050335570469798654,-0.6208053691275168,0.2953020134228188,-0.5604026845637584,0.2550335570469799,-0.4597315436241611,0.1476510067114094,-0.4697986577181208,-0.1040268456375839,-0.47651006711409394,0.30201342281879195,-0.40604026845637586,0.2214765100671141,-0.33557046979865773,0.11409395973154363,-0.348993288590604,-0.11409395973154363,-0.31543624161073824,0.2751677852348993,-0.2516778523489933,0.19798657718120805,-0.19798657718120805,0.1040268456375839,-0.2214765100671141,-0.09060402684563758,-0.15771812080536912,0.22483221476510068,-0.12080536912751678,0.174496644295302,-0.09731543624161074,0.0738255033557047,-0.11409395973154363
2,0.0,0.0,0.1180327868852459,-0.30491803278688523,0.14426229508196722,-0.6,0.12786885245901639,-0.8032786885245902,0.10163934426229508,-1.0,-0.04590163934426229,-0.6196721311475409,0.29508196721311475,-0.5573770491803278,0.25573770491803277,-0.45901639344262296,0.1540983606557377,-0.46885245901639344,-0.09180327868852459,-0.46229508196721314,0.3180327868852459,-0.39344262295081966,0.2360655737704918,-0.32459016393442625,0.13114754098360656,-0.3442622950819672,-0.09836065573770492,-0.29508196721311475,0.29180327868852457,-0.24918032786885247,0.21311475409836064,-0.20327868852459016,0.1180327868852459,-0.22950819672131148,-0.07868852459016394,-0.14098360655737704,0.2360655737704918,-0.12459016393442623,0.18360655737704917,-0.11147540983606558,0.09180327868852459,-0.12459016393442623
2,0.0,0.0,0.13592233009708737,-0.313915857605178,0.19093851132686085,-0.598705501618123,0.1941747572815534,-0.8025889967637541,0.16828478964401294,-1.0,0.05177993527508091,-0.6213592233009708,0.459546925566343,-0.5792880258899676,0.5210355987055016,-0.4886731391585761,0.5145631067961165,-0.4692556634304207,0.0,-0.46601941747572817,0.44983818770226536,-0.3883495145631068,0.42718446601941745,-0.31715210355987056,0.34627831715210355,-0.32038834951456313,-0.022653721682847898,-0.2912621359223301,0.39805825242718446,-0.23948220064724918,0.37540453074433655,-0.19093851132686085,0.30097087378640774,-0.21035598705501618,-0.009708737864077669,-0.13268608414239483,0.3333333333333333,-0.10355987055016182,0.3559870550161812,-0.10032362459546926,0.3042071197411003,-0.1262135922330097
2,0.0,0.0,0.1357615894039735,-0.2913907284768212,0.2052980132450331,-0.5860927152317881,0.2185430463576159,-0.7980132450331126,0.20860927152317882,-1.0,0.10264900662251655,-0.6324503311258278,0.5099337748344371,-0.5695364238410596,0.47019867549668876,-0.45364238410596025,0.3609271523178808,-0.4470198675496689,0.06291390728476821,-0.46688741721854304,0.5198675496688742,-0.3973509933774834,0.4337748344370861,-0.31788079470198677,0.32450331125827814,-0.32781456953642385,0.04966887417218543,-0.2847682119205298,0.4867549668874172,-0.23509933774834438,0.38741721854304634,-0.17218543046357615,0.2814569536423841,-0.18543046357615894,0.06291390728476821,-0.11589403973509933,0.4105960264900662,-0.09271523178807947,0.3443708609271523,-0.06622516556291391,0.23841059602649006,-0.0728476821192053
2,0.0,0.0,0.13043478260869565,-0.2709030100334448,0.22408026755852842,-0.5719063545150501,0.2408026755852843,-0.7993311036789298,0.22073578595317725,-1.0,0.12709030100334448,-0.6354515050167224,0.5217391304347826,-0.5451505016722408,0.44481605351170567,-0.451505016722408,0.3177257525083612,-0.47491638795986624,0.08361204013377926,-0.4682274247491639,0.5384615384615384,-0.3779264214046823,0.4280936454849498,-0.31438127090301005,0.3110367892976589,-0.3311036789297659,0.07023411371237458,-0.2909698996655518,0.49498327759197325,-0.21070234113712374,0.3779264214046823,-0.16387959866220736,0.27424749163879597,-0.18394648829431437,0.0802675585284281,-0.12709030100334448,0.4214046822742475,-0.07357859531772576,0.3411371237458194,-0.05351170568561873,0.23076923076923078,-0.07023411371237458
2,0.0,0.0,0.10963455149501661,-0.2691029900332226,0.23588039867109634,-0.5681063122923588,0.292358803986711,-0.7973421926910299,0.2857142857142857,-1.0,0.1760797342192691,-0.6179401993355482,0.5780730897009967,-0.53156146179402,0.4983388704318937,-0.44518272425249167,0.3754152823920266,-0.46179401993355484,0.1461794019933555,-0.4485049833887043,0.6079734219269103,-0.3521594684385382,0.5049833887043189,-0.29900332225913623,0.38870431893687707,-0.31561461794019935,0.14285714285714285,-0.2724252491694352,0.5780730897009967,-0.18604651162790697,0.46179401993355484,-0.15282392026578073,0.3488372093023256,-0.17940199335548174,0.15946843853820597,-0.10631229235880399,0.5049833887043189,-0.053156146179401995,0.4186046511627907,-0.04318936877076412,0.30564784053156147,-0.0664451827242525
2,0.0,0.0,0.10104529616724739,-0.25435540069686413,0.23344947735191637,-0.5609756097560976,0.289198606271777,-0.7979094076655052,0.2926829268292683,-1.0,0.21951219512195122,-0.5923344947735192,0.6236933797909407,-0.5261324041811847,0.5609756097560976,-0.43902439024390244,0.42857142857142855,-0.42857142857142855,0.1986062717770035,-0.42160278745644597,0.6689895470383276,-0.34494773519163763,0.5749128919860628,-0.2857142857142857,0.445993031358885,-0.2857142857142857,0.20209059233449478,-0.23693379790940766,0.6445993031358885,-0.17073170731707318,0.5505226480836237,-0.13240418118466898,0.42857142857142855,-0.14634146341463414,0.2264808362369338,-0.059233449477351915,0.5818815331010453,-0.017421602787456445,0.5052264808362369,-0.006968641114982578,0.3867595818815331,-0.024390243902439025
2,0.0,0.0,0.07746478873239436,-0.25,0.22183098591549297,-0.5598591549295775,0.2887323943661972,-0.795774647887324,0.29225352112676056,-1.0,0.2323943661971831,-0.5774647887323944,0.647887323943662,-0.5176056338028169,0.573943661971831,-0.44366197183098594,0.43661971830985913,-0.44366197183098594,0.21830985915492956,-0.4084507042253521,0.6901408450704225,-0.323943661971831,0.5880281690140845,-0.2746478873239437,0.45774647887323944,-0.28169014084507044,0.22887323943661972,-0.21830985915492956,0.6725352112676056,-0.15140845070422534,0.5633802816901409,-0.12323943661971831,0.44014084507042256,-0.14084507042253522,0.2640845070422535,-0.035211267605633804,0.6126760563380281,0.0,0.5211267605633803,0.007042253521126761,0.39436619718309857,-0.014084507042253521
2,0.0,0.0,0.07017543859649122,-0.24912280701754386,0.22105263157894736,-0.5649122807017544,0.2912280701754386,-0.8,0.28771929824561404,-1.0,0.23859649122807017,-0.5824561403508772,0.6526315789473685,-0.5087719298245614,0.5684210526315789,-0.43508771929824563,0.43157894736842106,-0.4456140350877193,0.22456140350877193,-0.4070175438596491,0.6877192982456141,-0.3192982456140351,0.5789473684210527,-0.2736842105263158,0.44912280701754387,-0.28421052631578947,0.23508771929824562,-0.21754385964912282,0.6631578947368421,-0.14035087719298245,0.5543859649122806,-0.11578947368421053,0.43157894736842106,-0.1368421052631579,0.27017543859649124,-0.03508771929824561,0.6105263157894737,0.007017543859649123,0.519298245614035,0.010526315789473684,0.39649122807017545,-0.014035087719298246
2,0.0,0.0,0.07526881720430108,-0.25089605734767023,0.22580645161290322,-0.5627240143369175,0.3046594982078853,-0.7992831541218638,0.31899641577060933,-1.0,0.26523297491039427,-0.5734767025089605,0.6845878136200717,-0.4982078853046595,0.5913978494623656,-0.43010752688172044,0.45161290322580644,-0.43727598566308246,0.25806451612903225,-0.4014336917562724,0.7096774193548387,-0.3154121863799283,0.6057347670250897,-0.2724014336917563,0.4731182795698925,-0.27956989247311825,0.26523297491039427,-0.2114695340501792,0.6917562724014337,-0.13620071684587814,0.5842293906810035,-0.10752688172043011,0.45878136200716846,-0.12544802867383512,0.2939068100358423,-0.025089605734767026,0.6344086021505376,0.017921146953405017,0.5483870967741935,0.02867383512544803,0.41935483870967744,0.007168458781362007
2,0.0,0.0,0.06204379562043796,-0.2518248175182482,0.20802919708029197,-0.5656934306569343,0.29927007299270075,-0.7992700729927007,0.32116788321167883,-1.0,0.2664233576642336,-0.5620437956204379,0.6788321167883211,-0.49635036496350365,0.5985401459854015,-0.4306569343065693,0.4635036496350365,-0.42700729927007297,0.27007299270072993,-0.38686131386861317,0.7043795620437956,-0.3175182481751825,0.6058394160583942,-0.27007299270072993,0.4708029197080292,-0.2773722627737226,0.2846715328467153,-0.19708029197080293,0.6861313868613139,-0.1386861313868613,0.583941605839416,-0.10583941605839416,0.4562043795620438,-0.12043795620437957,0.3175182481751825,-0.010948905109489052,0.6386861313868614,0.01824817518248175,0.5474452554744526,0.032846715328467155,0.41605839416058393,0.014598540145985401
2,0.0,0.0,0.058365758754863814,-0.2490272373540856,0.21011673151750973,-0.5642023346303502,0.29961089494163423,-0.7937743190661478,0.3151750972762646,-1.0,0.25680933852140075,-0.5486381322957199,0.6809338521400778,-0.490272373540856,0.603112840466926,-0.4280155642023346,0.4591439688715953,-0.42412451361867703,0.2529182879377432,-0.35797665369649806,0.708171206225681,-0.29961089494163423,0.6070038910505836,-0.26459143968871596,0.46303501945525294,-0.26848249027237353,0.26459143968871596,-0.16342412451361868,0.6926070038910506,-0.12062256809338522,0.5836575875486382,-0.09727626459143969,0.44357976653696496,-0.10894941634241245,0.29571984435797666,0.027237354085603113,0.6381322957198443,0.04669260700389105,0.5369649805447471,0.054474708171206226,0.3968871595330739,0.038910505836575876
2,0.0,0.0,0.058823529411764705,-0.25630252100840334,0.21428571428571427,-0.5630252100840336,0.31092436974789917,-0.7941176470588235,0.3319327731092437,-1.0,0.2647058823529412,-0.5546218487394958,0.6764705882352942,-0.4957983193277311,0.6050420168067226,-0.4327731092436975,0.47058823529411764,-0.42016806722689076,0.2647058823529412,-0.3697478991596639,0.7142857142857143,-0.3235294117647059,0.6176470588235294,-0.2773109243697479,0.4789915966386555,-0.27310924369747897,0.2815126050420168,-0.18487394957983194,0.6932773109243697,-0.14705882352941177,0.5966386554621849,-0.11764705882352941,0.46638655462184875,-0.12605042016806722,0.31092436974789917,0.0,0.6386554621848739,0.012605042016806723,0.5462184873949579,0.025210084033613446,0.42016806722689076,0.008403361344537815
2,0.0,0.0,0.05803571428571429,-0.25892857142857145,0.20982142857142858,-0.5669642857142857,0.30357142857142855,-0.7991071428571429,0.33035714285714285,-1.0,0.27232142857142855,-0.5580357142857143,0.6741071428571429,-0.5,0.59375,-0.4419642857142857,0.45535714285714285,-0.4419642857142857,0.2767857142857143,-0.38392857142857145,0.7098214285714286,-0.3169642857142857,0.6071428571428571,-0.28125,0.46875,-0.29017857142857145,0.29464285714285715,-0.19642857142857142,0.6919642857142857,-0.14285714285714285,0.5892857142857143,-0.11607142857142858,0.45535714285714285,-0.13839285714285715,0.32589285714285715,-0.017857142857142856,0.6383928571428571,0.008928571428571428,0.5446428571428571,0.017857142857142856,0.41517857142857145,0.0
2,0.0,0.0,0.04878048780487805,-0.25365853658536586,0.2,-0.5658536585365853,0.28780487804878047,-0.8,0.3024390243902439,-1.0,0.25365853658536586,-0.5560975609756098,0.6536585365853659,-0.5073170731707317,0.5804878048780487,-0.43902439024390244,0.44390243902439025,-0.4292682926829268,0.2634146341463415,-0.3804878048780488,0.6926829268292682,-0.33170731707317075,0.6,-0.28292682926829266,0.47317073170731705,-0.28292682926829266,0.28780487804878047,-0.1951219512195122,0.6731707317073171,-0.15121951219512195,0.5804878048780487,-0.12682926829268293,0.4585365853658537,-0.14146341463414633,0.3170731707317073,-0.01951219512195122,0.6292682926829268,0.0,0.5414634146341464,0.00975609756097561,0.4195121951219512,-0.004878048780487805
2,0.0,0.0,0.06372549019607843,-0.25,0.22549019607843138,-0.5637254901960784,0.3088235294117647,-0.803921568627451,0.29901960784313725,-1.0,0.2549019607843137,-0.5735294117647058,0.6372549019607843,-0.5196078431372549,0.5588235294117647,-0.45098039215686275,0.4264705882352941,-0.44607843137254904,0.25980392156862747,-0.4019607843137255,0.6764705882352942,-0.35784313725490197,0.5735294117647058,-0.30392156862745096,0.44607843137254904,-0.30392156862745096,0.27941176470588236,-0.21568627450980393,0.6617647058823529,-0.18137254901960784,0.553921568627451,-0.15196078431372548,0.43137254901960786,-0.16176470588235295,0.3137254901960784,-0.03431372549019608,0.6078431372549019,-0.03431372549019608,0.5098039215686274,-0.014705882352941176,0.39215686274509803,-0.0196078431372549
2,0.0,0.0,0.07575757575757576,-0.25252525252525254,0.2222222222222222,-0.5656565656565656,0.29292929292929293,-0.803030303030303,0.29292929292929293,-1.0,0.22727272727272727,-0.5454545454545454,0.6060606060606061,-0.5202020202020202,0.5252525252525253,-0.4595959595959596,0.40404040404040403,-0.45454545454545453,0.22727272727272727,-0.37373737373737376,0.6464646464646465,-0.3333333333333333,0.5404040404040404,-0.29292929292929293,0.41414141414141414,-0.29797979797979796,0.25252525252525254,-0.1919191919191919,0.6313131313131313,-0.16161616161616163,0.5202020202020202,-0.1414141414141414,0.398989898989899,-0.16161616161616163,0.2828282828282828,-0.015151515151515152,0.5858585858585859,-0.020202020202020204,0.4898989898989899,-0.015151515151515152,0.36363636363636365,-0.025252525252525252
2,0.0,0.0,0.08121827411167512,-0.24873096446700507,0.2233502538071066,-0.5532994923857868,0.29441624365482233,-0.7918781725888325,0.29441624365482233,-1.0,0.2182741116751269,-0.5532994923857868,0.5939086294416244,-0.5025380710659898,0.5279187817258884,-0.43147208121827413,0.4010152284263959,-0.4213197969543147,0.20304568527918782,-0.38578680203045684,0.6395939086294417,-0.3401015228426396,0.5431472081218274,-0.2893401015228426,0.41116751269035534,-0.28426395939086296,0.20812182741116753,-0.20812182741116753,0.6142131979695431,-0.17766497461928935,0.5126903553299492,-0.15228426395939088,0.39593908629441626,-0.15736040609137056,0.22842639593908629,-0.04060913705583756,0.5482233502538071,-0.03553299492385787,0.467005076142132,-0.030456852791878174,0.350253807106599,-0.03553299492385787
2,0.0,0.0,0.15104166666666666,-0.2604166666666667,0.28125,-0.5625,0.3177083333333333,-0.8020833333333334,0.3072916666666667,-1.0,0.18229166666666666,-0.59375,0.546875,-0.5260416666666666,0.46875,-0.4479166666666667,0.3541666666666667,-0.46875,0.13541666666666666,-0.421875,0.5677083333333334,-0.359375,0.4635416666666667,-0.3072916666666667,0.34375,-0.328125,0.11979166666666667,-0.25,0.5364583333333334,-0.19791666666666666,0.4166666666666667,-0.16666666666666666,0.3072916666666667,-0.1875,0.13020833333333334,-0.08854166666666667,0.453125,-0.06770833333333333,0.3697916666666667,-0.046875,0.265625,-0.0625
2,0.0,0.0,0.14720812182741116,-0.28426395939086296,0.2436548223350254,-0.583756345177665,0.26903553299492383,-0.8121827411167513,0.25380710659898476,-1.0,0.116751269035533,-0.6091370558375635,0.4416243654822335,-0.5634517766497462,0.37055837563451777,-0.47715736040609136,0.2639593908629442,-0.49238578680203043,0.07106598984771574,-0.45685279187817257,0.4467005076142132,-0.41116751269035534,0.350253807106599,-0.3604060913705584,0.2436548223350254,-0.37055837563451777,0.05583756345177665,-0.29949238578680204,0.4213197969543147,-0.2639593908629442,0.3197969543147208,-0.2233502538071066,0.2233502538071066,-0.2436548223350254,0.07106598984771574,-0.15228426395939088,0.36548223350253806,-0.13705583756345177,0.29441624365482233,-0.116751269035533,0.19796954314720813,-0.1319796954314721
2,0.0,0.0,0.16161616161616163,-0.30303030303030304,0.2474747474747475,-0.5959595959595959,0.26262626262626265,-0.8181818181818182,0.25757575757575757,-1.0,0.11616161616161616,-0.6161616161616161,0.42424242424242425,-0.5656565656565656,0.35353535353535354,-0.4797979797979798,0.25252525252525254,-0.4898989898989899,0.06565656565656566,-0.4696969696969697,0.42424242424242425,-0.41414141414141414,0.32323232323232326,-0.36363636363636365,0.2222222222222222,-0.3787878787878788,0.050505050505050504,-0.3181818181818182,0.398989898989899,-0.2676767676767677,0.30303030303030304,-0.23737373737373738,0.21212121212121213,-0.25757575757575757,0.06565656565656566,-0.1717171717171717,0.3434343434343434,-0.15151515151515152,0.2828282828282828,-0.1414141414141414,0.1919191919191919,-0.16161616161616163
2,0.0,0.0,0.12,-0.3028571428571429,0.1657142857142857,-0.6,0.15428571428571428,-0.8057142857142857,0.16,-1.0,-0.005714285714285714,-0.6,0.32,-0.5428571428571428,0.26285714285714284,-0.4514285714285714,0.15428571428571428,-0.4742857142857143,-0.05714285714285714,-0.44571428571428573,0.32,-0.38285714285714284,0.2342857142857143,-0.33714285714285713,0.12571428571428572,-0.36,-0.06857142857142857,-0.2857142857142857,0.29714285714285715,-0.24,0.21714285714285714,-0.2057142857142857,0.12571428571428572,-0.2342857142857143,-0.045714285714285714,-0.13714285714285715,0.24,-0.11428571428571428,0.18857142857142858,-0.10285714285714286,0.09142857142857143,-0.12
2,0.0,0.0,0.12048192771084337,-0.29518072289156627,0.13253012048192772,-0.5903614457831325,0.10240963855421686,-0.8012048192771084,0.0783132530120482,-1.0,-0.09036144578313253,-0.6204819277108434,0.23493975903614459,-0.5662650602409639,0.19879518072289157,-0.463855421686747,0.08433734939759036,-0.46987951807228917,-0.15060240963855423,-0.4819277108433735,0.2289156626506024,-0.41566265060240964,0.1566265060240964,-0.3433734939759036,0.060240963855421686,-0.35542168674698793,-0.1686746987951807,-0.3253012048192771,0.1927710843373494,-0.26506024096385544,0.13253012048192772,-0.20481927710843373,0.04819277108433735,-0.22289156626506024,-0.14457831325301204,-0.1746987951807229,0.14457831325301204,-0.13855421686746988,0.10240963855421686,-0.10843373493975904,0.012048192771084338,-0.1144578313253012
2,0.0,0.0,0.10191082802547771,-0.27388535031847133,0.09554140127388536,-0.5732484076433121,0.07006369426751592,-0.7961783439490446,0.044585987261146494,-1.0,-0.1464968152866242,-0.6114649681528662,0.1910828025477707,-0.5605095541401274,0.17197452229299362,-0.45222929936305734,0.06369426751592357,-0.445859872611465,-0.21019108280254778,-0.46496815286624205,0.18471337579617833,-0.4012738853503185,0.14012738853503184,-0.3248407643312102,0.044585987261146494,-0.3184713375796178,-0.2229299363057325,-0.29936305732484075,0.1464968152866242,-0.2484076433121019,0.10828025477707007,-0.17834394904458598,0.01910828025477707,-0.18471337579617833,-0.21019108280254778,-0.1464968152866242,0.08917197452229299,-0.11464968152866242,0.07006369426751592,-0.08280254777070063,-0.012738853503184714,-0.08280254777070063
2,0.0,0.0,0.11764705882352941,-0.27450980392156865,0.1111111111111111,-0.5751633986928104,0.0784313725490196,-0.7908496732026143,0.0392156862745098,-1.0,-0.1568627450980392,-0.6078431372549019,0.1830065359477124,-0.5490196078431373,0.16339869281045752,-0.43790849673202614,0.058823529411764705,-0.43137254901960786,-0.22875816993464052,-0.45751633986928103,0.17647058823529413,-0.3790849673202614,0.13071895424836602,-0.30718954248366015,0.032679738562091505,-0.30718954248366015,-0.24183006535947713,-0.28104575163398693,0.1437908496732026,-0.2222222222222222,0.0915032679738562,-0.16339869281045752,0.0,-0.17647058823529413,-0.2222222222222222,-0.12418300653594772,0.0784313725490196,-0.08496732026143791,0.05228758169934641,-0.058823529411764705,-0.032679738562091505,-0.06535947712418301
2,0.0,0.0,0.12903225806451613,-0.2709677419354839,0.12903225806451613,-0.5741935483870968,0.09032258064516129,-0.7935483870967742,0.05806451612903226,-1.0,-0.15483870967741936,-0.5935483870967742,0.2,-0.5225806451612903,0.16774193548387098,-0.4258064516129032,0.05161290322580645,-0.41935483870967744,-0.22580645161290322,-0.44516129032258067,0.1935483870967742,-0.34838709677419355,0.12903225806451613,-0.2967741935483871,0.012903225806451613,-0.3161290322580645,-0.23870967741935484,-0.2709677419354839,0.15483870967741936,-0.1935483870967742,0.0967741935483871,-0.14838709677419354,0.0,-0.16774193548387098,-0.2129032258064516,-0.10967741935483871,0.09032258064516129,-0.05806451612903226,0.05161290322580645,-0.03225806451612903,-0.04516129032258064,-0.04516129032258064
2,0.0,0.0,0.10897435897435898,-0.27564102564102566,0.12179487179487179,-0.5705128205128205,0.09615384615384616,-0.7884615384615384,0.0641025641025641,-1.0,-0.10897435897435898,-0.5576923076923077,0.24358974358974358,-0.4935897435897436,0.20512820512820512,-0.41025641025641024,0.08974358974358974,-0.41025641025641024,-0.1794871794871795,-0.391025641025641,0.24358974358974358,-0.30128205128205127,0.16666666666666666,-0.2564102564102564,0.057692307692307696,-0.28205128205128205,-0.1858974358974359,-0.21153846153846154,0.20512820512820512,-0.14102564102564102,0.1346153846153846,-0.10897435897435898,0.02564102564102564,-0.14102564102564102,-0.16666666666666666,-0.05128205128205128,0.14102564102564102,0.0,0.10256410256410256,0.01282051282051282,0.00641025641025641,-0.00641025641025641
2,0.0,0.0,0.1165644171779141,-0.2822085889570552,0.13496932515337423,-0.5766871165644172,0.1165644171779141,-0.7975460122699386,0.09202453987730061,-1.0,-0.0736196319018405,-0.5828220858895705,0.26380368098159507,-0.5030674846625767,0.22085889570552147,-0.4294478527607362,0.11042944785276074,-0.44171779141104295,-0.13496932515337423,-0.4233128834355828,0.25153374233128833,-0.3374233128834356,0.17791411042944785,-0.3006134969325153,0.06748466257668712,-0.31901840490797545,-0.15337423312883436,-0.25153374233128833,0.2147239263803681,-0.17791411042944785,0.147239263803681,-0.1411042944785276,0.06134969325153374,-0.17177914110429449,-0.13496932515337423,-0.09202453987730061,0.1656441717791411,-0.04294478527607362,0.1165644171779141,-0.03067484662576687,0.024539877300613498,-0.049079754601226995
2,0.0,0.0,0.10179640718562874,-0.2754491017964072,0.1437125748502994,-0.5748502994011976,0.1497005988023952,-0.7904191616766467,0.1497005988023952,-1.0,-0.03592814371257485,-0.5568862275449101,0.30538922155688625,-0.48502994011976047,0.24550898203592814,-0.41317365269461076,0.1317365269461078,-0.4311377245508982,-0.09580838323353294,-0.38922155688622756,0.31137724550898205,-0.31137724550898205,0.2155688622754491,-0.281437125748503,0.10778443113772455,-0.31137724550898205,-0.10778443113772455,-0.20958083832335328,0.2754491017964072,-0.1497005988023952,0.19161676646706588,-0.12574850299401197,0.10179640718562874,-0.15568862275449102,-0.08383233532934131,-0.04790419161676647,0.2215568862275449,-0.011976047904191617,0.16766467065868262,-0.017964071856287425,0.0718562874251497,-0.041916167664670656
2,0.0,0.0,0.1,-0.2823529411764706,0.1411764705882353,-0.5764705882352941,0.1411764705882353,-0.7941176470588235,0.1411764705882353,-1.0,-0.029411764705882353,-0.5411764705882353,0.3176470588235294,-0.49411764705882355,0.25882352941176473,-0.4117647058823529,0.13529411764705881,-0.4294117647058823,-0.07647058823529412,-0.36470588235294116,0.32941176470588235,-0.31176470588235294,0.22941176470588234,-0.2647058823529412,0.11764705882352941,-0.28823529411764703,-0.07647058823529412,-0.18235294117647058,0.3058823529411765,-0.14705882352941177,0.21764705882352942,-0.11176470588235295,0.11764705882352941,-0.12941176470588237,-0.047058823529411764,-0.029411764705882353,0.2529411764705882,-0.0058823529411764705,0.18823529411764706,0.0,0.08235294117647059,-0.01764705882352941
2,0.0,0.0,0.10382513661202186,-0.2896174863387978,0.16939890710382513,-0.5846994535519126,0.18579234972677597,-0.8032786885245902,0.20218579234972678,-1.0,0.02185792349726776,-0.5628415300546448,0.3770491803278688,-0.5136612021857924,0.30601092896174864,-0.4262295081967213,0.18032786885245902,-0.4371584699453552,-0.01639344262295082,-0.39344262295081966,0.3825136612021858,-0.34972677595628415,0.28415300546448086,-0.2896174863387978,0.17486338797814208,-0.3005464480874317,-0.01639344262295082,-0.2185792349726776,0.366120218579235,-0.18579234972677597,0.2677595628415301,-0.14207650273224043,0.17486338797814208,-0.14754098360655737,0.01092896174863388,-0.060109289617486336,0.30601092896174864,-0.04918032786885246,0.24043715846994534,-0.0273224043715847,0.1366120218579235,-0.03825136612021858
2,0.0,0.0,0.13812154696132597,-0.281767955801105,0.2541436464088398,-0.574585635359116,0.2983425414364641,-0.8011049723756906,0.30386740331491713,-1.0,0.13812154696132597,-0.585635359116022,0.4972375690607735,-0.5248618784530387,0.43646408839779005,-0.4198895027624309,0.3149171270718232,-0.4088397790055249,0.08839779005524862,-0.4198895027624309,0.5027624309392266,-0.34806629834254144,0.4198895027624309,-0.281767955801105,0.30386740331491713,-0.292817679558011,0.0718232044198895,-0.24861878453038674,0.47513812154696133,-0.19337016574585636,0.39779005524861877,-0.13812154696132597,0.2983425414364641,-0.14917127071823205,0.08287292817679558,-0.08839779005524862,0.430939226519337,-0.055248618784530384,0.3756906077348066,-0.027624309392265192,0.281767955801105,-0.027624309392265192
2,0.0,0.0,0.1404494382022472,-0.2696629213483146,0.28651685393258425,-0.5674157303370787,0.3539325842696629,-0.8033707865168539,0.34831460674157305,-1.0,0.21910112359550563,-0.5449438202247191,0.5842696629213483,-0.48314606741573035,0.4943820224719101,-0.4157303370786517,0.3595505617977528,-0.43820224719101125,0.1797752808988764,-0.3595505617977528,0.6123595505617978,-0.30337078651685395,0.5,-0.2696629213483146,0.38202247191011235,-0.29213483146067415,0.1797752808988764,-0.1797752808988764,0.5898876404494382,-0.1404494382022472,0.47191011235955055,-0.12359550561797752,0.3539325842696629,-0.14606741573033707,0.19101123595505617,-0.016853932584269662,0.5112359550561798,0.011235955056179775,0.4157303370786517,0.011235955056179775,0.29775280898876405,-0.0056179775280898875
2,0.0,0.0,0.10344827586206896,-0.2471264367816092,0.28160919540229884,-0.5574712643678161,0.3735632183908046,-0.7931034482758621,0.3793103448275862,-1.0,0.2471264367816092,-0.5344827586206896,0.632183908045977,-0.4827586206896552,0.5402298850574713,-0.43103448275862066,0.40804597701149425,-0.4367816091954023,0.2413793103448276,-0.3505747126436782,0.6781609195402298,-0.3045977011494253,0.5574712643678161,-0.28160919540229884,0.42528735632183906,-0.28160919540229884,0.25287356321839083,-0.16091954022988506,0.6724137931034483,-0.13218390804597702,0.5517241379310345,-0.12643678160919541,0.42528735632183906,-0.13218390804597702,0.28735632183908044,0.017241379310344827,0.6091954022988506,0.017241379310344827,0.5114942528735632,0.005747126436781609,0.3793103448275862,-0.005747126436781609
2,0.0,0.0,0.10240963855421686,-0.25903614457831325,0.2891566265060241,-0.572289156626506,0.39759036144578314,-0.8072289156626506,0.42771084337349397,-1.0,0.35542168674698793,-0.4939759036144578,0.7349397590361446,-0.4397590361445783,0.6445783132530121,-0.41566265060240964,0.5060240963855421,-0.42771084337349397,0.35542168674698793,-0.30120481927710846,0.7771084337349398,-0.26506024096385544,0.6686746987951807,-0.25301204819277107,0.5180722891566265,-0.25903614457831325,0.3674698795180723,-0.10843373493975904,0.7590361445783133,-0.09036144578313253,0.6445783132530121,-0.08433734939759036,0.5,-0.09036144578313253,0.3795180722891566,0.0783132530120482,0.6867469879518072,0.05421686746987952,0.5903614457831325,0.05421686746987952,0.4578313253012048,0.04819277108433735
2,0.0,0.0,0.0963855421686747,-0.26506024096385544,0.2891566265060241,-0.5843373493975904,0.40963855421686746,-0.8132530120481928,0.4397590361445783,-1.0,0.3614457831325301,-0.5,0.7349397590361446,-0.4397590361445783,0.6385542168674698,-0.42168674698795183,0.5,-0.43373493975903615,0.3674698795180723,-0.30120481927710846,0.7831325301204819,-0.26506024096385544,0.6686746987951807,-0.26506024096385544,0.5180722891566265,-0.2710843373493976,0.3855421686746988,-0.10240963855421686,0.7710843373493976,-0.0963855421686747,0.6566265060240963,-0.0963855421686747,0.5120481927710844,-0.0963855421686747,0.4036144578313253,0.0783132530120482,0.7048192771084337,0.04819277108433735,0.6144578313253012,0.04216867469879518,0.4819277108433735,0.04216867469879518
2,0.0,0.0,0.08928571428571429,-0.26785714285714285,0.27976190476190477,-0.5773809523809523,0.40476190476190477,-0.8095238095238095,0.43452380952380953,-1.0,0.3869047619047619,-0.5178571428571429,0.7380952380952381,-0.4523809523809524,0.6428571428571429,-0.4107142857142857,0.5059523809523809,-0.4166666666666667,0.39880952380952384,-0.3273809523809524,0.7738095238095238,-0.27976190476190477,0.6666666666666666,-0.25,0.5297619047619048,-0.25595238095238093,0.4166666666666667,-0.13095238095238096,0.7619047619047619,-0.10714285714285714,0.6547619047619048,-0.07738095238095238,0.5238095238095238,-0.08333333333333333,0.42857142857142855,0.05357142857142857,0.7083333333333334,0.047619047619047616,0.6071428571428571,0.06547619047619048,0.4880952380952381,0.05952380952380952
2,0.0,0.0,0.07784431137724551,-0.281437125748503,0.2634730538922156,-0.5868263473053892,0.38922155688622756,-0.8143712574850299,0.4251497005988024,-1.0,0.3772455089820359,-0.5389221556886228,0.7305389221556886,-0.46706586826347307,0.6347305389221557,-0.41916167664670656,0.49700598802395207,-0.4311377245508982,0.39520958083832336,-0.3473053892215569,0.7664670658682635,-0.2994011976047904,0.6586826347305389,-0.25748502994011974,0.5149700598802395,-0.2694610778443114,0.40718562874251496,-0.1497005988023952,0.7485029940119761,-0.11976047904191617,0.6467065868263473,-0.08982035928143713,0.5149700598802395,-0.08982035928143713,0.41916167664670656,0.041916167664670656,0.6946107784431138,0.03592814371257485,0.5988023952095808,0.059880239520958084,0.47904191616766467,0.05389221556886228
2,0.0,0.0,0.09523809523809523,-0.27976190476190477,0.27976190476190477,-0.5892857142857143,0.40476190476190477,-0.8154761904761905,0.43452380952380953,-1.0,0.39880952380952384,-0.5357142857142857,0.75,-0.4642857142857143,0.6488095238095238,-0.4166666666666667,0.5119047619047619,-0.4226190476190476,0.42857142857142855,-0.3392857142857143,0.7916666666666666,-0.2916666666666667,0.6785714285714286,-0.25595238095238093,0.5357142857142857,-0.26785714285714285,0.44642857142857145,-0.13690476190476192,0.7797619047619048,-0.11904761904761904,0.6666666666666666,-0.08928571428571429,0.5357142857142857,-0.08928571428571429,0.4642857142857143,0.05357142857142857,0.7202380952380952,0.03571428571428571,0.6130952380952381,0.05357142857142857,0.49404761904761907,0.05357142857142857
2,0.0,0.0,0.08670520231213873,-0.2832369942196532,0.26011560693641617,-0.5895953757225434,0.37572254335260113,-0.815028901734104,0.4046242774566474,-1.0,0.3815028901734104,-0.5260115606936416,0.7283236994219653,-0.45664739884393063,0.630057803468208,-0.4161849710982659,0.49710982658959535,-0.42196531791907516,0.41040462427745666,-0.3352601156069364,0.7630057803468208,-0.2947976878612717,0.653179190751445,-0.26011560693641617,0.5202312138728323,-0.2658959537572254,0.4393063583815029,-0.13872832369942195,0.7572254335260116,-0.12716763005780346,0.6473988439306358,-0.09826589595375723,0.5202312138728323,-0.09826589595375723,0.4624277456647399,0.04046242774566474,0.6994219653179191,0.017341040462427744,0.5953757225433526,0.03468208092485549,0.48554913294797686,0.03468208092485549
2,0.0,0.0,0.0935672514619883,-0.29239766081871343,0.2631578947368421,-0.5847953216374269,0.38596491228070173,-0.8128654970760234,0.42105263157894735,-1.0,0.4093567251461988,-0.5263157894736842,0.7368421052631579,-0.45614035087719296,0.6374269005847953,-0.4152046783625731,0.5087719298245614,-0.42105263157894735,0.4444444444444444,-0.3333333333333333,0.783625730994152,-0.29239766081871343,0.672514619883041,-0.2573099415204678,0.5380116959064327,-0.2631578947368421,0.4678362573099415,-0.13450292397660818,0.7719298245614035,-0.12280701754385964,0.6608187134502924,-0.09941520467836257,0.5380116959064327,-0.09941520467836257,0.47953216374269003,0.04678362573099415,0.7134502923976608,0.017543859649122806,0.6140350877192983,0.03508771929824561,0.5029239766081871,0.04093567251461988
2,0.0,0.0,0.08235294117647059,-0.29411764705882354,0.2411764705882353,-0.5882352941176471,0.37058823529411766,-0.8117647058823529,0.4176470588235294,-1.0,0.40588235294117647,-0.5352941176470588,0.7294117647058823,-0.4647058823529412,0.6235294117647059,-0.4235294117647059,0.49411764705882355,-0.4294117647058823,0.4411764705882353,-0.3352941176470588,0.7764705882352941,-0.29411764705882354,0.6647058823529411,-0.2647058823529412,0.5352941176470588,-0.27058823529411763,0.4647058823529412,-0.1411764705882353,0.7647058823529411,-0.12352941176470589,0.6529411764705882,-0.10588235294117647,0.5294117647058824,-0.10588235294117647,0.4764705882352941,0.03529411764705882,0.711764705882353,0.01764705882352941,0.611764705882353,0.03529411764705882,0.5,0.03529411764705882
2,0.0,0.0,0.08588957055214724,-0.3006134969325153,0.2392638036809816,-0.6012269938650306,0.3803680981595092,-0.8220858895705522,0.44785276073619634,-1.0,0.43558282208588955,-0.5460122699386503,0.7484662576687117,-0.4601226993865031,0.6625766871165644,-0.4110429447852761,0.5337423312883436,-0.4171779141104294,0.48466257668711654,-0.3374233128834356,0.7975460122699386,-0.2883435582822086,0.6932515337423313,-0.25153374233128833,0.5644171779141104,-0.25766871165644173,0.50920245398773,-0.1411042944785276,0.7914110429447853,-0.11042944785276074,0.6871165644171779,-0.08588957055214724,0.558282208588957,-0.08588957055214724,0.5153374233128835,0.049079754601226995,0.7423312883435583,0.03680981595092025,0.6380368098159509,0.05521472392638037,0.5276073619631901,0.05521472392638037
2,0.0,0.0,0.09259259259259259,-0.30246913580246915,0.25925925925925924,-0.6049382716049383,0.41358024691358025,-0.8209876543209876,0.4876543209876543,-1.0,0.4691358024691358,-0.5493827160493827,0.7654320987654321,-0.46296296296296297,0.6728395061728395,-0.4074074074074074,0.5370370370370371,-0.41358024691358025,0.5123456790123457,-0.3395061728395062,0.8148148148148148,-0.2839506172839506,0.7037037037037037,-0.24074074074074073,0.5617283950617284,-0.24691358024691357,0.5370370370370371,-0.13580246913580246,0.8148148148148148,-0.10493827160493827,0.7037037037037037,-0.08024691358024691,0.5679012345679012,-0.08024691358024691,0.5432098765432098,0.05555555555555555,0.7592592592592593,0.037037037037037035,0.654320987654321,0.06172839506172839,0.5370370370370371,0.06790123456790123
2,0.0,0.0,0.09876543209876543,-0.30246913580246915,0.2654320987654321,-0.5987654320987654,0.42592592592592593,-0.8209876543209876,0.5123456790123457,-1.0,0.4691358024691358,-0.5555555555555556,0.7777777777777778,-0.46296296296296297,0.6851851851851852,-0.4012345679012346,0.5493827160493827,-0.4074074074074074,0.5185185185185185,-0.35185185185185186,0.8209876543209876,-0.29012345679012347,0.7160493827160493,-0.2345679012345679,0.5802469135802469,-0.24074074074074073,0.5493827160493827,-0.14814814814814814,0.8271604938271605,-0.1111111111111111,0.7160493827160493,-0.07407407407407407,0.5864197530864198,-0.08024691358024691,0.5555555555555556,0.043209876543209874,0.7716049382716049,0.043209876543209874,0.6604938271604939,0.06790123456790123,0.5493827160493827,0.06790123456790123
2,0.0,0.0,0.08588957055214724,-0.3067484662576687,0.25153374233128833,-0.6073619631901841,0.39263803680981596,-0.8220858895705522,0.4785276073619632,-1.0,0.44785276073619634,-0.558282208588957,0.7668711656441718,-0.4723926380368098,0.6809815950920245,-0.4233128834355828,0.5521472392638037,-0.4233128834355828,0.49079754601226994,-0.3558282208588957,0.8098159509202454,-0.3006134969325153,0.7055214723926381,-0.25766871165644173,0.5766871165644172,-0.25766871165644173,0.5214723926380368,-0.147239263803681,0.8159509202453987,-0.12269938650306748,0.7055214723926381,-0.08588957055214724,0.5766871165644172,-0.08588957055214724,0.5276073619631901,0.04294478527607362,0.7607361963190185,0.024539877300613498,0.656441717791411,0.049079754601226995,0.5398773006134969,0.05521472392638037
2,0.0,0.0,0.09248554913294797,-0.28901734104046245,0.26011560693641617,-0.5953757225433526,0.3872832369942196,-0.8208092485549133,0.44508670520231214,-1.0,0.3988439306358382,-0.5144508670520231,0.7341040462427746,-0.4682080924855491,0.630057803468208,-0.4277456647398844,0.48554913294797686,-0.4277456647398844,0.4277456647398844,-0.31213872832369943,0.7803468208092486,-0.28901734104046245,0.6647398843930635,-0.26011560693641617,0.5260115606936416,-0.26011560693641617,0.4508670520231214,-0.11560693641618497,0.7745664739884393,-0.11560693641618497,0.6589595375722543,-0.09248554913294797,0.5202312138728323,-0.08670520231213873,0.45664739884393063,0.06936416184971098,0.7109826589595376,0.03468208092485549,0.6069364161849711,0.05202312138728324,0.48554913294797686,0.06358381502890173
2,0.0,0.0,0.08571428571428572,-0.2857142857142857,0.2571428571428571,-0.5885714285714285,0.37714285714285717,-0.8171428571428572,0.41714285714285715,-1.0,0.38857142857142857,-0.5142857142857142,0.7314285714285714,-0.46285714285714286,0.6285714285714286,-0.4228571428571429,0.49714285714285716,-0.4228571428571429,0.41714285714285715,-0.3142857142857143,0.7828571428571428,-0.2857142857142857,0.6685714285714286,-0.2571428571428571,0.5314285714285715,-0.25142857142857145,0.4342857142857143,-0.12,0.7714285714285715,-0.11428571428571428,0.6571428571428571,-0.09714285714285714,0.5257142857142857,-0.09142857142857143,0.44571428571428573,0.05714285714285714,0.7085714285714285,0.02857142857142857,0.6057142857142858,0.045714285714285714,0.4857142857142857,0.045714285714285714
2,0.0,0.0,0.07303370786516854,-0.2640449438202247,0.23595505617977527,-0.5786516853932584,0.3258426966292135,-0.8033707865168539,0.3539325842696629,-1.0,0.2808988764044944,-0.5056179775280899,0.6685393258426966,-0.47752808988764045,0.5786516853932584,-0.43820224719101125,0.43820224719101125,-0.43820224719101125,0.29213483146067415,-0.3146067415730337,0.7134831460674157,-0.3089887640449438,0.6123595505617978,-0.2808988764044944,0.46629213483146065,-0.2752808988764045,0.3146067415730337,-0.12359550561797752,0.702247191011236,-0.12921348314606743,0.5955056179775281,-0.11797752808988764,0.4606741573033708,-0.11235955056179775,0.34269662921348315,0.056179775280898875,0.6404494382022472,0.02247191011235955,0.5449438202247191,0.028089887640449437,0.4157303370786517,0.028089887640449437
2,0.0,0.0,0.08888888888888889,-0.24444444444444444,0.25,-0.5611111111111111,0.3333333333333333,-0.7944444444444444,0.3277777777777778,-1.0,0.2111111111111111,-0.5,0.6055555555555555,-0.4722222222222222,0.5166666666666667,-0.42777777777777776,0.37222222222222223,-0.4222222222222222,0.20555555555555555,-0.3,0.6555555555555556,-0.2833333333333333,0.5388888888888889,-0.26666666666666666,0.39444444444444443,-0.2611111111111111,0.22777777777777777,-0.1111111111111111,0.6388888888888888,-0.1111111111111111,0.5277777777777778,-0.1111111111111111,0.39444444444444443,-0.1111111111111111,0.26666666666666666,0.06666666666666667,0.5833333333333334,0.03888888888888889,0.48333333333333334,0.027777777777777776,0.35555555555555557,0.027777777777777776
2,0.0,0.0,0.10326086956521739,-0.266304347826087,0.23369565217391305,-0.5760869565217391,0.28804347826086957,-0.8043478260869565,0.2826086956521739,-1.0,0.16847826086956522,-0.5217391304347826,0.5434782608695652,-0.5,0.483695652173913,-0.42391304347826086,0.3641304347826087,-0.4076086956521739,0.14673913043478262,-0.33152173913043476,0.5869565217391305,-0.33152173913043476,0.5,-0.28804347826086957,0.3695652173913043,-0.27717391304347827,0.16847826086956522,-0.15217391304347827,0.5706521739130435,-0.15760869565217392,0.4782608695652174,-0.125,0.3532608695652174,-0.13043478260869565,0.20652173913043478,0.010869565217391304,0.5271739130434783,-0.005434782608695652,0.44565217391304346,0.005434782608695652,0.32608695652173914,0.005434782608695652
2,0.0,0.0,0.11475409836065574,-0.2786885245901639,0.19672131147540983,-0.5683060109289617,0.2185792349726776,-0.7868852459016393,0.21311475409836064,-1.0,0.060109289617486336,-0.5300546448087432,0.453551912568306,-0.5191256830601093,0.3879781420765027,-0.4262295081967213,0.25136612021857924,-0.4207650273224044,0.02185792349726776,-0.33879781420765026,0.47540983606557374,-0.3333333333333333,0.3770491803278688,-0.273224043715847,0.2568306010928962,-0.2677595628415301,0.0273224043715847,-0.15300546448087432,0.453551912568306,-0.16393442622950818,0.36065573770491804,-0.11475409836065574,0.25136612021857924,-0.11475409836065574,0.0546448087431694,0.01092896174863388,0.3989071038251366,-0.01092896174863388,0.32786885245901637,0.00546448087431694,0.20765027322404372,0.00546448087431694
2,0.0,0.0,0.09090909090909091,-0.2727272727272727,0.1443850267379679,-0.5721925133689839,0.1443850267379679,-0.7967914438502673,0.1443850267379679,-1.0,-0.0106951871657754,-0.5401069518716578,0.3422459893048128,-0.4919786096256685,0.27807486631016043,-0.40641711229946526,0.1443850267379679,-0.41711229946524064,-0.053475935828877004,-0.3582887700534759,0.3582887700534759,-0.32620320855614976,0.25668449197860965,-0.2727272727272727,0.13903743315508021,-0.28342245989304815,-0.058823529411764705,-0.17647058823529413,0.33689839572192515,-0.15508021390374332,0.24064171122994651,-0.10695187165775401,0.1443850267379679,-0.11764705882352941,-0.026737967914438502,-0.0106951871657754,0.28342245989304815,-0.0053475935828877,0.21390374331550802,0.016042780748663103,0.10695187165775401,0.0106951871657754
2,0.0,0.0,0.10471204188481675,-0.3036649214659686,0.14659685863874344,-0.5916230366492147,0.14659685863874344,-0.8010471204188482,0.13612565445026178,-1.0,-0.04712041884816754,-0.5497382198952879,0.2774869109947644,-0.518324607329843,0.23036649214659685,-0.43455497382198954,0.12041884816753927,-0.44502617801047123,-0.08900523560209424,-0.38219895287958117,0.3036649214659686,-0.34554973821989526,0.2198952879581152,-0.29842931937172773,0.1099476439790576,-0.31413612565445026,-0.08900523560209424,-0.2094240837696335,0.2879581151832461,-0.18324607329842932,0.20418848167539266,-0.14136125654450263,0.1099476439790576,-0.16230366492146597,-0.05235602094240838,-0.05759162303664921,0.2513089005235602,-0.05759162303664921,0.193717277486911,-0.04712041884816754,0.09424083769633508,-0.05235602094240838
2,0.0,0.0,0.08743169398907104,-0.28415300546448086,0.08743169398907104,-0.5792349726775956,0.0546448087431694,-0.7923497267759563,0.02185792349726776,-1.0,-0.14754098360655737,-0.5355191256830601,0.19672131147540983,-0.5081967213114754,0.16939890710382513,-0.4262295081967213,0.0546448087431694,-0.4207650273224044,-0.20218579234972678,-0.366120218579235,0.20765027322404372,-0.3333333333333333,0.1366120218579235,-0.2896174863387978,0.02185792349726776,-0.29508196721311475,-0.1912568306010929,-0.1912568306010929,0.1912568306010929,-0.16393442622950818,0.12568306010928962,-0.12568306010928962,0.02185792349726776,-0.1366120218579235,-0.15300546448087432,-0.03825136612021858,0.14754098360655737,-0.02185792349726776,0.10382513661202186,-0.01639344262295082,0.00546448087431694,-0.01639344262295082
2,0.0,0.0,0.09615384615384616,-0.2692307692307692,0.07051282051282051,-0.5641025641025641,0.02564102564102564,-0.782051282051282,-0.02564102564102564,-1.0,-0.25,-0.4807692307692308,0.1346153846153846,-0.4166666666666667,0.1282051282051282,-0.358974358974359,0.01282051282051282,-0.358974358974359,-0.32051282051282054,-0.2692307692307692,0.15384615384615385,-0.22435897435897437,0.10256410256410256,-0.20512820512820512,-0.03205128205128205,-0.22435897435897437,-0.3141025641025641,-0.057692307692307696,0.1282051282051282,-0.038461538461538464,0.08333333333333333,-0.03205128205128205,-0.038461538461538464,-0.05128205128205128,-0.27564102564102566,0.1282051282051282,0.07692307692307693,0.12179487179487179,0.05128205128205128,0.10256410256410256,-0.057692307692307696,0.09615384615384616
2,0.0,0.0,0.0949367088607595,-0.27848101265822783,0.03164556962025317,-0.5632911392405063,-0.02531645569620253,-0.7911392405063291,-0.08227848101265822,-1.0,-0.3037974683544304,-0.4620253164556962,0.0379746835443038,-0.43670886075949367,0.08860759493670886,-0.36075949367088606,-0.012658227848101266,-0.34810126582278483,-0.379746835443038,-0.25316455696202533,0.0759493670886076,-0.22784810126582278,0.0949367088607595,-0.20253164556962025,-0.03164556962025317,-0.2088607594936709,-0.3670886075949367,-0.05063291139240506,0.05063291139240506,-0.05063291139240506,0.06329113924050633,-0.0379746835443038,-0.056962025316455694,-0.04430379746835443,-0.31645569620253167,0.13924050632911392,0.0,0.12658227848101267,0.02531645569620253,0.11392405063291139,-0.06329113924050633,0.11392405063291139
2,0.0,0.0,0.075,-0.28125,-0.00625,-0.575,-0.08125,-0.79375,-0.1375,-1.0,-0.3625,-0.46875,-0.0625,-0.45625,0.025,-0.375,-0.05,-0.35,-0.44375,-0.2625,-0.01875,-0.25,0.05,-0.20625,-0.05,-0.20625,-0.43125,-0.06875,-0.0375,-0.06875,0.025,-0.05,-0.0625,-0.05,-0.3875,0.11875,-0.08125,0.1125,-0.0125,0.1,-0.06875,0.09375
2,0.0,0.0,0.06369426751592357,-0.28662420382165604,-0.03821656050955414,-0.5859872611464968,-0.12738853503184713,-0.7961783439490446,-0.1910828025477707,-1.0,-0.40764331210191085,-0.4713375796178344,-0.14012738853503184,-0.45222929936305734,-0.025477707006369428,-0.36942675159235666,-0.07643312101910828,-0.3375796178343949,-0.4968152866242038,-0.2611464968152866,-0.08917197452229299,-0.2484076433121019,0.012738853503184714,-0.20382165605095542,-0.06369426751592357,-0.19745222929936307,-0.4968152866242038,-0.05732484076433121,-0.10191082802547771,-0.06369426751592357,-0.012738853503184714,-0.044585987261146494,-0.08280254777070063,-0.050955414012738856,-0.45222929936305734,0.1337579617834395,-0.1464968152866242,0.12101910828025478,-0.050955414012738856,0.09554140127388536,-0.08280254777070063,0.07643312101910828
2,0.0,0.0,0.07006369426751592,-0.28662420382165604,-0.025477707006369428,-0.5859872611464968,-0.12101910828025478,-0.802547770700637,-0.1910828025477707,-1.0,-0.4140127388535032,-0.47770700636942676,-0.15286624203821655,-0.4585987261146497,-0.03184713375796178,-0.37579617834394907,-0.07643312101910828,-0.34394904458598724,-0.5031847133757962,-0.27388535031847133,-0.10828025477707007,-0.2611464968152866,0.006369426751592357,-0.20382165605095542,-0.05732484076433121,-0.19745222929936307,-0.5031847133757962,-0.07643312101910828,-0.12738853503184713,-0.07006369426751592,-0.01910828025477707,-0.050955414012738856,-0.08280254777070063,-0.05732484076433121,-0.46496815286624205,0.11464968152866242,-0.17197452229299362,0.10828025477707007,-0.07006369426751592,0.08917197452229299,-0.08917197452229299,0.07006369426751592
2,0.0,0.0,0.057692307692307696,-0.2948717948717949,-0.038461538461538464,-0.5961538461538461,-0.14102564102564102,-0.8076923076923077,-0.20512820512820512,-1.0,-0.44871794871794873,-0.48717948717948717,-0.21153846153846154,-0.47435897435897434,-0.07051282051282051,-0.3974358974358974,-0.09615384615384616,-0.36538461538461536,-0.5448717948717948,-0.28205128205128205,-0.16666666666666666,-0.26282051282051283,-0.02564102564102564,-0.21794871794871795,-0.08333333333333333,-0.20512820512820512,-0.5448717948717948,-0.08333333333333333,-0.17307692307692307,-0.07692307692307693,-0.05128205128205128,-0.05128205128205128,-0.10256410256410256,-0.057692307692307696,-0.5064102564102564,0.10897435897435898,-0.21794871794871795,0.10897435897435898,-0.09615384615384616,0.08333333333333333,-0.10897435897435898,0.0641025641025641
2,0.0,0.0,0.06748466257668712,-0.3006134969325153,-0.018404907975460124,-0.6012269938650306,-0.1165644171779141,-0.8098159509202454,-0.18404907975460122,-1.0,-0.4233128834355828,-0.50920245398773,-0.17177914110429449,-0.49693251533742333,-0.06134969325153374,-0.4171779141104294,-0.10429447852760736,-0.3803680981595092,-0.50920245398773,-0.3128834355828221,-0.1411042944785276,-0.3006134969325153,-0.03067484662576687,-0.25153374233128833,-0.08588957055214724,-0.2392638036809816,-0.50920245398773,-0.1165644171779141,-0.15337423312883436,-0.1165644171779141,-0.049079754601226995,-0.09202453987730061,-0.11042944785276074,-0.09202453987730061,-0.4723926380368098,0.06748466257668712,-0.19631901840490798,0.06134969325153374,-0.09202453987730061,0.04294478527607362,-0.12269938650306748,0.03067484662576687
2,0.0,0.0,0.08187134502923976,-0.30409356725146197,0.011695906432748537,-0.6081871345029239,-0.07017543859649122,-0.8187134502923976,-0.1286549707602339,-1.0,-0.391812865497076,-0.5497076023391813,-0.14035087719298245,-0.5614035087719298,-0.04093567251461988,-0.4678362573099415,-0.07602339181286549,-0.4269005847953216,-0.47368421052631576,-0.3684210526315789,-0.10526315789473684,-0.38011695906432746,-0.011695906432748537,-0.29239766081871343,-0.07017543859649122,-0.25146198830409355,-0.47953216374269003,-0.19298245614035087,-0.1286549707602339,-0.19883040935672514,-0.04093567251461988,-0.14035087719298245,-0.09941520467836257,-0.1111111111111111,-0.43859649122807015,-0.011695906432748537,-0.18128654970760233,-0.03508771929824561,-0.0935672514619883,-0.017543859649122806,-0.1286549707602339,0.0
2,0.0,0.0,0.09392265193370165,-0.30386740331491713,0.022099447513812154,-0.5966850828729282,-0.06077348066298342,-0.8066298342541437,-0.11049723756906077,-1.0,-0.35911602209944754,-0.569060773480663,-0.11049723756906077,-0.585635359116022,-0.022099447513812154,-0.48066298342541436,-0.0718232044198895,-0.4419889502762431,-0.4419889502762431,-0.40331491712707185,-0.0718232044198895,-0.4088397790055249,-0.0055248618784530384,-0.3149171270718232,-0.0718232044198895,-0.281767955801105,-0.4419889502762431,-0.2265193370165746,-0.09392265193370165,-0.23204419889502761,-0.03314917127071823,-0.1712707182320442,-0.09944751381215469,-0.15469613259668508,-0.40331491712707185,-0.055248618784530384,-0.13259668508287292,-0.0718232044198895,-0.0718232044198895,-0.055248618784530384,-0.13259668508287292,-0.04419889502762431
2,0.0,0.0,0.0913978494623656,-0.3010752688172043,0.026881720430107527,-0.5913978494623656,-0.05913978494623656,-0.8064516129032258,-0.11827956989247312,-1.0,-0.3763440860215054,-0.5913978494623656,-0.10215053763440861,-0.6075268817204301,0.010752688172043012,-0.4838709677419355,-0.016129032258064516,-0.43010752688172044,-0.46236559139784944,-0.43548387096774194,-0.10752688172043011,-0.44623655913978494,-0.010752688172043012,-0.3387096774193548,-0.043010752688172046,-0.2903225806451613,-0.478494623655914,-0.26344086021505375,-0.13978494623655913,-0.27956989247311825,-0.053763440860215055,-0.20967741935483872,-0.0967741935483871,-0.1774193548387097,-0.45161290322580644,-0.0967741935483871,-0.1881720430107527,-0.12365591397849462,-0.10215053763440861,-0.10215053763440861,-0.13440860215053763,-0.0913978494623656
2,0.0,0.0,0.0918918918918919,-0.2972972972972973,0.021621621621621623,-0.5837837837837838,-0.05945945945945946,-0.8,-0.10810810810810811,-1.0,-0.3891891891891892,-0.5891891891891892,-0.11351351351351352,-0.6054054054054054,-0.010810810810810811,-0.4864864864864865,-0.043243243243243246,-0.43783783783783786,-0.4810810810810811,-0.43783783783783786,-0.11351351351351352,-0.44324324324324327,-0.021621621621621623,-0.33513513513513515,-0.06486486486486487,-0.2864864864864865,-0.4918918918918919,-0.2648648648648649,-0.15135135135135136,-0.2756756756756757,-0.06486486486486487,-0.2,-0.10810810810810811,-0.16756756756756758,-0.4702702702702703,-0.0918918918918919,-0.21081081081081082,-0.11351351351351352,-0.11891891891891893,-0.0918918918918919,-0.12972972972972974,-0.08648648648648649
2,0.0,0.0,0.0918918918918919,-0.2918918918918919,0.02702702702702703,-0.5945945945945946,-0.043243243243243246,-0.8054054054054054,-0.0972972972972973,-1.0,-0.3783783783783784,-0.6054054054054054,-0.10810810810810811,-0.6162162162162163,-0.016216216216216217,-0.5027027027027027,-0.07027027027027027,-0.4702702702702703,-0.4702702702702703,-0.4540540540540541,-0.10270270270270271,-0.44324324324324327,-0.02702702702702703,-0.35135135135135137,-0.0918918918918919,-0.32432432432432434,-0.4918918918918919,-0.2810810810810811,-0.13513513513513514,-0.2756756756756757,-0.05945945945945946,-0.21081081081081082,-0.11891891891891893,-0.1945945945945946,-0.4648648648648649,-0.10810810810810811,-0.1837837837837838,-0.11891891891891893,-0.10270270270270271,-0.0918918918918919,-0.14054054054054055,-0.07567567567567568
2,0.0,0.0,0.09340659340659341,-0.2857142857142857,0.038461538461538464,-0.5824175824175825,-0.016483516483516484,-0.8021978021978022,-0.054945054945054944,-1.0,-0.3241758241758242,-0.6153846153846154,-0.016483516483516484,-0.6153846153846154,0.054945054945054944,-0.5054945054945055,-0.005494505494505495,-0.4725274725274725,-0.4230769230769231,-0.46153846153846156,-0.027472527472527472,-0.44505494505494503,0.03296703296703297,-0.35714285714285715,-0.038461538461538464,-0.34065934065934067,-0.44505494505494503,-0.2857142857142857,-0.07692307692307693,-0.2692307692307692,-0.005494505494505495,-0.2032967032967033,-0.06593406593406594,-0.19230769230769232,-0.4340659340659341,-0.11538461538461539,-0.13186813186813187,-0.10989010989010989,-0.06043956043956044,-0.07142857142857142,-0.1043956043956044,-0.06043956043956044
2,0.0,0.0,0.10160427807486631,-0.26737967914438504,0.0748663101604278,-0.5721925133689839,0.0481283422459893,-0.7914438502673797,0.0213903743315508,-1.0,-0.22994652406417113,-0.6256684491978609,0.13368983957219252,-0.5989304812834224,0.1497326203208556,-0.47058823529411764,0.0427807486631016,-0.4385026737967914,-0.3048128342245989,-0.48128342245989303,0.12299465240641712,-0.44919786096256686,0.11764705882352941,-0.34759358288770054,0.016042780748663103,-0.32620320855614976,-0.32620320855614976,-0.31016042780748665,0.06951871657754011,-0.2887700534759358,0.0855614973262032,-0.19786096256684493,0.0106951871657754,-0.18181818181818182,-0.3048128342245989,-0.13903743315508021,0.0053475935828877,-0.13368983957219252,0.03208556149732621,-0.0855614973262032,-0.03208556149732621,-0.06951871657754011
2,0.0,0.0,0.09693877551020408,-0.2653061224489796,0.10204081632653061,-0.5663265306122449,0.09183673469387756,-0.7908163265306123,0.07142857142857142,-1.0,-0.1377551020408163,-0.6428571428571429,0.22959183673469388,-0.5969387755102041,0.20408163265306123,-0.47959183673469385,0.08673469387755102,-0.45918367346938777,-0.1989795918367347,-0.4846938775510204,0.22959183673469388,-0.4489795918367347,0.16326530612244897,-0.3469387755102041,0.05102040816326531,-0.33163265306122447,-0.21428571428571427,-0.30612244897959184,0.18877551020408162,-0.2755102040816326,0.12755102040816327,-0.1836734693877551,0.03571428571428571,-0.17857142857142858,-0.19387755102040816,-0.12244897959183673,0.12244897959183673,-0.10714285714285714,0.08163265306122448,-0.061224489795918366,-0.015306122448979591,-0.05612244897959184
2,0.0,0.0,0.11363636363636363,-0.2772727272727273,0.16363636363636364,-0.5727272727272728,0.17727272727272728,-0.8,0.18181818181818182,-1.0,-0.01818181818181818,-0.6363636363636364,0.34545454545454546,-0.5772727272727273,0.2818181818181818,-0.4818181818181818,0.15454545454545454,-0.4954545454545455,-0.07272727272727272,-0.4909090909090909,0.33636363636363636,-0.42272727272727273,0.2409090909090909,-0.35,0.11818181818181818,-0.36363636363636365,-0.08181818181818182,-0.32272727272727275,0.29545454545454547,-0.2727272727272727,0.21363636363636362,-0.20909090909090908,0.11363636363636363,-0.22272727272727272,-0.05909090909090909,-0.17272727272727273,0.23636363636363636,-0.15,0.17727272727272728,-0.11818181818181818,0.08181818181818182,-0.12272727272727273
2,0.0,0.0,0.13656387665198239,-0.2907488986784141,0.20704845814977973,-0.5814977973568282,0.2422907488986784,-0.8061674008810573,0.2643171806167401,-1.0,0.048458149779735685,-0.6387665198237885,0.3964757709251101,-0.5859030837004405,0.33480176211453744,-0.4933920704845815,0.22466960352422907,-0.5154185022026432,0.004405286343612335,-0.5022026431718062,0.4008810572687225,-0.43612334801762115,0.3039647577092511,-0.3744493392070485,0.19823788546255505,-0.4008810572687225,-0.004405286343612335,-0.34801762114537443,0.3700440528634361,-0.28634361233480177,0.2775330396475771,-0.23788546255506607,0.1894273127753304,-0.2643171806167401,0.01762114537444934,-0.2026431718061674,0.30837004405286345,-0.16740088105726872,0.23788546255506607,-0.14096916299559473,0.14096916299559473,-0.15859030837004406
2,0.0,0.0,0.16666666666666666,-0.2631578947368421,0.2719298245614035,-0.5570175438596491,0.3157894736842105,-0.7894736842105263,0.32456140350877194,-1.0,0.14912280701754385,-0.6491228070175439,0.4956140350877193,-0.5964912280701754,0.44298245614035087,-0.49122807017543857,0.35526315789473684,-0.49122807017543857,0.10087719298245613,-0.5131578947368421,0.5131578947368421,-0.42543859649122806,0.4342105263157895,-0.3508771929824561,0.3333333333333333,-0.37280701754385964,0.08771929824561403,-0.35526315789473684,0.4824561403508772,-0.2850877192982456,0.40350877192982454,-0.2149122807017544,0.31140350877192985,-0.2412280701754386,0.10087719298245613,-0.20614035087719298,0.42105263157894735,-0.15789473684210525,0.37280701754385964,-0.10964912280701754,0.2894736842105263,-0.12280701754385964
2,0.0,0.0,0.16279069767441862,-0.25116279069767444,0.28837209302325584,-0.5534883720930233,0.3395348837209302,-0.7906976744186046,0.3488372093023256,-1.0,0.17674418604651163,-0.6372093023255814,0.5627906976744186,-0.5674418604651162,0.49767441860465117,-0.4604651162790698,0.39069767441860465,-0.4558139534883721,0.12558139534883722,-0.4744186046511628,0.5813953488372093,-0.386046511627907,0.5116279069767442,-0.3116279069767442,0.4232558139534884,-0.3116279069767442,0.10697674418604651,-0.30697674418604654,0.5255813953488372,-0.23255813953488372,0.4325581395348837,-0.17209302325581396,0.3395348837209302,-0.18604651162790697,0.12093023255813953,-0.14418604651162792,0.4511627906976744,-0.08837209302325581,0.3813953488372093,-0.04186046511627907,0.2837209302325581,-0.05116279069767442
2,0.0,0.0,0.12385321100917432,-0.24311926605504589,0.27522935779816515,-0.5412844036697247,0.3669724770642202,-0.7844036697247706,0.39908256880733944,-1.0,0.23853211009174313,-0.6284403669724771,0.6467889908256881,-0.555045871559633,0.5596330275229358,-0.44495412844036697,0.44495412844036697,-0.45871559633027525,0.20642201834862386,-0.4954128440366973,0.6605504587155964,-0.38073394495412843,0.5458715596330275,-0.30275229357798167,0.44495412844036697,-0.3211009174311927,0.2018348623853211,-0.3394495412844037,0.6284403669724771,-0.22477064220183487,0.518348623853211,-0.1559633027522936,0.41743119266055045,-0.17889908256880735,0.22477064220183487,-0.1743119266055046,0.5642201834862385,-0.0779816513761468,0.47706422018348627,-0.03669724770642202,0.37155963302752293,-0.05504587155963303
2,0.0,0.0,0.09767441860465116,-0.25116279069767444,0.26976744186046514,-0.5534883720930233,0.386046511627907,-0.7953488372093023,0.4232558139534884,-1.0,0.28837209302325584,-0.6139534883720931,0.7069767441860465,-0.5116279069767442,0.6186046511627907,-0.413953488372093,0.4930232558139535,-0.4186046511627907,0.27906976744186046,-0.46511627906976744,0.7116279069767442,-0.3302325581395349,0.6093023255813953,-0.26046511627906976,0.4930232558139535,-0.26976744186046514,0.28837209302325584,-0.2930232558139535,0.6837209302325581,-0.16279069767441862,0.5720930232558139,-0.11627906976744186,0.4604651162790698,-0.14883720930232558,0.31627906976744186,-0.12558139534883722,0.6046511627906976,-0.027906976744186046,0.5116279069767442,0.004651162790697674,0.413953488372093,-0.03255813953488372
2,0.0,0.0,0.08,-0.25,0.245,-0.555,0.355,-0.795,0.4,-1.0,0.28,-0.605,0.685,-0.52,0.605,-0.44,0.47,-0.44,0.28,-0.45,0.72,-0.345,0.62,-0.285,0.49,-0.295,0.29,-0.27,0.7,-0.18,0.585,-0.135,0.47,-0.15,0.32,-0.09,0.625,-0.03,0.53,0.0,0.425,-0.02
2,0.0,0.0,0.07575757575757576,-0.26262626262626265,0.24242424242424243,-0.5656565656565656,0.35353535353535354,-0.797979797979798,0.3939393939393939,-1.0,0.2878787878787879,-0.6111111111111112,0.6767676767676768,-0.5050505050505051,0.5858585858585859,-0.4292929292929293,0.4494949494949495,-0.4393939393939394,0.2878787878787879,-0.45454545454545453,0.702020202020202,-0.3333333333333333,0.601010101010101,-0.2777777777777778,0.48484848484848486,-0.29292929292929293,0.29797979797979796,-0.2727272727272727,0.6868686868686869,-0.16666666666666666,0.5808080808080808,-0.12626262626262627,0.46464646464646464,-0.15151515151515152,0.32323232323232326,-0.08585858585858586,0.6313131313131313,-0.015151515151515152,0.5353535353535354,0.010101010101010102,0.41919191919191917,-0.015151515151515152
2,0.0,0.0,0.08854166666666667,-0.265625,0.2604166666666667,-0.5625,0.3697916666666667,-0.796875,0.4166666666666667,-1.0,0.3177083333333333,-0.5885416666666666,0.7239583333333334,-0.4791666666666667,0.640625,-0.4010416666666667,0.5,-0.3958333333333333,0.3229166666666667,-0.4270833333333333,0.7552083333333334,-0.3072916666666667,0.65625,-0.25,0.53125,-0.2552083333333333,0.328125,-0.25,0.7395833333333334,-0.140625,0.6302083333333334,-0.09895833333333333,0.5104166666666666,-0.11979166666666667,0.3489583333333333,-0.0625,0.671875,0.010416666666666666,0.578125,0.03125,0.4583333333333333,0.005208333333333333
2,0.0,0.0,0.07446808510638298,-0.2712765957446808,0.2393617021276596,-0.574468085106383,0.35106382978723405,-0.8031914893617021,0.3829787234042553,-1.0,0.324468085106383,-0.5851063829787234,0.723404255319149,-0.48404255319148937,0.6648936170212766,-0.40425531914893614,0.5425531914893617,-0.39361702127659576,0.3351063829787234,-0.425531914893617,0.7553191489361702,-0.32978723404255317,0.6702127659574468,-0.26595744680851063,0.5372340425531915,-0.2712765957446808,0.35106382978723405,-0.24468085106382978,0.7287234042553191,-0.15425531914893617,0.6382978723404256,-0.11170212765957446,0.5159574468085106,-0.13297872340425532,0.3723404255319149,-0.06382978723404255,0.6702127659574468,0.0,0.5797872340425532,0.026595744680851064,0.4627659574468085,0.0
2,0.0,0.0,0.06321839080459771,-0.28160919540229884,0.2413793103448276,-0.5804597701149425,0.3735632183908046,-0.8103448275862069,0.42528735632183906,-1.0,0.367816091954023,-0.5747126436781609,0.7471264367816092,-0.4885057471264368,0.6609195402298851,-0.42528735632183906,0.5287356321839081,-0.41954022988505746,0.39655172413793105,-0.39655172413793105,0.7931034482758621,-0.3160919540229885,0.6839080459770115,-0.27586206896551724,0.5517241379310345,-0.28735632183908044,0.41379310344827586,-0.20689655172413793,0.7701149425287356,-0.14367816091954022,0.6666666666666666,-0.10919540229885058,0.5402298850574713,-0.13218390804597702,0.4367816091954023,-0.022988505747126436,0.7183908045977011,0.011494252873563218,0.6091954022988506,0.028735632183908046,0.4885057471264368,0.005747126436781609
2,0.0,0.0,0.06285714285714286,-0.28,0.22857142857142856,-0.5828571428571429,0.36,-0.8114285714285714,0.4114285714285714,-1.0,0.3485714285714286,-0.5714285714285714,0.72,-0.49142857142857144,0.6285714285714286,-0.42857142857142855,0.49142857142857144,-0.4342857142857143,0.38285714285714284,-0.3942857142857143,0.7657142857142857,-0.3142857142857143,0.6628571428571428,-0.2742857142857143,0.5257142857142857,-0.2857142857142857,0.4114285714285714,-0.2,0.76,-0.13714285714285715,0.6514285714285715,-0.10857142857142857,0.5257142857142857,-0.13142857142857142,0.4342857142857143,-0.011428571428571429,0.7085714285714285,0.011428571428571429,0.6,0.022857142857142857,0.4742857142857143,0.005714285714285714
2,0.0,0.0,0.05813953488372093,-0.27906976744186046,0.22674418604651161,-0.5872093023255814,0.3546511627906977,-0.8081395348837209,0.4069767441860465,-1.0,0.3430232558139535,-0.5697674418604651,0.7151162790697675,-0.4941860465116279,0.622093023255814,-0.436046511627907,0.4883720930232558,-0.436046511627907,0.37209302325581395,-0.38372093023255816,0.7558139534883721,-0.313953488372093,0.6511627906976745,-0.27325581395348836,0.5174418604651163,-0.28488372093023256,0.4011627906976744,-0.19186046511627908,0.7383720930232558,-0.13953488372093023,0.6337209302325582,-0.11046511627906977,0.5058139534883721,-0.12790697674418605,0.43023255813953487,-0.005813953488372093,0.6918604651162791,0.011627906976744186,0.5872093023255814,0.029069767441860465,0.47093023255813954,0.011627906976744186
2,0.0,0.0,0.07692307692307693,-0.28402366863905326,0.25443786982248523,-0.5857988165680473,0.3727810650887574,-0.8106508875739645,0.4260355029585799,-1.0,0.35502958579881655,-0.5443786982248521,0.7159763313609467,-0.47337278106508873,0.621301775147929,-0.4260355029585799,0.48520710059171596,-0.4319526627218935,0.38461538461538464,-0.35502958579881655,0.7633136094674556,-0.2958579881656805,0.6568047337278107,-0.2603550295857988,0.5207100591715976,-0.27218934911242604,0.40828402366863903,-0.15384615384615385,0.757396449704142,-0.11834319526627218,0.6449704142011834,-0.09467455621301775,0.514792899408284,-0.10059171597633136,0.4319526627218935,0.03550295857988166,0.6982248520710059,0.03550295857988166,0.591715976331361,0.05325443786982249,0.47337278106508873,0.04142011834319527
2,0.0,0.0,0.08187134502923976,-0.26900584795321636,0.2631578947368421,-0.5789473684210527,0.38596491228070173,-0.8128654970760234,0.4269005847953216,-1.0,0.36257309941520466,-0.5497076023391813,0.7192982456140351,-0.47368421052631576,0.6257309941520468,-0.42105263157894735,0.49707602339181284,-0.4327485380116959,0.38596491228070173,-0.3684210526315789,0.7660818713450293,-0.3157894736842105,0.6549707602339181,-0.27485380116959063,0.52046783625731,-0.27485380116959063,0.4093567251461988,-0.17543859649122806,0.7543859649122807,-0.14035087719298245,0.6432748538011696,-0.11695906432748537,0.5146198830409356,-0.1286549707602339,0.43859649122807015,0.011695906432748537,0.6900584795321637,0.011695906432748537,0.5847953216374269,0.023391812865497075,0.4619883040935672,0.011695906432748537
2,0.0,0.0,0.07784431137724551,-0.2754491017964072,0.2694610778443114,-0.5808383233532934,0.38922155688622756,-0.8083832335329342,0.4251497005988024,-1.0,0.3592814371257485,-0.5449101796407185,0.718562874251497,-0.47904191616766467,0.6287425149700598,-0.4311377245508982,0.49101796407185627,-0.437125748502994,0.3772455089820359,-0.3532934131736527,0.7664670658682635,-0.30538922155688625,0.6646706586826348,-0.2694610778443114,0.5209580838323353,-0.2754491017964072,0.40119760479041916,-0.16167664670658682,0.7544910179640718,-0.1317365269461078,0.6467065868263473,-0.10778443113772455,0.5149700598802395,-0.11976047904191617,0.4251497005988024,0.023952095808383235,0.688622754491018,0.017964071856287425,0.5868263473053892,0.03592814371257485,0.46706586826347307,0.029940119760479042
2,0.0,0.0,0.08536585365853659,-0.2682926829268293,0.2804878048780488,-0.5792682926829268,0.4024390243902439,-0.8048780487804879,0.4451219512195122,-1.0,0.36585365853658536,-0.5548780487804879,0.7439024390243902,-0.4817073170731707,0.6524390243902439,-0.4329268292682927,0.5121951219512195,-0.4329268292682927,0.38414634146341464,-0.36585365853658536,0.7865853658536586,-0.3170731707317073,0.676829268292683,-0.27439024390243905,0.5304878048780488,-0.27439024390243905,0.40853658536585363,-0.16463414634146342,0.774390243902439,-0.1402439024390244,0.6585365853658537,-0.10975609756097561,0.524390243902439,-0.10975609756097561,0.4329268292682927,0.036585365853658534,0.7195121951219512,0.024390243902439025,0.6036585365853658,0.042682926829268296,0.47560975609756095,0.03048780487804878
2,0.0,0.0,0.075,-0.2625,0.25625,-0.575,0.3625,-0.80625,0.40625,-1.0,0.31875,-0.5625,0.725,-0.5,0.63125,-0.45,0.4875,-0.4375,0.33125,-0.36875,0.75625,-0.33125,0.64375,-0.29375,0.50625,-0.29375,0.35625,-0.16875,0.7375,-0.15,0.625,-0.125,0.4875,-0.13125,0.375,0.025,0.6875,0.0125,0.58125,0.025,0.45,0.01875
2,0.0,0.0,0.09271523178807947,-0.25165562913907286,0.2847682119205298,-0.5562913907284768,0.4105960264900662,-0.7880794701986755,0.4768211920529801,-1.0,0.31125827814569534,-0.5562913907284768,0.7350993377483444,-0.4966887417218543,0.6622516556291391,-0.4370860927152318,0.5033112582781457,-0.4304635761589404,0.2980132450331126,-0.36423841059602646,0.7748344370860927,-0.304635761589404,0.6688741721854304,-0.26490066225165565,0.5099337748344371,-0.26490066225165565,0.2980132450331126,-0.15894039735099338,0.7350993377483444,-0.11258278145695365,0.6291390728476821,-0.09271523178807947,0.4768211920529801,-0.10596026490066225,0.31788079470198677,0.046357615894039736,0.6622516556291391,0.052980132450331126,0.5562913907284768,0.059602649006622516,0.4105960264900662,0.046357615894039736
2,0.0,0.0,0.11180124223602485,-0.2422360248447205,0.30434782608695654,-0.5590062111801242,0.40993788819875776,-0.7888198757763976,0.42857142857142855,-1.0,0.2732919254658385,-0.5403726708074534,0.6770186335403726,-0.4658385093167702,0.5900621118012422,-0.40993788819875776,0.4472049689440994,-0.4161490683229814,0.2422360248447205,-0.35403726708074534,0.7018633540372671,-0.2795031055900621,0.5838509316770186,-0.2484472049689441,0.43478260869565216,-0.2608695652173913,0.2360248447204969,-0.15527950310559005,0.6645962732919255,-0.10559006211180125,0.5403726708074534,-0.08695652173913043,0.40372670807453415,-0.11180124223602485,0.2484472049689441,0.037267080745341616,0.577639751552795,0.043478260869565216,0.4782608695652174,0.049689440993788817,0.3416149068322981,0.037267080745341616
2,0.0,0.0,0.15476190476190477,-0.26785714285714285,0.32142857142857145,-0.5654761904761905,0.39880952380952384,-0.7976190476190477,0.4226190476190476,-1.0,0.2261904761904762,-0.5595238095238095,0.6011904761904762,-0.49404761904761907,0.5238095238095238,-0.42857142857142855,0.39285714285714285,-0.4523809523809524,0.17857142857142858,-0.3869047619047619,0.6190476190476191,-0.3273809523809524,0.5059523809523809,-0.2916666666666667,0.375,-0.31547619047619047,0.16666666666666666,-0.20833333333333334,0.5833333333333334,-0.16071428571428573,0.47023809523809523,-0.14285714285714285,0.35119047619047616,-0.17261904761904762,0.17857142857142858,-0.041666666666666664,0.5059523809523809,-0.017857142857142856,0.4166666666666667,-0.011904761904761904,0.2976190476190476,-0.03571428571428571
2,0.0,0.0,0.18023255813953487,-0.26744186046511625,0.3313953488372093,-0.563953488372093,0.38953488372093026,-0.8023255813953488,0.4069767441860465,-1.0,0.22093023255813954,-0.5988372093023255,0.5697674418604651,-0.5232558139534884,0.4883720930232558,-0.4476744186046512,0.37790697674418605,-0.47674418604651164,0.1686046511627907,-0.4418604651162791,0.5872093023255814,-0.3546511627906977,0.47674418604651164,-0.313953488372093,0.36046511627906974,-0.3372093023255814,0.14534883720930233,-0.27906976744186046,0.5465116279069767,-0.19767441860465115,0.43023255813953487,-0.1686046511627907,0.32558139534883723,-0.19767441860465115,0.1569767441860465,-0.11627906976744186,0.48255813953488375,-0.06976744186046512,0.3953488372093023,-0.05813953488372093,0.29069767441860467,-0.08139534883720931
2,0.0,0.0,0.17415730337078653,-0.2808988764044944,0.30337078651685395,-0.5730337078651685,0.3539325842696629,-0.8033707865168539,0.3651685393258427,-1.0,0.1797752808988764,-0.6179775280898876,0.5168539325842697,-0.550561797752809,0.43820224719101125,-0.47191011235955055,0.3258426966292135,-0.4943820224719101,0.12359550561797752,-0.46629213483146065,0.5280898876404494,-0.38764044943820225,0.4157303370786517,-0.34269662921348315,0.30337078651685395,-0.3651685393258427,0.10112359550561797,-0.30337078651685395,0.48314606741573035,-0.23595505617977527,0.3707865168539326,-0.20224719101123595,0.2752808988764045,-0.2303370786516854,0.10674157303370786,-0.14606741573033707,0.4157303370786517,-0.10674157303370786,0.34269662921348315,-0.09550561797752809,0.24157303370786518,-0.11797752808988764
2,0.0,0.0,0.1712707182320442,-0.287292817679558,0.292817679558011,-0.580110497237569,0.3370165745856354,-0.8121546961325967,0.34806629834254144,-1.0,0.16022099447513813,-0.6132596685082873,0.49171270718232046,-0.5469613259668509,0.4088397790055249,-0.4696132596685083,0.2983425414364641,-0.49171270718232046,0.11049723756906077,-0.4585635359116022,0.5027624309392266,-0.3867403314917127,0.39226519337016574,-0.3425414364640884,0.27624309392265195,-0.36464088397790057,0.08839779005524862,-0.2983425414364641,0.46408839779005523,-0.23756906077348067,0.34806629834254144,-0.20994475138121546,0.24861878453038674,-0.23204419889502761,0.09392265193370165,-0.14917127071823205,0.39779005524861877,-0.11602209944751381,0.32044198895027626,-0.10497237569060773,0.2154696132596685,-0.13259668508287292
2,0.0,0.0,0.1774193548387097,-0.2956989247311828,0.27956989247311825,-0.5913978494623656,0.3118279569892473,-0.8172043010752689,0.3279569892473118,-1.0,0.12903225806451613,-0.6290322580645161,0.45161290322580644,-0.5645161290322581,0.3655913978494624,-0.478494623655914,0.25806451612903225,-0.5053763440860215,0.06989247311827956,-0.478494623655914,0.45161290322580644,-0.40860215053763443,0.34946236559139787,-0.3655913978494624,0.24193548387096775,-0.3817204301075269,0.043010752688172046,-0.3225806451612903,0.41397849462365593,-0.25806451612903225,0.3172043010752688,-0.22580645161290322,0.22043010752688172,-0.24731182795698925,0.053763440860215055,-0.16666666666666666,0.3548387096774194,-0.13440860215053763,0.2903225806451613,-0.12365591397849462,0.1935483870967742,-0.14516129032258066
2,0.0,0.0,0.16847826086956522,-0.30978260869565216,0.2554347826086957,-0.6086956521739131,0.27717391304347827,-0.8206521739130435,0.29891304347826086,-1.0,0.09782608695652174,-0.6195652173913043,0.41847826086956524,-0.5706521739130435,0.34782608695652173,-0.483695652173913,0.23369565217391305,-0.5108695652173914,0.043478260869565216,-0.4673913043478261,0.42391304347826086,-0.4076086956521739,0.32065217391304346,-0.3641304347826087,0.20108695652173914,-0.3858695652173913,0.02717391304347826,-0.31521739130434784,0.391304347826087,-0.2554347826086957,0.28804347826086957,-0.22282608695652173,0.18478260869565216,-0.25,0.03804347826086957,-0.16304347826086957,0.33152173913043476,-0.1358695652173913,0.2608695652173913,-0.125,0.14673913043478262,-0.14130434782608695
2,0.0,0.0,0.14835164835164835,-0.2967032967032967,0.21428571428571427,-0.5934065934065934,0.23076923076923078,-0.8076923076923077,0.24175824175824176,-1.0,0.04395604395604396,-0.6153846153846154,0.3626373626373626,-0.5604395604395604,0.3021978021978022,-0.46703296703296704,0.19230769230769232,-0.489010989010989,-0.01098901098901099,-0.46703296703296704,0.35714285714285715,-0.3956043956043956,0.26373626373626374,-0.34065934065934067,0.15934065934065933,-0.36813186813186816,-0.03296703296703297,-0.3076923076923077,0.3241758241758242,-0.24725274725274726,0.23626373626373626,-0.2032967032967033,0.14835164835164835,-0.23626373626373626,-0.02197802197802198,-0.15384615384615385,0.27472527472527475,-0.12087912087912088,0.2087912087912088,-0.1043956043956044,0.0989010989010989,-0.12637362637362637
2,0.0,0.0,0.14516129032258066,-0.3064516129032258,0.20430107526881722,-0.5967741935483871,0.23118279569892472,-0.8064516129032258,0.24193548387096775,-1.0,0.016129032258064516,-0.6236559139784946,0.3387096774193548,-0.5752688172043011,0.2849462365591398,-0.4838709677419355,0.1774193548387097,-0.5,-0.03225806451612903,-0.478494623655914,0.34408602150537637,-0.41935483870967744,0.25268817204301075,-0.3602150537634409,0.15053763440860216,-0.3817204301075269,-0.053763440860215055,-0.3225806451612903,0.3064516129032258,-0.26881720430107525,0.22580645161290322,-0.22043010752688172,0.13440860215053763,-0.24731182795698925,-0.03225806451612903,-0.1774193548387097,0.25268817204301075,-0.15053763440860216,0.1935483870967742,-0.12903225806451613,0.0913978494623656,-0.14516129032258066
2,0.0,0.0,0.16145833333333334,-0.3177083333333333,0.19270833333333334,-0.5989583333333334,0.17708333333333334,-0.8072916666666666,0.18229166666666666,-1.0,-0.026041666666666668,-0.640625,0.2864583333333333,-0.578125,0.234375,-0.4895833333333333,0.13020833333333334,-0.515625,-0.09375,-0.515625,0.28125,-0.4322916666666667,0.203125,-0.3697916666666667,0.10416666666666667,-0.390625,-0.109375,-0.3645833333333333,0.25,-0.3020833333333333,0.17708333333333334,-0.25,0.08854166666666667,-0.2708333333333333,-0.08854166666666667,-0.21875,0.1875,-0.18229166666666666,0.140625,-0.16145833333333334,0.046875,-0.17708333333333334
2,0.0,0.0,0.14130434782608695,-0.30434782608695654,0.15760869565217392,-0.592391304347826,0.13043478260869565,-0.7989130434782609,0.11413043478260869,-1.0,-0.09782608695652174,-0.6413043478260869,0.21195652173913043,-0.5869565217391305,0.1793478260869565,-0.4782608695652174,0.08152173913043478,-0.483695652173913,-0.16847826086956522,-0.5108695652173914,0.20652173913043478,-0.43478260869565216,0.14673913043478262,-0.3532608695652174,0.04891304347826087,-0.3641304347826087,-0.18478260869565216,-0.358695652173913,0.17391304347826086,-0.29891304347826086,0.11956521739130435,-0.22826086956521738,0.02717391304347826,-0.2391304347826087,-0.17391304347826086,-0.20652173913043478,0.11413043478260869,-0.17391304347826086,0.08152173913043478,-0.14130434782608695,-0.010869565217391304,-0.14130434782608695
2,0.0,0.0,0.12422360248447205,-0.2795031055900621,0.09937888198757763,-0.577639751552795,0.06832298136645963,-0.7950310559006211,0.049689440993788817,-1.0,-0.20496894409937888,-0.6024844720496895,0.13664596273291926,-0.546583850931677,0.14906832298136646,-0.422360248447205,0.043478260869565216,-0.40993788819875776,-0.2919254658385093,-0.4472049689440994,0.11801242236024845,-0.38509316770186336,0.10559006211180125,-0.2981366459627329,0.006211180124223602,-0.2981366459627329,-0.3167701863354037,-0.2732919254658385,0.06832298136645963,-0.21739130434782608,0.062111801242236024,-0.15527950310559005,-0.037267080745341616,-0.16149068322981366,-0.3105590062111801,-0.09937888198757763,-0.006211180124223602,-0.07453416149068323,0.006211180124223602,-0.055900621118012424,-0.07453416149068323,-0.062111801242236024
3,0.0,0.0,0.13003095975232198,-0.04024767801857585,0.16718266253869968,-0.21981424148606812,0.058823529411764705,-0.34674922600619196,-0.0804953560371517,-0.4179566563467492,0.13622291021671826,-0.47368421052631576,0.19504643962848298,-0.6811145510835913,0.22291021671826625,-0.8111455108359134,0.23839009287925697,-0.9256965944272446,0.006191950464396285,-0.46439628482972134,-0.034055727554179564,-0.7089783281733746,-0.05572755417956656,-0.8668730650154799,-0.07739938080495357,-1.0,-0.1021671826625387,-0.38390092879256965,-0.11764705882352941,-0.4458204334365325,-0.043343653250773995,-0.32507739938080493,0.0030959752321981426,-0.23529411764705882,-0.18575851393188855,-0.26625386996904027,-0.15789473684210525,-0.2848297213622291,-0.06501547987616099,-0.20123839009287925,0.006191950464396285,-0.13312693498452013
3,0.0,0.0,0.11834319526627218,-0.07100591715976332,0.15680473372781065,-0.2514792899408284,0.05029585798816568,-0.378698224852071,-0.08579881656804733,-0.44970414201183434,0.1242603550295858,-0.48520710059171596,0.1804733727810651,-0.6863905325443787,0.21005917159763313,-0.8076923076923077,0.22781065088757396,-0.9171597633136095,0.0,-0.47928994082840237,-0.03254437869822485,-0.7218934911242604,-0.05029585798816568,-0.8727810650887574,-0.07100591715976332,-1.0,-0.10355029585798817,-0.40828402366863903,-0.11242603550295859,-0.47633136094674555,-0.03550295857988166,-0.3520710059171598,0.008875739644970414,-0.26627218934911245,-0.1893491124260355,-0.3047337278106509,-0.15384615384615385,-0.32840236686390534,-0.0621301775147929,-0.24260355029585798,-0.0029585798816568047,-0.17751479289940827
3,0.0,0.0,0.1345565749235474,-0.04281345565749235,0.19877675840978593,-0.21712538226299694,0.10703363914373089,-0.3486238532110092,-0.03363914373088685,-0.41590214067278286,0.14678899082568808,-0.4648318042813456,0.2018348623853211,-0.6758409785932722,0.22935779816513763,-0.8073394495412844,0.25076452599388377,-0.9174311926605505,0.01529051987767584,-0.45871559633027525,-0.01529051987767584,-0.7155963302752294,-0.03058103975535168,-0.8715596330275229,-0.045871559633027525,-1.0,-0.09480122324159021,-0.37920489296636084,-0.07339449541284404,-0.43119266055045874,-0.0030581039755351682,-0.3058103975535168,0.03669724770642202,-0.21712538226299694,-0.18654434250764526,-0.26605504587155965,-0.1437308868501529,-0.29357798165137616,-0.039755351681957186,-0.20795107033639143,0.039755351681957186,-0.1345565749235474
3,0.0,0.0,0.13043478260869565,-0.024844720496894408,0.18322981366459629,-0.20186335403726707,0.09006211180124224,-0.32298136645962733,-0.046583850931677016,-0.38509316770186336,0.10869565217391304,-0.43788819875776397,0.16770186335403728,-0.65527950310559,0.19875776397515527,-0.7888198757763976,0.2204968944099379,-0.9099378881987578,-0.031055900621118012,-0.4409937888198758,-0.043478260869565216,-0.6925465838509317,-0.046583850931677016,-0.8633540372670807,-0.049689440993788817,-1.0,-0.15527950310559005,-0.37888198757763975,-0.07763975155279502,-0.39751552795031053,0.012422360248447204,-0.2732919254658385,0.062111801242236024,-0.18012422360248448,-0.2484472049689441,-0.27639751552795033,-0.13664596273291926,-0.2422360248447205,-0.009316770186335404,-0.15217391304347827,0.07142857142857142,-0.08385093167701864
3,0.0,0.0,0.138801261829653,-0.006309148264984227,0.21766561514195584,-0.17034700315457413,0.19242902208201892,-0.305993690851735,0.08201892744479496,-0.38170347003154576,0.15457413249211358,-0.42586750788643535,0.22082018927444794,-0.6529968454258676,0.25236593059936907,-0.7854889589905363,0.26498422712933756,-0.9053627760252366,0.00946372239747634,-0.4384858044164038,-0.00946372239747634,-0.7097791798107256,0.0,-0.8801261829652997,0.015772870662460567,-1.0,-0.11041009463722397,-0.38485804416403785,0.012618296529968454,-0.4037854889589905,0.10094637223974763,-0.2902208201892745,0.14195583596214512,-0.19873817034700317,-0.1892744479495268,-0.2902208201892745,-0.025236593059936908,-0.2302839116719243,0.10094637223974763,-0.138801261829653,0.17665615141955837,-0.0694006309148265
3,0.0,0.0,0.13333333333333333,-0.045454545454545456,0.22121212121212122,-0.2,0.20303030303030303,-0.33636363636363636,0.10909090909090909,-0.41818181818181815,0.14242424242424243,-0.4575757575757576,0.2,-0.6696969696969697,0.23636363636363636,-0.7878787878787878,0.2545454545454545,-0.8939393939393939,0.00909090909090909,-0.4666666666666667,0.015151515151515152,-0.7242424242424242,0.03333333333333333,-0.8818181818181818,0.04242424242424243,-1.0,-0.1,-0.41818181818181815,0.021212121212121213,-0.42424242424242425,0.08181818181818182,-0.31212121212121213,0.1,-0.22727272727272727,-0.1696969696969697,-0.32727272727272727,-0.012121212121212121,-0.2787878787878788,0.10909090909090909,-0.20303030303030303,0.18484848484848485,-0.14242424242424243
3,0.0,0.0,0.13544668587896252,-0.08645533141210375,0.2219020172910663,-0.23631123919308358,0.21037463976945245,-0.3746397694524496,0.12680115273775217,-0.45821325648414984,0.1440922190201729,-0.4755043227665706,0.1988472622478386,-0.6743515850144092,0.2334293948126801,-0.7838616714697406,0.2507204610951009,-0.8818443804034583,0.023054755043227664,-0.49279538904899134,0.037463976945244955,-0.7348703170028819,0.06051873198847262,-0.8847262247838616,0.07492795389048991,-1.0,-0.07780979827089338,-0.4495677233429395,0.05187319884726225,-0.46397694524495675,0.10662824207492795,-0.34870317002881845,0.11815561959654179,-0.2622478386167147,-0.138328530259366,-0.3631123919308357,0.020172910662824207,-0.3256484149855908,0.13256484149855907,-0.2564841498559078,0.207492795389049,-0.1988472622478386
3,0.0,0.0,0.13119533527696792,-0.09037900874635568,0.21574344023323616,-0.25072886297376096,0.2099125364431487,-0.39067055393586003,0.13119533527696792,-0.48104956268221577,0.13411078717201166,-0.48104956268221577,0.18950437317784258,-0.6676384839650146,0.22740524781341107,-0.7755102040816326,0.2478134110787172,-0.8717201166180758,0.011661807580174927,-0.49854227405247814,0.03498542274052478,-0.7317784256559767,0.061224489795918366,-0.8833819241982507,0.0728862973760933,-1.0,-0.08746355685131195,-0.4577259475218659,0.04664723032069971,-0.4839650145772595,0.11370262390670553,-0.3556851311953353,0.13411078717201166,-0.2653061224489796,-0.13994169096209913,-0.3760932944606414,0.023323615160349854,-0.34110787172011664,0.14285714285714285,-0.27405247813411077,0.22157434402332363,-0.22448979591836735
3,0.0,0.0,0.13872832369942195,-0.0953757225433526,0.21676300578034682,-0.25722543352601157,0.20520231213872833,-0.3988439306358382,0.12138728323699421,-0.48554913294797686,0.15028901734104047,-0.48265895953757226,0.2023121387283237,-0.6791907514450867,0.23410404624277456,-0.791907514450867,0.24855491329479767,-0.8872832369942196,0.031791907514450865,-0.49710982658959535,0.04335260115606936,-0.7369942196531792,0.06647398843930635,-0.8901734104046243,0.07225433526011561,-1.0,-0.06936416184971098,-0.4508670520231214,0.04335260115606936,-0.48265895953757226,0.11849710982658959,-0.3699421965317919,0.1531791907514451,-0.28034682080924855,-0.13005780346820808,-0.3670520231213873,0.023121387283236993,-0.3352601156069364,0.1329479768786127,-0.26878612716763006,0.2023121387283237,-0.21676300578034682
3,0.0,0.0,0.12138728323699421,-0.11271676300578035,0.18497109826589594,-0.2658959537572254,0.15606936416184972,-0.3930635838150289,0.08092485549132948,-0.47109826589595377,0.12716763005780346,-0.5028901734104047,0.18208092485549132,-0.6820809248554913,0.2138728323699422,-0.7947976878612717,0.23410404624277456,-0.8930635838150289,0.002890173410404624,-0.5086705202312138,0.005780346820809248,-0.7398843930635838,0.008670520231213872,-0.8901734104046243,0.011560693641618497,-1.0,-0.10115606936416185,-0.45375722543352603,-0.011560693641618497,-0.5,0.09248554913294797,-0.41040462427745666,0.16473988439306358,-0.3265895953757225,-0.1791907514450867,-0.36127167630057805,-0.057803468208092484,-0.34971098265895956,0.046242774566473986,-0.2861271676300578,0.12716763005780346,-0.2254335260115607
3,0.0,0.0,0.14035087719298245,-0.12280701754385964,0.2309941520467836,-0.30701754385964913,0.28654970760233917,-0.45321637426900585,0.32456140350877194,-0.5672514619883041,0.11403508771929824,-0.5058479532163743,0.15789473684210525,-0.7046783625730995,0.18421052631578946,-0.8216374269005848,0.19883040935672514,-0.9210526315789473,-0.014619883040935672,-0.49122807017543857,-0.049707602339181284,-0.7222222222222222,-0.05555555555555555,-0.8771929824561403,-0.06140350877192982,-1.0,-0.12573099415204678,-0.4239766081871345,-0.06432748538011696,-0.49122807017543857,0.049707602339181284,-0.4239766081871345,0.13450292397660818,-0.36257309941520466,-0.21052631578947367,-0.31871345029239767,-0.12280701754385964,-0.32748538011695905,-0.02046783625730994,-0.27485380116959063,0.05847953216374269,-0.22514619883040934
3,0.0,0.0,0.09941520467836257,-0.1111111111111111,0.12280701754385964,-0.28654970760233917,0.049707602339181284,-0.4152046783625731,-0.07309941520467836,-0.47368421052631576,0.07894736842105263,-0.49122807017543857,0.13157894736842105,-0.6871345029239766,0.1608187134502924,-0.8070175438596491,0.17251461988304093,-0.9064327485380117,-0.03508771929824561,-0.4766081871345029,-0.06432748538011696,-0.7251461988304093,-0.07894736842105263,-0.8771929824561403,-0.09941520467836257,-1.0,-0.13742690058479531,-0.40058479532163743,-0.10818713450292397,-0.47953216374269003,-0.03216374269005848,-0.37719298245614036,0.008771929824561403,-0.2982456140350877,-0.21637426900584794,-0.29239766081871343,-0.16666666666666666,-0.3304093567251462,-0.06725146198830409,-0.2719298245614035,0.0029239766081871343,-0.2134502923976608
3,0.0,0.0,0.10588235294117647,-0.1,0.13823529411764707,-0.2823529411764706,0.04411764705882353,-0.42058823529411765,-0.08823529411764706,-0.49117647058823527,0.11470588235294117,-0.5029411764705882,0.16176470588235295,-0.7,0.18529411764705883,-0.8176470588235294,0.19411764705882353,-0.9205882352941176,-0.0058823529411764705,-0.49117647058823527,-0.05588235294117647,-0.7323529411764705,-0.07647058823529412,-0.8735294117647059,-0.1,-1.0,-0.11176470588235295,-0.4147058823529412,-0.11176470588235295,-0.5029411764705882,-0.029411764705882353,-0.38235294117647056,0.011764705882352941,-0.3029411764705882,-0.19705882352941176,-0.3088235294117647,-0.1588235294117647,-0.34411764705882353,-0.06764705882352941,-0.2647058823529412,-0.008823529411764706,-0.20588235294117646
3,0.0,0.0,0.1130952380952381,-0.10714285714285714,0.13392857142857142,-0.28869047619047616,0.017857142857142856,-0.41369047619047616,-0.12202380952380952,-0.4880952380952381,0.10714285714285714,-0.5029761904761905,0.15178571428571427,-0.6934523809523809,0.17261904761904762,-0.8125,0.18452380952380953,-0.9166666666666666,-0.01488095238095238,-0.4880952380952381,-0.0625,-0.7261904761904762,-0.08928571428571429,-0.8720238095238095,-0.11904761904761904,-1.0,-0.11904761904761904,-0.4166666666666667,-0.1488095238095238,-0.5119047619047619,-0.0625,-0.3898809523809524,-0.01488095238095238,-0.30654761904761907,-0.19940476190476192,-0.3125,-0.17857142857142858,-0.3630952380952381,-0.08630952380952381,-0.28273809523809523,-0.023809523809523808,-0.21726190476190477
3,0.0,0.0,0.10638297872340426,-0.1094224924012158,0.12462006079027356,-0.2917933130699088,0.0121580547112462,-0.4194528875379939,-0.12158054711246201,-0.49544072948328266,0.1033434650455927,-0.5045592705167173,0.14893617021276595,-0.7021276595744681,0.17325227963525835,-0.8237082066869301,0.18541033434650456,-0.9270516717325228,-0.02127659574468085,-0.48936170212765956,-0.06990881458966565,-0.729483282674772,-0.09422492401215805,-0.8753799392097265,-0.12158054711246201,-1.0,-0.12158054711246201,-0.4133738601823708,-0.1519756838905775,-0.5045592705167173,-0.0668693009118541,-0.3860182370820669,-0.02127659574468085,-0.3009118541033435,-0.20364741641337386,-0.3100303951367781,-0.182370820668693,-0.3556231003039514,-0.09422492401215805,-0.2735562310030395,-0.03343465045592705,-0.20972644376899696
3,0.0,0.0,0.1059190031152648,-0.1059190031152648,0.12461059190031153,-0.29283489096573206,0.021806853582554516,-0.4205607476635514,-0.11214953271028037,-0.48909657320872274,0.102803738317757,-0.5015576323987538,0.1526479750778816,-0.6947040498442367,0.17757009345794392,-0.8161993769470405,0.19314641744548286,-0.9190031152647975,-0.01557632398753894,-0.49221183800623053,-0.06230529595015576,-0.735202492211838,-0.08411214953271028,-0.8785046728971962,-0.10903426791277258,-1.0,-0.11838006230529595,-0.4205607476635514,-0.13707165109034267,-0.5109034267912772,-0.056074766355140186,-0.3894080996884735,-0.012461059190031152,-0.3052959501557632,-0.19937694704049844,-0.32087227414330216,-0.16822429906542055,-0.35202492211838005,-0.08411214953271028,-0.27102803738317754,-0.028037383177570093,-0.2087227414330218
3,0.0,0.0,0.10749185667752444,-0.10423452768729642,0.1270358306188925,-0.2931596091205212,0.029315960912052116,-0.4201954397394137,-0.10423452768729642,-0.4788273615635179,0.10749185667752444,-0.501628664495114,0.1563517915309446,-0.6905537459283387,0.18892508143322476,-0.8045602605863192,0.20846905537459284,-0.9022801302931596,-0.009771986970684038,-0.495114006514658,-0.05537459283387622,-0.739413680781759,-0.0749185667752443,-0.8827361563517915,-0.10097719869706841,-1.0,-0.11074918566775244,-0.4234527687296417,-0.1270358306188925,-0.5146579804560261,-0.05211726384364821,-0.3941368078175896,-0.013029315960912053,-0.3127035830618892,-0.18892508143322476,-0.32247557003257327,-0.16612377850162866,-0.36156351791530944,-0.08143322475570032,-0.28338762214983715,-0.02280130293159609,-0.2247557003257329
3,0.0,0.0,0.12027491408934708,-0.07560137457044673,0.14776632302405499,-0.26804123711340205,0.048109965635738834,-0.40893470790378006,-0.08247422680412371,-0.47079037800687284,0.12027491408934708,-0.49828178694158076,0.17525773195876287,-0.6872852233676976,0.21305841924398625,-0.8006872852233677,0.23711340206185566,-0.8934707903780069,-0.003436426116838488,-0.4948453608247423,-0.054982817869415807,-0.738831615120275,-0.07903780068728522,-0.8831615120274914,-0.10309278350515463,-1.0,-0.10652920962199312,-0.41580756013745707,-0.11683848797250859,-0.4879725085910653,-0.041237113402061855,-0.3745704467353952,0.0,-0.29553264604810997,-0.18556701030927836,-0.30584192439862545,-0.16494845360824742,-0.3402061855670103,-0.07216494845360824,-0.2611683848797251,-0.006872852233676976,-0.19931271477663232
3,0.0,0.0,0.12773722627737227,-0.04744525547445255,0.1678832116788321,-0.23722627737226276,0.058394160583941604,-0.36496350364963503,-0.08029197080291971,-0.4233576642335766,0.13138686131386862,-0.4781021897810219,0.20802919708029197,-0.6678832116788321,0.2591240875912409,-0.7846715328467153,0.28832116788321166,-0.8868613138686131,0.0,-0.46715328467153283,-0.051094890510948905,-0.718978102189781,-0.08029197080291971,-0.8722627737226277,-0.11678832116788321,-1.0,-0.10948905109489052,-0.38686131386861317,-0.11313868613138686,-0.4489051094890511,-0.032846715328467155,-0.3284671532846715,0.010948905109489052,-0.24087591240875914,-0.19343065693430658,-0.2737226277372263,-0.15693430656934307,-0.2956204379562044,-0.06569343065693431,-0.20437956204379562,-0.0036496350364963502,-0.13503649635036497
3,0.0,0.0,0.13740458015267176,-0.015267175572519083,0.17557251908396945,-0.2099236641221374,0.061068702290076333,-0.3473282442748092,-0.08015267175572519,-0.40458015267175573,0.14122137404580154,-0.4618320610687023,0.22137404580152673,-0.6641221374045801,0.2748091603053435,-0.7900763358778626,0.3053435114503817,-0.8931297709923665,0.003816793893129771,-0.45038167938931295,-0.05725190839694656,-0.7099236641221374,-0.09541984732824428,-0.8664122137404581,-0.13740458015267176,-1.0,-0.11068702290076336,-0.366412213740458,-0.11450381679389313,-0.42748091603053434,-0.03435114503816794,-0.3053435114503817,0.007633587786259542,-0.21755725190839695,-0.1984732824427481,-0.2480916030534351,-0.15267175572519084,-0.2633587786259542,-0.05343511450381679,-0.1717557251908397,0.019083969465648856,-0.09923664122137404
3,0.0,0.0,0.13533834586466165,-0.03007518796992481,0.17293233082706766,-0.21804511278195488,0.06390977443609022,-0.34962406015037595,-0.07518796992481203,-0.42105263157894735,0.13157894736842105,-0.4774436090225564,0.19924812030075187,-0.6766917293233082,0.23684210526315788,-0.8007518796992481,0.2593984962406015,-0.9060150375939849,0.0,-0.45864661654135336,-0.045112781954887216,-0.7142857142857143,-0.07142857142857142,-0.8721804511278195,-0.10150375939849623,-1.0,-0.10902255639097744,-0.37218045112781956,-0.11654135338345864,-0.4473684210526316,-0.02631578947368421,-0.3233082706766917,0.018796992481203006,-0.23684210526315788,-0.19548872180451127,-0.2518796992481203,-0.15789473684210525,-0.2819548872180451,-0.06015037593984962,-0.19924812030075187,0.007518796992481203,-0.13157894736842105
3,0.0,0.0,0.11619718309859155,-0.06338028169014084,0.1443661971830986,-0.2535211267605634,0.045774647887323945,-0.38380281690140844,-0.09507042253521127,-0.45422535211267606,0.11267605633802817,-0.4894366197183099,0.1619718309859155,-0.6866197183098591,0.18661971830985916,-0.8063380281690141,0.19718309859154928,-0.9119718309859155,-0.007042253521126761,-0.4753521126760563,-0.04225352112676056,-0.721830985915493,-0.045774647887323945,-0.8732394366197183,-0.05985915492957746,-1.0,-0.10915492957746478,-0.397887323943662,-0.11267605633802817,-0.4788732394366197,-0.035211267605633804,-0.3591549295774648,-0.0035211267605633804,-0.27816901408450706,-0.1936619718309859,-0.2852112676056338,-0.15140845070422534,-0.3204225352112676,-0.05985915492957746,-0.23591549295774647,-0.007042253521126761,-0.176056338028169
3,0.0,0.0,0.12040133779264214,-0.10367892976588629,0.14046822742474915,-0.2909698996655518,0.05351170568561873,-0.42474916387959866,-0.07357859531772576,-0.4882943143812709,0.11036789297658862,-0.5083612040133779,0.16387959866220736,-0.6956521739130435,0.18394648829431437,-0.8127090301003345,0.18394648829431437,-0.9096989966555183,-0.0033444816053511705,-0.5016722408026756,-0.026755852842809364,-0.7391304347826086,-0.030100334448160536,-0.882943143812709,-0.043478260869565216,-1.0,-0.10033444816053512,-0.431438127090301,-0.11371237458193979,-0.5250836120401338,-0.04013377926421405,-0.42474916387959866,0.0033444816053511705,-0.34448160535117056,-0.17725752508361203,-0.32441471571906355,-0.14046822742474915,-0.36789297658862874,-0.056856187290969896,-0.3076923076923077,-0.0033444816053511705,-0.2508361204013378
3,0.0,0.0,0.12871287128712872,-0.10891089108910891,0.15181518151815182,-0.30033003300330036,0.0627062706270627,-0.4389438943894389,-0.0627062706270627,-0.5016501650165016,0.12211221122112212,-0.5082508250825083,0.1716171617161716,-0.6963696369636964,0.19141914191419143,-0.8118811881188119,0.19801980198019803,-0.9108910891089109,0.0033003300330033004,-0.5016501650165016,-0.0165016501650165,-0.7392739273927392,-0.019801980198019802,-0.8844884488448845,-0.033003300330033,-1.0,-0.09570957095709572,-0.43234323432343236,-0.10891089108910891,-0.5379537953795379,-0.033003300330033,-0.43564356435643564,0.009900990099009901,-0.34983498349834985,-0.1782178217821782,-0.3333333333333333,-0.1353135313531353,-0.3795379537953795,-0.052805280528052806,-0.31683168316831684,0.0033003300330033004,-0.2607260726072607
3,0.0,0.0,0.11842105263157894,-0.10855263157894737,0.14473684210526316,-0.2993421052631579,0.05921052631578947,-0.4375,-0.07236842105263158,-0.5032894736842105,0.11513157894736842,-0.506578947368421,0.16776315789473684,-0.6973684210526315,0.1875,-0.8125,0.19407894736842105,-0.9078947368421053,0.0,-0.5032894736842105,-0.01644736842105263,-0.7368421052631579,-0.019736842105263157,-0.8848684210526315,-0.03289473684210526,-1.0,-0.10197368421052631,-0.4342105263157895,-0.10855263157894737,-0.5394736842105263,-0.03618421052631579,-0.4309210526315789,0.0,-0.34539473684210525,-0.18421052631578946,-0.3355263157894737,-0.13815789473684212,-0.3848684210526316,-0.05263157894736842,-0.3190789473684211,0.003289473684210526,-0.2598684210526316
3,0.0,0.0,0.12459016393442623,-0.11147540983606558,0.15081967213114755,-0.2983606557377049,0.05573770491803279,-0.4360655737704918,-0.06557377049180328,-0.5049180327868853,0.12459016393442623,-0.49836065573770494,0.18032786885245902,-0.6885245901639344,0.2,-0.8032786885245902,0.20655737704918034,-0.9016393442622951,0.006557377049180328,-0.4918032786885246,-0.009836065573770493,-0.7311475409836066,-0.01639344262295082,-0.8786885245901639,-0.029508196721311476,-1.0,-0.09508196721311475,-0.42950819672131146,-0.10819672131147541,-0.5409836065573771,-0.036065573770491806,-0.43934426229508194,0.003278688524590164,-0.35737704918032787,-0.18032786885245902,-0.33114754098360655,-0.14426229508196722,-0.3901639344262295,-0.05901639344262295,-0.33114754098360655,-0.003278688524590164,-0.2721311475409836
3,0.0,0.0,0.12779552715654952,-0.11182108626198083,0.15335463258785942,-0.2971246006389776,0.054313099041533544,-0.43130990415335463,-0.0670926517571885,-0.5015974440894568,0.13099041533546327,-0.4984025559105431,0.18849840255591055,-0.6869009584664537,0.21405750798722045,-0.8019169329073482,0.22044728434504793,-0.8977635782747604,0.012779552715654952,-0.49201277955271566,-0.006389776357827476,-0.7284345047923323,-0.012779552715654952,-0.8785942492012779,-0.02875399361022364,-1.0,-0.0926517571884984,-0.4281150159744409,-0.10543130990415335,-0.5399361022364217,-0.03194888178913738,-0.43130990415335463,0.006389776357827476,-0.3450479233226837,-0.1757188498402556,-0.329073482428115,-0.134185303514377,-0.38338658146964855,-0.04792332268370607,-0.3194888178913738,0.006389776357827476,-0.25878594249201275
3,0.0,0.0,0.12576687116564417,-0.10736196319018405,0.147239263803681,-0.294478527607362,0.046012269938650305,-0.4294478527607362,-0.08282208588957055,-0.5,0.13190184049079753,-0.4938650306748466,0.18404907975460122,-0.6840490797546013,0.20552147239263804,-0.7975460122699386,0.21779141104294478,-0.8957055214723927,0.012269938650306749,-0.48773006134969327,-0.009202453987730062,-0.7269938650306749,-0.018404907975460124,-0.8742331288343558,-0.03680981595092025,-1.0,-0.0950920245398773,-0.42024539877300615,-0.11349693251533742,-0.5306748466257669,-0.04294478527607362,-0.42024539877300615,-0.003067484662576687,-0.3343558282208589,-0.18098159509202455,-0.31901840490797545,-0.15030674846625766,-0.37423312883435583,-0.06441717791411043,-0.3067484662576687,-0.003067484662576687,-0.24539877300613497
3,0.0,0.0,0.1148036253776435,-0.10574018126888217,0.13293051359516617,-0.29003021148036257,0.03625377643504532,-0.4259818731117825,-0.08761329305135952,-0.5075528700906344,0.12084592145015106,-0.5015105740181269,0.17522658610271905,-0.6918429003021148,0.19939577039274925,-0.8066465256797583,0.21148036253776434,-0.9063444108761329,0.0030211480362537764,-0.4954682779456193,-0.021148036253776436,-0.7311178247734139,-0.03323262839879154,-0.8761329305135952,-0.054380664652567974,-1.0,-0.09969788519637462,-0.4259818731117825,-0.12386706948640483,-0.5287009063444109,-0.0513595166163142,-0.4108761329305136,-0.00906344410876133,-0.3323262839879154,-0.18429003021148035,-0.32628398791540786,-0.15709969788519637,-0.36555891238670696,-0.07250755287009064,-0.29003021148036257,-0.00906344410876133,-0.2326283987915408
3,0.0,0.0,0.11384615384615385,-0.10153846153846154,0.12615384615384614,-0.28307692307692306,0.03076923076923077,-0.4153846153846154,-0.09846153846153846,-0.49230769230769234,0.11692307692307692,-0.5015384615384615,0.1723076923076923,-0.6923076923076923,0.20307692307692307,-0.8092307692307692,0.2153846153846154,-0.9076923076923077,0.0,-0.49230769230769234,-0.033846153846153845,-0.7292307692307692,-0.052307692307692305,-0.8738461538461538,-0.07692307692307693,-1.0,-0.10153846153846154,-0.4246153846153846,-0.12923076923076923,-0.5107692307692308,-0.04923076923076923,-0.39076923076923076,-0.006153846153846154,-0.3076923076923077,-0.18461538461538463,-0.32,-0.15384615384615385,-0.3569230769230769,-0.07076923076923076,-0.27384615384615385,-0.012307692307692308,-0.2123076923076923
3,0.0,0.0,0.10163934426229508,-0.10491803278688525,0.1180327868852459,-0.28852459016393445,0.013114754098360656,-0.419672131147541,-0.1180327868852459,-0.4819672131147541,0.09836065573770492,-0.5049180327868853,0.16065573770491803,-0.6950819672131148,0.19672131147540983,-0.8131147540983606,0.21639344262295082,-0.9147540983606557,-0.022950819672131147,-0.49508196721311476,-0.08196721311475409,-0.7344262295081967,-0.11147540983606558,-0.8786885245901639,-0.14754098360655737,-1.0,-0.12459016393442623,-0.419672131147541,-0.14754098360655737,-0.4885245901639344,-0.06229508196721312,-0.3737704918032787,-0.01639344262295082,-0.29508196721311475,-0.2,-0.3180327868852459,-0.17704918032786884,-0.34098360655737703,-0.09508196721311475,-0.25901639344262295,-0.03934426229508197,-0.19672131147540983
3,0.0,0.0,0.09965635738831616,-0.10652920962199312,0.12371134020618557,-0.2852233676975945,0.020618556701030927,-0.41237113402061853,-0.10996563573883161,-0.47766323024054985,0.10309278350515463,-0.5017182130584192,0.16494845360824742,-0.6907216494845361,0.20962199312714777,-0.8075601374570447,0.23367697594501718,-0.9072164948453608,-0.020618556701030927,-0.4948453608247423,-0.08934707903780069,-0.7422680412371134,-0.12027491408934708,-0.8831615120274914,-0.15807560137457044,-1.0,-0.12027491408934708,-0.41924398625429554,-0.13402061855670103,-0.4879725085910653,-0.05154639175257732,-0.3745704467353952,-0.006872852233676976,-0.29896907216494845,-0.1958762886597938,-0.3161512027491409,-0.16151202749140894,-0.3333333333333333,-0.07560137457044673,-0.2508591065292096,-0.020618556701030927,-0.19243986254295534
3,0.0,0.0,0.11387900355871886,-0.099644128113879,0.14590747330960854,-0.28113879003558717,0.05338078291814947,-0.4128113879003559,-0.07829181494661921,-0.47330960854092524,0.11743772241992882,-0.5124555160142349,0.18505338078291814,-0.697508896797153,0.2277580071174377,-0.8113879003558719,0.25622775800711745,-0.9039145907473309,-0.0035587188612099642,-0.501779359430605,-0.06405693950177936,-0.7402135231316725,-0.09608540925266904,-0.8825622775800712,-0.13167259786476868,-1.0,-0.10320284697508897,-0.4199288256227758,-0.10676156583629894,-0.48398576512455516,-0.028469750889679714,-0.3665480427046263,0.010676156583629894,-0.2846975088967972,-0.18149466192170818,-0.31316725978647686,-0.15658362989323843,-0.3487544483985765,-0.0711743772241993,-0.26334519572953735,-0.010676156583629894,-0.199288256227758
3,0.0,0.0,0.11397058823529412,-0.08823529411764706,0.15073529411764705,-0.2757352941176471,0.06985294117647059,-0.4117647058823529,-0.0625,-0.48161764705882354,0.125,-0.5073529411764706,0.1875,-0.6985294117647058,0.22794117647058823,-0.8125,0.25,-0.9080882352941176,0.003676470588235294,-0.4963235294117647,-0.04779411764705882,-0.7389705882352942,-0.07720588235294118,-0.8823529411764706,-0.11029411764705882,-1.0,-0.09926470588235294,-0.4227941176470588,-0.09558823529411764,-0.4963235294117647,-0.01838235294117647,-0.36764705882352944,0.01838235294117647,-0.28308823529411764,-0.1801470588235294,-0.31985294117647056,-0.13602941176470587,-0.35661764705882354,-0.04411764705882353,-0.26838235294117646,0.014705882352941176,-0.20588235294117646
3,0.0,0.0,0.11152416356877323,-0.09293680297397769,0.1412639405204461,-0.2788104089219331,0.06691449814126393,-0.41263940520446096,-0.05947955390334572,-0.483271375464684,0.11895910780669144,-0.5055762081784386,0.1821561338289963,-0.6988847583643123,0.22304832713754646,-0.8066914498141264,0.24535315985130113,-0.9033457249070632,0.0,-0.4944237918215613,-0.055762081784386616,-0.7397769516728625,-0.08550185873605948,-0.8773234200743495,-0.11895910780669144,-1.0,-0.10037174721189591,-0.42379182156133827,-0.10037174721189591,-0.5018587360594795,-0.01858736059479554,-0.3754646840148699,0.01486988847583643,-0.2936802973977695,-0.17843866171003717,-0.32342007434944237,-0.13382899628252787,-0.35687732342007433,-0.048327137546468404,-0.26765799256505574,0.0037174721189591076,-0.20074349442379183
3,0.0,0.0,0.11923076923076924,-0.1076923076923077,0.1423076923076923,-0.2846153846153846,0.057692307692307696,-0.4115384615384615,-0.05384615384615385,-0.4807692307692308,0.12307692307692308,-0.5038461538461538,0.19230769230769232,-0.6884615384615385,0.23461538461538461,-0.7961538461538461,0.25769230769230766,-0.8884615384615384,0.007692307692307693,-0.49615384615384617,-0.046153846153846156,-0.7346153846153847,-0.07307692307692308,-0.8807692307692307,-0.11153846153846154,-1.0,-0.09615384615384616,-0.4230769230769231,-0.1,-0.5115384615384615,-0.015384615384615385,-0.4115384615384615,0.023076923076923078,-0.33076923076923076,-0.17307692307692307,-0.3230769230769231,-0.12692307692307692,-0.36153846153846153,-0.04230769230769231,-0.2923076923076923,0.011538461538461539,-0.23076923076923078
3,0.0,0.0,0.12749003984063745,-0.11553784860557768,0.14741035856573706,-0.29880478087649404,0.06772908366533864,-0.4262948207171315,-0.043824701195219126,-0.49800796812749004,0.13147410358565736,-0.5059760956175299,0.199203187250996,-0.6892430278884463,0.23904382470119523,-0.8007968127490039,0.2589641434262948,-0.896414342629482,0.00796812749003984,-0.49800796812749004,-0.04780876494023904,-0.7330677290836654,-0.07569721115537849,-0.8804780876494024,-0.10756972111553785,-1.0,-0.09163346613545817,-0.4262948207171315,-0.099601593625498,-0.5179282868525896,-0.01593625498007968,-0.42231075697211157,0.03187250996015936,-0.3386454183266932,-0.17131474103585656,-0.32270916334661354,-0.13147410358565736,-0.3705179282868526,-0.043824701195219126,-0.3107569721115538,0.01195219123505976,-0.250996015936255
3,0.0,0.0,0.12863070539419086,-0.11618257261410789,0.15352697095435686,-0.3029045643153527,0.07053941908713693,-0.43568464730290457,-0.04149377593360996,-0.5020746887966805,0.12863070539419086,-0.5062240663900415,0.1991701244813278,-0.6929460580912863,0.23651452282157676,-0.8049792531120332,0.25311203319502074,-0.9045643153526971,0.008298755186721992,-0.4979253112033195,-0.04979253112033195,-0.7385892116182573,-0.07883817427385892,-0.8838174273858921,-0.11203319502074689,-1.0,-0.0954356846473029,-0.42738589211618255,-0.0995850622406639,-0.5311203319502075,-0.016597510373443983,-0.42738589211618255,0.024896265560165973,-0.34024896265560167,-0.17012448132780084,-0.3236514522821577,-0.13278008298755187,-0.3817427385892116,-0.04979253112033195,-0.31950207468879666,0.004149377593360996,-0.26141078838174275
3,0.0,0.0,0.1228813559322034,-0.11016949152542373,0.1483050847457627,-0.3008474576271186,0.0635593220338983,-0.4406779661016949,-0.05508474576271186,-0.5127118644067796,0.1271186440677966,-0.5042372881355932,0.19491525423728814,-0.6949152542372882,0.2330508474576271,-0.8050847457627118,0.25,-0.902542372881356,0.00847457627118644,-0.5,-0.05508474576271186,-0.7415254237288136,-0.08050847457627118,-0.8813559322033898,-0.11440677966101695,-1.0,-0.09745762711864407,-0.4279661016949153,-0.1016949152542373,-0.5338983050847458,-0.01694915254237288,-0.423728813559322,0.0211864406779661,-0.3389830508474576,-0.17372881355932204,-0.3305084745762712,-0.13135593220338984,-0.3813559322033898,-0.046610169491525424,-0.3177966101694915,0.00423728813559322,-0.2584745762711864
3,0.0,0.0,0.12719298245614036,-0.11842105263157894,0.14912280701754385,-0.3026315789473684,0.06140350877192982,-0.44298245614035087,-0.06140350877192982,-0.5131578947368421,0.13157894736842105,-0.5043859649122807,0.19736842105263158,-0.6929824561403509,0.23684210526315788,-0.8070175438596491,0.25877192982456143,-0.9035087719298246,0.008771929824561403,-0.5,-0.04824561403508772,-0.7456140350877193,-0.07894736842105263,-0.8859649122807017,-0.11403508771929824,-1.0,-0.09210526315789473,-0.42543859649122806,-0.10087719298245613,-0.5175438596491229,-0.017543859649122806,-0.40789473684210525,0.021929824561403508,-0.32894736842105265,-0.17543859649122806,-0.32456140350877194,-0.14035087719298245,-0.37719298245614036,-0.05263157894736842,-0.31140350877192985,0.008771929824561403,-0.2543859649122807
3,0.0,0.0,0.12831858407079647,-0.12389380530973451,0.15486725663716813,-0.3053097345132743,0.061946902654867256,-0.43805309734513276,-0.05309734513274336,-0.504424778761062,0.12831858407079647,-0.504424778761062,0.19469026548672566,-0.6902654867256637,0.2345132743362832,-0.8053097345132744,0.252212389380531,-0.9026548672566371,0.008849557522123894,-0.49557522123893805,-0.05309734513274336,-0.7389380530973452,-0.07964601769911504,-0.8849557522123894,-0.11504424778761062,-1.0,-0.09292035398230089,-0.4247787610619469,-0.09292035398230089,-0.5176991150442478,-0.008849557522123894,-0.41150442477876104,0.030973451327433628,-0.33185840707964603,-0.17699115044247787,-0.3230088495575221,-0.13716814159292035,-0.37610619469026546,-0.048672566371681415,-0.3141592920353982,0.008849557522123894,-0.252212389380531
3,0.0,0.0,0.1282051282051282,-0.1111111111111111,0.1752136752136752,-0.2905982905982906,0.10683760683760683,-0.42735042735042733,-0.004273504273504274,-0.49145299145299143,0.12393162393162394,-0.49572649572649574,0.18803418803418803,-0.688034188034188,0.2264957264957265,-0.8076923076923077,0.25213675213675213,-0.905982905982906,0.004273504273504274,-0.48717948717948717,-0.038461538461538464,-0.7264957264957265,-0.05982905982905983,-0.8760683760683761,-0.08547008547008547,-1.0,-0.09401709401709402,-0.4188034188034188,-0.05982905982905983,-0.5042735042735043,0.029914529914529916,-0.405982905982906,0.07692307692307693,-0.3247863247863248,-0.1752136752136752,-0.32051282051282054,-0.11538461538461539,-0.36752136752136755,-0.021367521367521368,-0.3076923076923077,0.042735042735042736,-0.25213675213675213
3,0.0,0.0,0.12244897959183673,-0.09387755102040816,0.17551020408163265,-0.2612244897959184,0.12653061224489795,-0.4,0.02040816326530612,-0.46938775510204084,0.11836734693877551,-0.4775510204081633,0.17551020408163265,-0.673469387755102,0.21224489795918366,-0.7918367346938775,0.24081632653061225,-0.8938775510204081,0.004081632653061225,-0.47346938775510206,-0.036734693877551024,-0.7183673469387755,-0.05714285714285714,-0.8734693877551021,-0.08163265306122448,-1.0,-0.09387755102040816,-0.4122448979591837,-0.044897959183673466,-0.4816326530612245,0.036734693877551024,-0.3795918367346939,0.07346938775510205,-0.2938775510204082,-0.17142857142857143,-0.3142857142857143,-0.09795918367346938,-0.3551020408163265,0.0,-0.2897959183673469,0.0653061224489796,-0.22448979591836735
3,0.0,0.0,0.11904761904761904,-0.09126984126984126,0.1746031746031746,-0.25793650793650796,0.13095238095238096,-0.4007936507936508,0.01984126984126984,-0.46825396825396826,0.10714285714285714,-0.4722222222222222,0.14682539682539683,-0.6785714285714286,0.17857142857142858,-0.7976190476190477,0.1984126984126984,-0.9047619047619048,-0.01984126984126984,-0.4722222222222222,-0.05555555555555555,-0.7222222222222222,-0.06746031746031746,-0.876984126984127,-0.0873015873015873,-1.0,-0.11904761904761904,-0.4166666666666667,-0.03968253968253968,-0.4603174603174603,0.023809523809523808,-0.3611111111111111,0.051587301587301584,-0.2777777777777778,-0.19047619047619047,-0.32936507936507936,-0.07936507936507936,-0.3253968253968254,0.027777777777777776,-0.26587301587301587,0.09523809523809523,-0.21428571428571427
3,0.0,0.0,0.11583011583011583,-0.10424710424710425,0.18532818532818532,-0.26640926640926643,0.16216216216216217,-0.4015444015444015,0.0694980694980695,-0.46332046332046334,0.10424710424710425,-0.4864864864864865,0.15057915057915058,-0.694980694980695,0.17374517374517376,-0.8108108108108109,0.18532818532818532,-0.915057915057915,-0.02702702702702703,-0.49034749034749037,-0.06563706563706563,-0.7297297297297297,-0.07722007722007722,-0.8803088803088803,-0.08108108108108109,-1.0,-0.1274131274131274,-0.4362934362934363,-0.007722007722007722,-0.47876447876447875,0.07335907335907337,-0.3783783783783784,0.11196911196911197,-0.30115830115830117,-0.1891891891891892,-0.35135135135135137,-0.05019305019305019,-0.3359073359073359,0.06177606177606178,-0.27413127413127414,0.13127413127413126,-0.21621621621621623
3,0.0,0.0,0.1171875,-0.09765625,0.18359375,-0.2734375,0.16796875,-0.41796875,0.06640625,-0.484375,0.1015625,-0.4921875,0.12890625,-0.70703125,0.1484375,-0.82421875,0.1640625,-0.92578125,-0.03125,-0.5,-0.078125,-0.73828125,-0.08203125,-0.88671875,-0.078125,-1.0,-0.12890625,-0.44921875,-0.01171875,-0.47265625,0.05078125,-0.3671875,0.0703125,-0.28515625,-0.18359375,-0.3671875,-0.0234375,-0.33984375,0.09375,-0.2734375,0.16796875,-0.21875
3,0.0,0.0,0.12075471698113208,-0.1018867924528302,0.19245283018867926,-0.2679245283018868,0.17735849056603772,-0.41509433962264153,0.0830188679245283,-0.4830188679245283,0.10566037735849057,-0.47924528301886793,0.14339622641509434,-0.6981132075471698,0.16981132075471697,-0.8113207547169812,0.17735849056603772,-0.9169811320754717,-0.018867924528301886,-0.49056603773584906,-0.03773584905660377,-0.7283018867924528,-0.033962264150943396,-0.8830188679245283,-0.04150943396226415,-1.0,-0.1169811320754717,-0.44528301886792454,0.01509433962264151,-0.4641509433962264,0.07547169811320754,-0.3584905660377358,0.09056603773584905,-0.27547169811320754,-0.17735849056603772,-0.3622641509433962,-0.011320754716981131,-0.33962264150943394,0.10566037735849057,-0.27547169811320754,0.17735849056603772,-0.2188679245283019
3,0.0,0.0,0.12452830188679245,-0.09811320754716982,0.2037735849056604,-0.26037735849056604,0.19622641509433963,-0.4037735849056604,0.10566037735849057,-0.4716981132075472,0.10943396226415095,-0.4830188679245283,0.15471698113207547,-0.6981132075471698,0.1811320754716981,-0.8113207547169812,0.18490566037735848,-0.9169811320754717,-0.01509433962264151,-0.4981132075471698,-0.026415094339622643,-0.7320754716981132,-0.022641509433962263,-0.8830188679245283,-0.022641509433962263,-1.0,-0.10943396226415095,-0.4528301886792453,0.03018867924528302,-0.4679245283018868,0.07924528301886792,-0.35094339622641507,0.08679245283018867,-0.2679245283018868,-0.16226415094339622,-0.3660377358490566,0.0,-0.3433962264150943,0.11320754716981132,-0.2792452830188679,0.18867924528301888,-0.22264150943396227
3,0.0,0.0,0.13059701492537312,-0.09701492537313433,0.2126865671641791,-0.26119402985074625,0.208955223880597,-0.39925373134328357,0.11567164179104478,-0.4701492537313433,0.11567164179104478,-0.48507462686567165,0.15671641791044777,-0.6977611940298507,0.1828358208955224,-0.8059701492537313,0.19029850746268656,-0.9104477611940298,-0.011194029850746268,-0.4962686567164179,-0.029850746268656716,-0.7313432835820896,-0.022388059701492536,-0.8805970149253731,-0.018656716417910446,-1.0,-0.1044776119402985,-0.45149253731343286,0.048507462686567165,-0.4626865671641791,0.12313432835820895,-0.3358208955223881,0.1455223880597015,-0.2462686567164179,-0.14925373134328357,-0.3656716417910448,0.018656716417910446,-0.3283582089552239,0.13805970149253732,-0.26492537313432835,0.22014925373134328,-0.2126865671641791
3,0.0,0.0,0.12727272727272726,-0.10181818181818182,0.20727272727272728,-0.26181818181818184,0.2109090909090909,-0.39636363636363636,0.12,-0.46545454545454545,0.11272727272727273,-0.48727272727272725,0.14545454545454545,-0.6872727272727273,0.1709090909090909,-0.7963636363636364,0.18181818181818182,-0.8909090909090909,-0.007272727272727273,-0.49818181818181817,-0.014545454545454545,-0.730909090909091,-0.0036363636363636364,-0.88,0.0036363636363636364,-1.0,-0.10181818181818182,-0.4509090909090909,0.05090909090909091,-0.46545454545454545,0.12,-0.3381818181818182,0.13818181818181818,-0.2509090909090909,-0.14909090909090908,-0.36727272727272725,0.025454545454545455,-0.33090909090909093,0.14545454545454545,-0.2690909090909091,0.22545454545454546,-0.21454545454545454
3,0.0,0.0,0.13309352517985612,-0.1079136690647482,0.2158273381294964,-0.26618705035971224,0.22661870503597123,-0.39928057553956836,0.1474820143884892,-0.4712230215827338,0.11510791366906475,-0.4892086330935252,0.1510791366906475,-0.6834532374100719,0.17985611510791366,-0.7913669064748201,0.1906474820143885,-0.8884892086330936,-0.0035971223021582736,-0.49640287769784175,0.0,-0.7302158273381295,0.014388489208633094,-0.8812949640287769,0.02158273381294964,-1.0,-0.09352517985611511,-0.45323741007194246,0.07194244604316546,-0.4784172661870504,0.15467625899280577,-0.35251798561151076,0.18705035971223022,-0.26258992805755393,-0.1366906474820144,-0.37050359712230213,0.046762589928057555,-0.34532374100719426,0.1618705035971223,-0.27697841726618705,0.23381294964028776,-0.22302158273381295
3,0.0,0.0,0.13829787234042554,-0.10638297872340426,0.22340425531914893,-0.26595744680851063,0.23404255319148937,-0.3971631205673759,0.15602836879432624,-0.46808510638297873,0.11347517730496454,-0.4858156028368794,0.1524822695035461,-0.6702127659574468,0.18439716312056736,-0.7730496453900709,0.19858156028368795,-0.8652482269503546,-0.0035460992907801418,-0.49645390070921985,0.0035460992907801418,-0.7304964539007093,0.024822695035460994,-0.8794326241134752,0.03546099290780142,-1.0,-0.08865248226950355,-0.45390070921985815,0.0851063829787234,-0.48226950354609927,0.1702127659574468,-0.3546099290780142,0.1950354609929078,-0.26595744680851063,-0.1276595744680851,-0.36879432624113473,0.06382978723404255,-0.34397163120567376,0.18439716312056736,-0.2801418439716312,0.25886524822695034,-0.23049645390070922
3,0.0,0.0,0.13768115942028986,-0.11231884057971014,0.2210144927536232,-0.2753623188405797,0.2318840579710145,-0.40942028985507245,0.15217391304347827,-0.4855072463768116,0.10144927536231885,-0.4927536231884058,0.13768115942028986,-0.6702898550724637,0.17391304347826086,-0.7681159420289855,0.18840579710144928,-0.855072463768116,-0.014492753623188406,-0.5,-0.007246376811594203,-0.7318840579710145,0.014492753623188406,-0.8840579710144928,0.028985507246376812,-1.0,-0.10507246376811594,-0.4528985507246377,0.07246376811594203,-0.4855072463768116,0.16304347826086957,-0.358695652173913,0.19927536231884058,-0.2644927536231884,-0.14130434782608695,-0.3695652173913043,0.057971014492753624,-0.35507246376811596,0.17753623188405798,-0.2898550724637681,0.2536231884057971,-0.2391304347826087
3,0.0,0.0,0.14487632508833923,-0.10954063604240283,0.2226148409893993,-0.27208480565371024,0.2332155477031802,-0.4134275618374558,0.15901060070671377,-0.49823321554770317,0.0989399293286219,-0.4664310954063604,0.1413427561837456,-0.6466431095406361,0.17314487632508835,-0.7455830388692579,0.18374558303886926,-0.833922261484099,-0.01060070671378092,-0.48056537102473496,0.0,-0.7243816254416962,0.02120141342756184,-0.8798586572438163,0.03180212014134275,-1.0,-0.09187279151943463,-0.44876325088339225,0.07773851590106007,-0.5017667844522968,0.16607773851590105,-0.38162544169611307,0.1978798586572438,-0.28975265017667845,-0.13074204946996468,-0.38162544169611307,0.0636042402826855,-0.38869257950530034,0.1872791519434629,-0.3250883392226148,0.26501766784452296,-0.26501766784452296
3,0.0,0.0,0.13732394366197184,-0.10211267605633803,0.2112676056338028,-0.2711267605633803,0.21830985915492956,-0.4119718309859155,0.14084507042253522,-0.4964788732394366,0.0880281690140845,-0.45774647887323944,0.1267605633802817,-0.6373239436619719,0.15845070422535212,-0.7359154929577465,0.17253521126760563,-0.823943661971831,-0.02112676056338028,-0.47183098591549294,-0.014084507042253521,-0.7183098591549296,0.0,-0.8802816901408451,0.007042253521126761,-1.0,-0.11267605633802817,-0.43309859154929575,0.04929577464788732,-0.5070422535211268,0.1443661971830986,-0.38028169014084506,0.18309859154929578,-0.28169014084507044,-0.15492957746478872,-0.36619718309859156,0.035211267605633804,-0.3908450704225352,0.15845070422535212,-0.323943661971831,0.2323943661971831,-0.25704225352112675
3,0.0,0.0,0.1384083044982699,-0.10726643598615918,0.2041522491349481,-0.2768166089965398,0.20761245674740483,-0.41522491349480967,0.1384083044982699,-0.5086505190311419,0.08650519031141868,-0.4429065743944637,0.1245674740484429,-0.6228373702422145,0.15570934256055363,-0.7231833910034602,0.16608996539792387,-0.8096885813148789,-0.02422145328719723,-0.4602076124567474,-0.02422145328719723,-0.71280276816609,-0.01384083044982699,-0.8719723183391004,-0.010380622837370242,-1.0,-0.11418685121107267,-0.42560553633217996,0.03806228373702422,-0.5051903114186851,0.11764705882352941,-0.3806228373702422,0.14186851211072665,-0.2906574394463668,-0.16262975778546712,-0.3633217993079585,0.02422145328719723,-0.3875432525951557,0.1522491349480969,-0.32525951557093424,0.23529411764705882,-0.2664359861591695
3,0.0,0.0,0.1326530612244898,-0.1054421768707483,0.19727891156462585,-0.2755102040816326,0.19727891156462585,-0.41156462585034015,0.1292517006802721,-0.5136054421768708,0.09183673469387756,-0.4523809523809524,0.1326530612244898,-0.6292517006802721,0.16326530612244897,-0.7278911564625851,0.17346938775510204,-0.8197278911564626,-0.023809523809523808,-0.46598639455782315,-0.023809523809523808,-0.717687074829932,-0.017006802721088437,-0.8775510204081632,-0.013605442176870748,-1.0,-0.11564625850340136,-0.42857142857142855,0.034013605442176874,-0.5034013605442177,0.12244897959183673,-0.37755102040816324,0.15306122448979592,-0.2857142857142857,-0.16326530612244897,-0.36054421768707484,0.02040816326530612,-0.391156462585034,0.14625850340136054,-0.32653061224489793,0.22448979591836735,-0.2687074829931973
3,0.0,0.0,0.12666666666666668,-0.10666666666666667,0.19,-0.27,0.18666666666666668,-0.41,0.11666666666666667,-0.5033333333333333,0.08666666666666667,-0.44666666666666666,0.13333333333333333,-0.6233333333333333,0.16666666666666666,-0.7266666666666667,0.18,-0.8133333333333334,-0.02666666666666667,-0.4633333333333333,-0.02666666666666667,-0.7133333333333334,-0.013333333333333334,-0.8766666666666667,-0.013333333333333334,-1.0,-0.12,-0.42333333333333334,0.016666666666666666,-0.5066666666666667,0.10666666666666667,-0.38333333333333336,0.14,-0.29333333333333333,-0.17333333333333334,-0.35333333333333333,-0.0033333333333333335,-0.3933333333333333,0.12333333333333334,-0.33,0.20333333333333334,-0.2733333333333333
3,0.0,0.0,0.12580645161290321,-0.1,0.1967741935483871,-0.2709677419354839,0.18387096774193548,-0.41935483870967744,0.0935483870967742,-0.4935483870967742,0.0967741935483871,-0.44193548387096776,0.14838709677419354,-0.6290322580645161,0.18064516129032257,-0.7290322580645161,0.1935483870967742,-0.8225806451612904,-0.02258064516129032,-0.4612903225806452,-0.03225806451612903,-0.7129032258064516,-0.03225806451612903,-0.8709677419354839,-0.03870967741935484,-1.0,-0.11935483870967742,-0.41935483870967744,0.0064516129032258064,-0.49032258064516127,0.08709677419354839,-0.38064516129032255,0.11612903225806452,-0.2967741935483871,-0.1774193548387097,-0.34838709677419355,-0.02258064516129032,-0.3709677419354839,0.1,-0.3193548387096774,0.18064516129032257,-0.267741935483871
3,0.0,0.0,0.11838006230529595,-0.10903426791277258,0.18691588785046728,-0.2866043613707165,0.16510903426791276,-0.4392523364485981,0.06230529595015576,-0.5015576323987538,0.09657320872274143,-0.470404984423676,0.1557632398753894,-0.6510903426791277,0.19626168224299065,-0.7507788161993769,0.21495327102803738,-0.8442367601246106,-0.024922118380062305,-0.48598130841121495,-0.021806853582554516,-0.719626168224299,-0.018691588785046728,-0.8753894080996885,-0.03115264797507788,-1.0,-0.1308411214953271,-0.4423676012461059,-0.01557632398753894,-0.5015576323987538,0.07165109034267912,-0.40498442367601245,0.11526479750778816,-0.32710280373831774,-0.2087227414330218,-0.3582554517133956,-0.056074766355140186,-0.3582554517133956,0.059190031152647975,-0.308411214953271,0.13707165109034267,-0.2616822429906542
3,0.0,0.0,0.12121212121212122,-0.10909090909090909,0.18181818181818182,-0.2909090909090909,0.1393939393939394,-0.43636363636363634,0.045454545454545456,-0.5,0.10606060606060606,-0.4818181818181818,0.1606060606060606,-0.6636363636363637,0.19393939393939394,-0.7666666666666667,0.21212121212121213,-0.8545454545454545,-0.01818181818181818,-0.4909090909090909,-0.03636363636363636,-0.7272727272727273,-0.048484848484848485,-0.8818181818181818,-0.06666666666666667,-1.0,-0.12424242424242424,-0.44242424242424244,-0.015151515151515152,-0.503030303030303,0.1,-0.4212121212121212,0.17272727272727273,-0.34545454545454546,-0.20303030303030303,-0.3606060606060606,-0.0696969696969697,-0.3606060606060606,0.03939393939393939,-0.30303030303030304,0.11212121212121212,-0.24848484848484848
3,0.0,0.0,0.13069908814589665,-0.1033434650455927,0.1762917933130699,-0.2826747720364742,0.11854103343465046,-0.42249240121580545,0.02127659574468085,-0.5045592705167173,0.12462006079027356,-0.47112462006079026,0.182370820668693,-0.6595744680851063,0.2188449848024316,-0.7689969604863222,0.23708206686930092,-0.8662613981762918,0.00911854103343465,-0.47720364741641336,-0.03343465045592705,-0.7264437689969605,-0.05167173252279635,-0.878419452887538,-0.07598784194528875,-1.0,-0.08814589665653495,-0.41641337386018235,-0.0364741641337386,-0.5106382978723404,0.060790273556231005,-0.41641337386018235,0.11550151975683891,-0.3343465045592705,-0.1641337386018237,-0.3221884498480243,-0.0972644376899696,-0.3617021276595745,0.0,-0.3100303951367781,0.06990881458966565,-0.25835866261398177
3,0.0,0.0,0.12650602409638553,-0.09939759036144578,0.15963855421686746,-0.28012048192771083,0.06927710843373494,-0.4126506024096386,-0.03614457831325301,-0.4789156626506024,0.1144578313253012,-0.4819277108433735,0.1716867469879518,-0.6716867469879518,0.20783132530120482,-0.7831325301204819,0.22289156626506024,-0.8795180722891566,-0.009036144578313253,-0.4819277108433735,-0.0572289156626506,-0.7259036144578314,-0.08433734939759036,-0.8795180722891566,-0.12048192771084337,-1.0,-0.10843373493975904,-0.41566265060240964,-0.10240963855421686,-0.5060240963855421,-0.012048192771084338,-0.4126506024096386,0.04216867469879518,-0.3313253012048193,-0.18674698795180722,-0.31626506024096385,-0.13253012048192772,-0.3493975903614458,-0.0391566265060241,-0.2921686746987952,0.02710843373493976,-0.23795180722891565
3,0.0,0.0,0.12721893491124261,-0.10355029585798817,0.15088757396449703,-0.2869822485207101,0.0650887573964497,-0.4260355029585799,-0.04437869822485207,-0.5,0.11538461538461539,-0.4940828402366864,0.16863905325443787,-0.6834319526627219,0.20414201183431951,-0.7928994082840237,0.22189349112426035,-0.8875739644970414,-0.005917159763313609,-0.4911242603550296,-0.07100591715976332,-0.7337278106508875,-0.10355029585798817,-0.8816568047337278,-0.1390532544378698,-1.0,-0.10650887573964497,-0.4230769230769231,-0.11834319526627218,-0.5266272189349113,-0.029585798816568046,-0.4230769230769231,0.023668639053254437,-0.33727810650887574,-0.1804733727810651,-0.3224852071005917,-0.14792899408284024,-0.35798816568047337,-0.05621301775147929,-0.2988165680473373,0.008875739644970414,-0.24260355029585798
3,0.0,0.0,0.13450292397660818,-0.1111111111111111,0.15204678362573099,-0.2982456140350877,0.038011695906432746,-0.4327485380116959,-0.08771929824561403,-0.49707602339181284,0.11988304093567251,-0.5029239766081871,0.16666666666666666,-0.6871345029239766,0.19883040935672514,-0.7923976608187134,0.21637426900584794,-0.8888888888888888,-0.008771929824561403,-0.49707602339181284,-0.07017543859649122,-0.7309941520467836,-0.10818713450292397,-0.8771929824561403,-0.14912280701754385,-1.0,-0.1111111111111111,-0.41812865497076024,-0.13742690058479531,-0.5087719298245614,-0.043859649122807015,-0.40058479532163743,0.011695906432748537,-0.3157894736842105,-0.19005847953216373,-0.30994152046783624,-0.1695906432748538,-0.3508771929824561,-0.08187134502923976,-0.2807017543859649,-0.02046783625730994,-0.22514619883040934
3,0.0,0.0,0.11918604651162791,-0.11918604651162791,0.1308139534883721,-0.29941860465116277,0.005813953488372093,-0.4273255813953488,-0.12790697674418605,-0.4941860465116279,0.11918604651162791,-0.5087209302325582,0.17732558139534885,-0.6918604651162791,0.20930232558139536,-0.8052325581395349,0.22674418604651161,-0.9011627906976745,-0.005813953488372093,-0.49709302325581395,-0.06976744186046512,-0.7296511627906976,-0.11337209302325581,-0.875,-0.1569767441860465,-1.0,-0.10755813953488372,-0.41569767441860467,-0.1511627906976744,-0.502906976744186,-0.06976744186046512,-0.3866279069767442,-0.011627906976744186,-0.3023255813953488,-0.18313953488372092,-0.29941860465116277,-0.18895348837209303,-0.36046511627906974,-0.11046511627906977,-0.28488372093023256,-0.0436046511627907,-0.2238372093023256
3,0.0,0.0,0.11271676300578035,-0.11560693641618497,0.11849710982658959,-0.2947976878612717,-0.008670520231213872,-0.4277456647398844,-0.14450867052023122,-0.5028901734104047,0.11560693641618497,-0.5202312138728323,0.16473988439306358,-0.708092485549133,0.1936416184971098,-0.8208092485549133,0.21098265895953758,-0.9132947976878613,-0.014450867052023121,-0.5057803468208093,-0.08670520231213873,-0.7398843930635838,-0.1329479768786127,-0.8815028901734104,-0.17630057803468208,-1.0,-0.11271676300578035,-0.42485549132947975,-0.17052023121387283,-0.5057803468208093,-0.0838150289017341,-0.3872832369942196,-0.02601156069364162,-0.30346820809248554,-0.1907514450867052,-0.3063583815028902,-0.2023121387283237,-0.3670520231213873,-0.12427745664739884,-0.2861271676300578,-0.06358381502890173,-0.2254335260115607
3,0.0,0.0,0.11174785100286533,-0.12320916905444126,0.11461318051575932,-0.2979942693409742,-0.014326647564469915,-0.42120343839541546,-0.13753581661891118,-0.498567335243553,0.10888252148997135,-0.5157593123209169,0.15759312320916904,-0.7020057306590258,0.18624641833810887,-0.8166189111747851,0.20630372492836677,-0.9140401146131805,-0.022922636103151862,-0.5071633237822349,-0.09742120343839542,-0.7363896848137536,-0.14326647564469913,-0.8796561604584527,-0.1833810888252149,-1.0,-0.12320916905444126,-0.42406876790830944,-0.17765042979942694,-0.504297994269341,-0.08882521489971347,-0.3839541547277937,-0.03151862464183381,-0.3008595988538682,-0.1977077363896848,-0.30659025787965616,-0.20916905444126074,-0.3667621776504298,-0.1318051575931232,-0.28653295128939826,-0.07449856733524356,-0.22349570200573066
3,0.0,0.0,0.10632183908045977,-0.11781609195402298,0.10632183908045977,-0.29022988505747127,-0.02586206896551724,-0.41379310344827586,-0.15804597701149425,-0.4942528735632184,0.10919540229885058,-0.5201149425287356,0.15517241379310345,-0.7040229885057471,0.1839080459770115,-0.8218390804597702,0.20402298850574713,-0.9166666666666666,-0.020114942528735632,-0.5057471264367817,-0.09482758620689655,-0.735632183908046,-0.14367816091954022,-0.8793103448275862,-0.1896551724137931,-1.0,-0.1206896551724138,-0.4224137931034483,-0.1867816091954023,-0.5028735632183908,-0.09770114942528736,-0.3793103448275862,-0.03735632183908046,-0.2988505747126437,-0.19540229885057472,-0.2988505747126437,-0.21264367816091953,-0.367816091954023,-0.14080459770114942,-0.28160919540229884,-0.08333333333333333,-0.21839080459770116
3,0.0,0.0,0.10588235294117647,-0.11470588235294117,0.10588235294117647,-0.28823529411764703,-0.01764705882352941,-0.4147058823529412,-0.1411764705882353,-0.49411764705882355,0.10588235294117647,-0.5147058823529411,0.15588235294117647,-0.7029411764705882,0.18529411764705883,-0.8205882352941176,0.20294117647058824,-0.9205882352941176,-0.01764705882352941,-0.5058823529411764,-0.08529411764705883,-0.7323529411764705,-0.12941176470588237,-0.8764705882352941,-0.17647058823529413,-1.0,-0.11470588235294117,-0.4264705882352941,-0.17058823529411765,-0.5029411764705882,-0.08823529411764706,-0.38235294117647056,-0.03529411764705882,-0.3,-0.19117647058823528,-0.31470588235294117,-0.20294117647058824,-0.36176470588235293,-0.1323529411764706,-0.27647058823529413,-0.07941176470588235,-0.21470588235294116
3,0.0,0.0,0.10091743119266056,-0.1162079510703364,0.10091743119266056,-0.2874617737003058,-0.027522935779816515,-0.41284403669724773,-0.1559633027522936,-0.48623853211009177,0.11009174311926606,-0.5198776758409785,0.1529051987767584,-0.709480122324159,0.18042813455657492,-0.8287461773700305,0.19571865443425077,-0.9296636085626911,-0.01529051987767584,-0.5045871559633027,-0.08868501529051988,-0.7339449541284404,-0.1345565749235474,-0.8776758409785933,-0.1834862385321101,-1.0,-0.1162079510703364,-0.42201834862385323,-0.1743119266055046,-0.4954128440366973,-0.09174311926605505,-0.3761467889908257,-0.03363914373088685,-0.2966360856269113,-0.18960244648318042,-0.3058103975535168,-0.20489296636085627,-0.3547400611620795,-0.13149847094801223,-0.2691131498470948,-0.07951070336391437,-0.20489296636085627
3,0.0,0.0,0.10749185667752444,-0.11400651465798045,0.11074918566775244,-0.28664495114006516,-0.019543973941368076,-0.40390879478827363,-0.1465798045602606,-0.4820846905537459,0.10097719869706841,-0.5211726384364821,0.1563517915309446,-0.7100977198697068,0.18566775244299674,-0.8306188925081434,0.20521172638436483,-0.9283387622149837,-0.026058631921824105,-0.501628664495114,-0.08794788273615635,-0.7296416938110749,-0.13029315960912052,-0.8762214983713354,-0.1758957654723127,-1.0,-0.1237785016286645,-0.4169381107491857,-0.1758957654723127,-0.495114006514658,-0.08794788273615635,-0.3745928338762215,-0.03257328990228013,-0.2931596091205212,-0.20195439739413681,-0.2996742671009772,-0.20846905537459284,-0.3550488599348534,-0.13680781758957655,-0.2671009771986971,-0.08143322475570032,-0.1986970684039088
3,0.0,0.0,0.10416666666666667,-0.11805555555555555,0.10416666666666667,-0.2951388888888889,-0.03819444444444445,-0.4097222222222222,-0.16666666666666666,-0.4826388888888889,0.09375,-0.5277777777777778,0.1388888888888889,-0.71875,0.1736111111111111,-0.8368055555555556,0.19791666666666666,-0.9340277777777778,-0.034722222222222224,-0.5104166666666666,-0.10416666666666667,-0.7326388888888888,-0.14930555555555555,-0.8784722222222222,-0.19444444444444445,-1.0,-0.13194444444444445,-0.4236111111111111,-0.1875,-0.4895833333333333,-0.10069444444444445,-0.3680555555555556,-0.041666666666666664,-0.2847222222222222,-0.20833333333333334,-0.3020833333333333,-0.21875,-0.3541666666666667,-0.14930555555555555,-0.2638888888888889,-0.09722222222222222,-0.19444444444444445
3,0.0,0.0,0.10408921933085502,-0.11895910780669144,0.10408921933085502,-0.2936802973977695,-0.02973977695167286,-0.40892193308550184,-0.16356877323420074,-0.4795539033457249,0.09665427509293681,-0.5278810408921933,0.1412639405204461,-0.7174721189591078,0.17472118959107807,-0.8401486988847584,0.20074349442379183,-0.9442379182156134,-0.026022304832713755,-0.5130111524163569,-0.10037174721189591,-0.7360594795539034,-0.14869888475836432,-0.8810408921933085,-0.19330855018587362,-1.0,-0.12639405204460966,-0.4312267657992565,-0.17843866171003717,-0.4944237918215613,-0.09665427509293681,-0.379182156133829,-0.040892193308550186,-0.29739776951672864,-0.20074349442379183,-0.31226765799256506,-0.21561338289962825,-0.35687732342007433,-0.1412639405204461,-0.27137546468401486,-0.08550185873605948,-0.20817843866171004
3,0.0,0.0,0.10588235294117647,-0.12156862745098039,0.10588235294117647,-0.29411764705882354,-0.01568627450980392,-0.40784313725490196,-0.1450980392156863,-0.4745098039215686,0.09411764705882353,-0.5294117647058824,0.1411764705882353,-0.7215686274509804,0.17254901960784313,-0.8470588235294118,0.19215686274509805,-0.9490196078431372,-0.027450980392156862,-0.5098039215686274,-0.10588235294117647,-0.7372549019607844,-0.15294117647058825,-0.8784313725490196,-0.2,-1.0,-0.12549019607843137,-0.42745098039215684,-0.17254901960784313,-0.48627450980392156,-0.08627450980392157,-0.37254901960784315,-0.03137254901960784,-0.29411764705882354,-0.2,-0.30980392156862746,-0.20784313725490197,-0.34509803921568627,-0.13333333333333333,-0.26666666666666666,-0.0784313725490196,-0.20392156862745098
3,0.0,0.0,0.09871244635193133,-0.12017167381974249,0.10300429184549356,-0.296137339055794,-0.02145922746781116,-0.4034334763948498,-0.15450643776824036,-0.45064377682403434,0.0815450643776824,-0.5278969957081545,0.12875536480686695,-0.7253218884120172,0.15450643776824036,-0.8497854077253219,0.16738197424892703,-0.9527896995708155,-0.04291845493562232,-0.5107296137339056,-0.12446351931330472,-0.7381974248927039,-0.1759656652360515,-0.8798283261802575,-0.21888412017167383,-1.0,-0.14163090128755365,-0.4248927038626609,-0.18025751072961374,-0.4721030042918455,-0.09871244635193133,-0.3562231759656652,-0.04291845493562232,-0.27467811158798283,-0.2145922746781116,-0.3133047210300429,-0.2145922746781116,-0.3261802575107296,-0.13733905579399142,-0.24034334763948498,-0.0815450643776824,-0.1759656652360515
3,0.0,0.0,0.11059907834101383,-0.12903225806451613,0.1152073732718894,-0.30414746543778803,-0.009216589861751152,-0.4055299539170507,-0.12903225806451613,-0.4608294930875576,0.09216589861751152,-0.5345622119815668,0.14285714285714285,-0.7327188940092166,0.17050691244239632,-0.8571428571428571,0.1889400921658986,-0.9631336405529954,-0.027649769585253458,-0.5161290322580645,-0.11059907834101383,-0.7419354838709677,-0.16129032258064516,-0.8847926267281107,-0.20276497695852536,-1.0,-0.12442396313364056,-0.4377880184331797,-0.16589861751152074,-0.4792626728110599,-0.09216589861751152,-0.3640552995391705,-0.041474654377880185,-0.2857142857142857,-0.19815668202764977,-0.3317972350230415,-0.19815668202764977,-0.34101382488479265,-0.12903225806451613,-0.25806451612903225,-0.07834101382488479,-0.1889400921658986
3,0.0,0.0,0.11538461538461539,-0.125,0.1201923076923077,-0.2980769230769231,0.0,-0.39903846153846156,-0.1201923076923077,-0.4519230769230769,0.09615384615384616,-0.5336538461538461,0.14903846153846154,-0.7307692307692307,0.1778846153846154,-0.8557692307692307,0.19230769230769232,-0.9615384615384616,-0.02403846153846154,-0.5144230769230769,-0.10096153846153846,-0.7355769230769231,-0.14903846153846154,-0.8798076923076923,-0.1971153846153846,-1.0,-0.125,-0.42788461538461536,-0.15865384615384615,-0.47115384615384615,-0.07692307692307693,-0.36538461538461536,-0.028846153846153848,-0.2932692307692308,-0.19230769230769232,-0.3125,-0.19230769230769232,-0.3269230769230769,-0.125,-0.25,-0.07211538461538461,-0.19230769230769232
3,0.0,0.0,0.11,-0.125,0.12,-0.295,-0.015,-0.405,-0.145,-0.475,0.105,-0.535,0.155,-0.73,0.18,-0.855,0.2,-0.955,-0.02,-0.515,-0.1,-0.74,-0.145,-0.88,-0.185,-1.0,-0.12,-0.43,-0.16,-0.485,-0.08,-0.37,-0.03,-0.29,-0.195,-0.315,-0.195,-0.35,-0.125,-0.265,-0.08,-0.2
3,0.0,0.0,0.1065989847715736,-0.12690355329949238,0.10152284263959391,-0.29949238578680204,-0.030456852791878174,-0.41116751269035534,-0.15736040609137056,-0.47715736040609136,0.09644670050761421,-0.5380710659898477,0.14213197969543148,-0.7309644670050761,0.16751269035532995,-0.8527918781725888,0.18274111675126903,-0.9593908629441624,-0.030456852791878174,-0.5126903553299492,-0.1116751269035533,-0.7411167512690355,-0.15736040609137056,-0.883248730964467,-0.19796954314720813,-1.0,-0.1319796954314721,-0.4213197969543147,-0.17766497461928935,-0.48223350253807107,-0.10152284263959391,-0.36548223350253806,-0.04568527918781726,-0.2893401015228426,-0.20304568527918782,-0.30456852791878175,-0.2131979695431472,-0.350253807106599,-0.14720812182741116,-0.2639593908629442,-0.09644670050761421,-0.19289340101522842
3,0.0,0.0,0.1076923076923077,-0.1282051282051282,0.1076923076923077,-0.30256410256410254,-0.020512820512820513,-0.41025641025641024,-0.14871794871794872,-0.4717948717948718,0.09230769230769231,-0.5384615384615384,0.13846153846153847,-0.7282051282051282,0.16923076923076924,-0.8564102564102564,0.18461538461538463,-0.958974358974359,-0.03076923076923077,-0.517948717948718,-0.10256410256410256,-0.7384615384615385,-0.15384615384615385,-0.882051282051282,-0.2,-1.0,-0.12307692307692308,-0.4307692307692308,-0.17435897435897435,-0.48717948717948717,-0.09230769230769231,-0.37948717948717947,-0.035897435897435895,-0.29743589743589743,-0.19487179487179487,-0.3128205128205128,-0.21025641025641026,-0.3487179487179487,-0.13846153846153847,-0.2717948717948718,-0.08717948717948718,-0.21025641025641026
3,0.0,0.0,0.10471204188481675,-0.1256544502617801,0.10471204188481675,-0.3036649214659686,-0.02617801047120419,-0.4083769633507853,-0.15706806282722513,-0.4712041884816754,0.08900523560209424,-0.5287958115183246,0.13612565445026178,-0.7277486910994765,0.16230366492146597,-0.8586387434554974,0.17801047120418848,-0.9633507853403142,-0.03664921465968586,-0.5078534031413613,-0.12041884816753927,-0.7382198952879581,-0.16230366492146597,-0.8795811518324608,-0.20418848167539266,-1.0,-0.13612565445026178,-0.42408376963350786,-0.16230366492146597,-0.4712041884816754,-0.08376963350785341,-0.3612565445026178,-0.03664921465968586,-0.28272251308900526,-0.2094240837696335,-0.3089005235602094,-0.20418848167539266,-0.33507853403141363,-0.13089005235602094,-0.2513089005235602,-0.08376963350785341,-0.18848167539267016
3,0.0,0.0,0.10256410256410256,-0.11794871794871795,0.12307692307692308,-0.2923076923076923,0.010256410256410256,-0.39487179487179486,-0.12307692307692308,-0.4461538461538462,0.09743589743589744,-0.5282051282051282,0.14871794871794872,-0.7282051282051282,0.1794871794871795,-0.8512820512820513,0.19487179487179487,-0.958974358974359,-0.03076923076923077,-0.5128205128205128,-0.10256410256410256,-0.7384615384615385,-0.13846153846153847,-0.882051282051282,-0.1794871794871795,-1.0,-0.13333333333333333,-0.4358974358974359,-0.1282051282051282,-0.4564102564102564,-0.05641025641025641,-0.35384615384615387,-0.02564102564102564,-0.28205128205128205,-0.20512820512820512,-0.3282051282051282,-0.16923076923076924,-0.3076923076923077,-0.09230769230769231,-0.2205128205128205,-0.046153846153846156,-0.15897435897435896
3,0.0,0.0,0.10824742268041238,-0.12371134020618557,0.13402061855670103,-0.28865979381443296,0.02577319587628866,-0.38144329896907214,-0.10309278350515463,-0.42783505154639173,0.10824742268041238,-0.5309278350515464,0.17010309278350516,-0.7319587628865979,0.20618556701030927,-0.8556701030927835,0.21649484536082475,-0.9639175257731959,-0.020618556701030927,-0.5154639175257731,-0.08762886597938144,-0.7371134020618557,-0.12371134020618557,-0.8814432989690721,-0.16494845360824742,-1.0,-0.12371134020618557,-0.4329896907216495,-0.10824742268041238,-0.4329896907216495,-0.030927835051546393,-0.32989690721649484,0.005154639175257732,-0.25773195876288657,-0.20103092783505155,-0.32989690721649484,-0.14948453608247422,-0.28350515463917525,-0.061855670103092786,-0.20618556701030927,-0.005154639175257732,-0.14948453608247422
3,0.0,0.0,0.1134020618556701,-0.11855670103092783,0.14432989690721648,-0.27835051546391754,0.041237113402061855,-0.36597938144329895,-0.08247422680412371,-0.4175257731958763,0.1134020618556701,-0.5309278350515464,0.17525773195876287,-0.7319587628865979,0.211340206185567,-0.8608247422680413,0.22164948453608246,-0.9639175257731959,-0.020618556701030927,-0.5154639175257731,-0.08247422680412371,-0.7422680412371134,-0.1134020618556701,-0.8814432989690721,-0.14948453608247422,-1.0,-0.12886597938144329,-0.44329896907216493,-0.10824742268041238,-0.422680412371134,-0.041237113402061855,-0.30927835051546393,-0.005154639175257732,-0.23195876288659795,-0.211340206185567,-0.3402061855670103,-0.15463917525773196,-0.27835051546391754,-0.06701030927835051,-0.19072164948453607,0.0,-0.12886597938144329
3,0.0,0.0,0.11398963730569948,-0.12435233160621761,0.15544041450777202,-0.2694300518134715,0.06735751295336788,-0.35233160621761656,-0.05181347150259067,-0.39896373056994816,0.11398963730569948,-0.5284974093264249,0.17616580310880828,-0.7305699481865285,0.21761658031088082,-0.8549222797927462,0.24352331606217617,-0.9637305699481865,-0.02072538860103627,-0.5233160621761658,-0.06735751295336788,-0.7357512953367875,-0.09844559585492228,-0.8808290155440415,-0.13471502590673576,-1.0,-0.12953367875647667,-0.44559585492227977,-0.08290155440414508,-0.40932642487046633,-0.010362694300518135,-0.30569948186528495,0.025906735751295335,-0.23834196891191708,-0.21243523316062177,-0.33678756476683935,-0.12953367875647667,-0.2538860103626943,-0.04145077720207254,-0.16580310880829016,0.015544041450777202,-0.11398963730569948
3,0.0,0.0,0.12307692307692308,-0.1076923076923077,0.18974358974358974,-0.24615384615384617,0.1282051282051282,-0.358974358974359,0.005128205128205128,-0.41025641025641024,0.13333333333333333,-0.5282051282051282,0.21025641025641026,-0.7333333333333333,0.2564102564102564,-0.8615384615384616,0.28205128205128205,-0.9743589743589743,-0.005128205128205128,-0.5282051282051282,-0.03076923076923077,-0.7384615384615385,-0.046153846153846156,-0.882051282051282,-0.07179487179487179,-1.0,-0.12307692307692308,-0.46153846153846156,-0.05128205128205128,-0.4205128205128205,0.015384615384615385,-0.31794871794871793,0.05128205128205128,-0.24102564102564103,-0.20512820512820512,-0.358974358974359,-0.10256410256410256,-0.28205128205128205,-0.005128205128205128,-0.18974358974358974,0.06666666666666667,-0.11794871794871795
3,0.0,0.0,0.14507772020725387,-0.08290155440414508,0.22797927461139897,-0.22279792746113988,0.18134715025906736,-0.3316062176165803,0.05181347150259067,-0.38341968911917096,0.16062176165803108,-0.5181347150259067,0.24352331606217617,-0.7357512953367875,0.3005181347150259,-0.8704663212435233,0.3316062176165803,-0.9844559585492227,0.02072538860103627,-0.5181347150259067,0.02072538860103627,-0.7357512953367875,0.02072538860103627,-0.8860103626943006,0.010362694300518135,-1.0,-0.09844559585492228,-0.46113989637305697,-0.015544041450777202,-0.41450777202072536,0.046632124352331605,-0.3005181347150259,0.07772020725388601,-0.21243523316062177,-0.18134715025906736,-0.3626943005181347,-0.05699481865284974,-0.2694300518134715,0.05699481865284974,-0.16580310880829016,0.13471502590673576,-0.08290155440414508
3,0.0,0.0,0.13989637305699482,-0.07772020725388601,0.22797927461139897,-0.22279792746113988,0.19689119170984457,-0.3316062176165803,0.07772020725388601,-0.37305699481865284,0.16580310880829016,-0.5077720207253886,0.24352331606217617,-0.7253886010362695,0.30569948186528495,-0.8549222797927462,0.3471502590673575,-0.9689119170984456,0.025906735751295335,-0.5129533678756477,0.025906735751295335,-0.7409326424870466,0.04145077720207254,-0.8911917098445595,0.04145077720207254,-1.0,-0.09326424870466321,-0.45595854922279794,0.0051813471502590676,-0.39378238341968913,0.06735751295336788,-0.27979274611398963,0.09844559585492228,-0.19689119170984457,-0.17616580310880828,-0.3626943005181347,-0.031088082901554404,-0.2538860103626943,0.09326424870466321,-0.15025906735751296,0.17616580310880828,-0.06217616580310881
3,0.0,0.0,0.14136125654450263,-0.06282722513089005,0.2356020942408377,-0.20418848167539266,0.21465968586387435,-0.31413612565445026,0.09424083769633508,-0.35602094240837695,0.16753926701570682,-0.4973821989528796,0.2513089005235602,-0.7225130890052356,0.31413612565445026,-0.8534031413612565,0.3507853403141361,-0.9685863874345549,0.020942408376963352,-0.5026178010471204,0.03664921465968586,-0.7277486910994765,0.05235602094240838,-0.8795811518324608,0.05759162303664921,-1.0,-0.09947643979057591,-0.44502617801047123,0.020942408376963352,-0.3612565445026178,0.08376963350785341,-0.24083769633507854,0.1099476439790576,-0.16230366492146597,-0.18324607329842932,-0.3403141361256545,-0.031413612565445025,-0.225130890052356,0.09424083769633508,-0.12041884816753927,0.18324607329842932,-0.041884816753926704
3,0.0,0.0,0.14583333333333334,-0.052083333333333336,0.234375,-0.203125,0.22916666666666666,-0.3125,0.11458333333333333,-0.359375,0.16145833333333334,-0.5,0.25,-0.7239583333333334,0.3125,-0.859375,0.3541666666666667,-0.9739583333333334,0.020833333333333332,-0.5052083333333334,0.036458333333333336,-0.7291666666666666,0.052083333333333336,-0.8802083333333334,0.0625,-1.0,-0.10416666666666667,-0.4479166666666667,0.020833333333333332,-0.3802083333333333,0.078125,-0.265625,0.09895833333333333,-0.1875,-0.1875,-0.34375,-0.026041666666666668,-0.23958333333333334,0.09895833333333333,-0.125,0.1875,-0.036458333333333336
3,0.0,0.0,0.1477832512315271,-0.09359605911330049,0.2512315270935961,-0.22660098522167488,0.2512315270935961,-0.3497536945812808,0.15270935960591134,-0.3891625615763547,0.1921182266009852,-0.5024630541871922,0.27586206896551724,-0.7192118226600985,0.33004926108374383,-0.8423645320197044,0.35960591133004927,-0.9507389162561576,0.054187192118226604,-0.5172413793103449,0.06896551724137931,-0.7389162561576355,0.09359605911330049,-0.8866995073891626,0.10344827586206896,-1.0,-0.059113300492610835,-0.4630541871921182,0.06403940886699508,-0.4088669950738916,0.12315270935960591,-0.2955665024630542,0.1330049261083744,-0.21674876847290642,-0.12807881773399016,-0.3645320197044335,0.029556650246305417,-0.270935960591133,0.1477832512315271,-0.1724137931034483,0.22167487684729065,-0.09852216748768473
3,0.0,0.0,0.14563106796116504,-0.09223300970873786,0.24757281553398058,-0.23786407766990292,0.25728155339805825,-0.3737864077669903,0.15048543689320387,-0.41262135922330095,0.18446601941747573,-0.5,0.2669902912621359,-0.7135922330097088,0.32038834951456313,-0.8398058252427184,0.35436893203883496,-0.9514563106796117,0.05339805825242718,-0.5145631067961165,0.06310679611650485,-0.7330097087378641,0.09223300970873786,-0.883495145631068,0.10679611650485436,-1.0,-0.05825242718446602,-0.470873786407767,0.06796116504854369,-0.4174757281553398,0.12135922330097088,-0.2961165048543689,0.13106796116504854,-0.20388349514563106,-0.13106796116504854,-0.3737864077669903,0.024271844660194174,-0.28640776699029125,0.1407766990291262,-0.18932038834951456,0.21359223300970873,-0.11165048543689321
3,0.0,0.0,0.13679245283018868,-0.08962264150943396,0.24056603773584906,-0.23113207547169812,0.24056603773584906,-0.3584905660377358,0.14150943396226415,-0.41037735849056606,0.18396226415094338,-0.49056603773584906,0.2688679245283019,-0.6933962264150944,0.3160377358490566,-0.8160377358490566,0.3443396226415094,-0.9245283018867925,0.04716981132075472,-0.5094339622641509,0.05188679245283019,-0.7311320754716981,0.07075471698113207,-0.8820754716981132,0.08490566037735849,-1.0,-0.0660377358490566,-0.45754716981132076,0.05660377358490566,-0.42452830188679247,0.1179245283018868,-0.3113207547169811,0.1320754716981132,-0.22169811320754718,-0.14150943396226415,-0.3584905660377358,0.0047169811320754715,-0.29245283018867924,0.11320754716981132,-0.20754716981132076,0.18396226415094338,-0.13679245283018868
3,0.0,0.0,0.13574660633484162,-0.09502262443438914,0.22171945701357465,-0.23529411764705882,0.21266968325791855,-0.36199095022624433,0.13574660633484162,-0.4298642533936652,0.17647058823529413,-0.4841628959276018,0.25339366515837103,-0.6923076923076923,0.29411764705882354,-0.8144796380090498,0.3212669683257919,-0.918552036199095,0.04072398190045249,-0.497737556561086,0.03167420814479638,-0.7375565610859729,0.04072398190045249,-0.8868778280542986,0.04524886877828054,-1.0,-0.07239819004524888,-0.45248868778280543,0.03619909502262444,-0.45248868778280543,0.10407239819004525,-0.34841628959276016,0.13122171945701358,-0.27149321266968324,-0.14479638009049775,-0.3665158371040724,-0.00904977375565611,-0.31221719457013575,0.09502262443438914,-0.23076923076923078,0.1583710407239819,-0.167420814479638
3,0.0,0.0,0.13452914798206278,-0.08968609865470852,0.21524663677130046,-0.242152466367713,0.19282511210762332,-0.3721973094170404,0.1031390134529148,-0.4484304932735426,0.15695067264573992,-0.4798206278026906,0.23318385650224216,-0.6860986547085202,0.2825112107623318,-0.8026905829596412,0.31390134529147984,-0.905829596412556,0.026905829596412557,-0.484304932735426,0.004484304932735426,-0.726457399103139,0.004484304932735426,-0.8789237668161435,0.004484304932735426,-1.0,-0.08520179372197309,-0.4304932735426009,0.017937219730941704,-0.452914798206278,0.10762331838565023,-0.3542600896860987,0.14798206278026907,-0.273542600896861,-0.16143497757847533,-0.34080717488789236,-0.026905829596412557,-0.31390134529147984,0.07623318385650224,-0.23318385650224216,0.14349775784753363,-0.16591928251121077
3,0.0,0.0,0.12719298245614036,-0.08771929824561403,0.19298245614035087,-0.2543859649122807,0.17105263157894737,-0.39035087719298245,0.07894736842105263,-0.4692982456140351,0.14473684210526316,-0.49122807017543857,0.21052631578947367,-0.6929824561403509,0.25,-0.8114035087719298,0.2719298245614035,-0.9122807017543859,0.017543859649122806,-0.4956140350877193,-0.017543859649122806,-0.7368421052631579,-0.02631578947368421,-0.881578947368421,-0.03508771929824561,-1.0,-0.09210526315789473,-0.44298245614035087,-0.008771929824561403,-0.49122807017543857,0.06140350877192982,-0.37280701754385964,0.08771929824561403,-0.2807017543859649,-0.16228070175438597,-0.35526315789473684,-0.05701754385964912,-0.34649122807017546,0.039473684210526314,-0.2719298245614035,0.10087719298245613,-0.21052631578947367
3,0.0,0.0,0.13157894736842105,-0.09210526315789473,0.19298245614035087,-0.2675438596491228,0.15350877192982457,-0.41228070175438597,0.05701754385964912,-0.4956140350877193,0.14035087719298245,-0.4868421052631579,0.20614035087719298,-0.6798245614035088,0.2412280701754386,-0.7982456140350878,0.2631578947368421,-0.8991228070175439,0.013157894736842105,-0.4956140350877193,-0.021929824561403508,-0.7412280701754386,-0.03508771929824561,-0.8859649122807017,-0.05263157894736842,-1.0,-0.09210526315789473,-0.43859649122807015,-0.02631578947368421,-0.5175438596491229,0.06140350877192982,-0.40350877192982454,0.10087719298245613,-0.31140350877192985,-0.17105263157894737,-0.3508771929824561,-0.07456140350877193,-0.37280701754385964,0.021929824561403508,-0.30701754385964913,0.07894736842105263,-0.2412280701754386
3,0.0,0.0,0.125,-0.10344827586206896,0.17672413793103448,-0.27155172413793105,0.13793103448275862,-0.40948275862068967,0.04741379310344827,-0.4870689655172414,0.12931034482758622,-0.4870689655172414,0.1896551724137931,-0.6767241379310345,0.22413793103448276,-0.7931034482758621,0.24568965517241378,-0.8922413793103449,0.004310344827586207,-0.4870689655172414,-0.034482758620689655,-0.7327586206896551,-0.05603448275862069,-0.8793103448275862,-0.07758620689655173,-1.0,-0.10344827586206896,-0.4267241379310345,-0.03879310344827586,-0.5129310344827587,0.0603448275862069,-0.40948275862068967,0.1206896551724138,-0.3232758620689655,-0.1853448275862069,-0.33620689655172414,-0.10344827586206896,-0.36637931034482757,0.0,-0.30603448275862066,0.06896551724137931,-0.2543103448275862
3,0.0,0.0,0.13675213675213677,-0.09401709401709402,0.1794871794871795,-0.2777777777777778,0.10683760683760683,-0.4230769230769231,0.0,-0.5042735042735043,0.13675213675213677,-0.47863247863247865,0.19658119658119658,-0.6709401709401709,0.2264957264957265,-0.7863247863247863,0.24358974358974358,-0.8846153846153846,0.01282051282051282,-0.47863247863247865,-0.038461538461538464,-0.7264957264957265,-0.05982905982905983,-0.8760683760683761,-0.08547008547008547,-1.0,-0.08974358974358974,-0.4188034188034188,-0.07264957264957266,-0.5170940170940171,0.01282051282051282,-0.41452991452991456,0.05555555555555555,-0.3247863247863248,-0.17094017094017094,-0.3247863247863248,-0.1111111111111111,-0.3803418803418803,-0.021367521367521368,-0.3162393162393162,0.038461538461538464,-0.2564102564102564
3,0.0,0.0,0.13135593220338984,-0.1059322033898305,0.17372881355932204,-0.2796610169491525,0.09745762711864407,-0.4194915254237288,-0.00423728813559322,-0.4957627118644068,0.1271186440677966,-0.4830508474576271,0.1864406779661017,-0.673728813559322,0.2245762711864407,-0.788135593220339,0.24152542372881355,-0.885593220338983,0.00423728813559322,-0.4872881355932203,-0.0423728813559322,-0.7245762711864406,-0.06779661016949153,-0.8771186440677966,-0.09745762711864407,-1.0,-0.09745762711864407,-0.423728813559322,-0.0847457627118644,-0.5169491525423728,-0.00423728813559322,-0.4152542372881356,0.0423728813559322,-0.3305084745762712,-0.17796610169491525,-0.326271186440678,-0.13135593220338984,-0.3728813559322034,-0.038135593220338986,-0.3135593220338983,0.025423728813559324,-0.2542372881355932
3,0.0,0.0,0.1341991341991342,-0.1038961038961039,0.1645021645021645,-0.29004329004329005,0.08658008658008658,-0.42424242424242425,-0.021645021645021644,-0.48484848484848486,0.12554112554112554,-0.49783549783549785,0.19480519480519481,-0.6926406926406926,0.23376623376623376,-0.8008658008658008,0.2510822510822511,-0.8961038961038961,0.004329004329004329,-0.48917748917748916,-0.05194805194805195,-0.7316017316017316,-0.08225108225108226,-0.8787878787878788,-0.11255411255411256,-1.0,-0.09956709956709957,-0.4199134199134199,-0.09523809523809523,-0.5108225108225108,-0.012987012987012988,-0.4155844155844156,0.03463203463203463,-0.329004329004329,-0.18181818181818182,-0.31601731601731603,-0.14285714285714285,-0.3593073593073593,-0.05194805194805195,-0.2943722943722944,0.008658008658008658,-0.23376623376623376
3,0.0,0.0,0.1288888888888889,-0.1288888888888889,0.14666666666666667,-0.31555555555555553,0.035555555555555556,-0.44,-0.07555555555555556,-0.5111111111111111,0.12444444444444444,-0.5155555555555555,0.18666666666666668,-0.6933333333333334,0.22666666666666666,-0.8088888888888889,0.24444444444444444,-0.9155555555555556,0.0,-0.5022222222222222,-0.057777777777777775,-0.7377777777777778,-0.09777777777777778,-0.88,-0.13777777777777778,-1.0,-0.10666666666666667,-0.4266666666666667,-0.12,-0.5244444444444445,-0.04,-0.4177777777777778,0.008888888888888889,-0.3333333333333333,-0.19111111111111112,-0.32,-0.1688888888888889,-0.3688888888888889,-0.08888888888888889,-0.3022222222222222,-0.02666666666666667,-0.24444444444444444
3,0.0,0.0,0.12946428571428573,-0.125,0.13839285714285715,-0.3169642857142857,0.026785714285714284,-0.45089285714285715,-0.09375,-0.5089285714285714,0.125,-0.5178571428571429,0.19196428571428573,-0.7008928571428571,0.22767857142857142,-0.8125,0.25,-0.9107142857142857,0.0,-0.5044642857142857,-0.0625,-0.7321428571428571,-0.09375,-0.8794642857142857,-0.12946428571428573,-1.0,-0.10267857142857142,-0.42410714285714285,-0.13392857142857142,-0.5267857142857143,-0.05357142857142857,-0.41964285714285715,0.0,-0.33035714285714285,-0.18303571428571427,-0.3125,-0.17410714285714285,-0.3705357142857143,-0.09821428571428571,-0.30357142857142855,-0.04017857142857143,-0.24553571428571427
3,0.0,0.0,0.12206572769953052,-0.1267605633802817,0.1267605633802817,-0.3145539906103286,0.0,-0.43661971830985913,-0.12206572769953052,-0.5070422535211268,0.12206572769953052,-0.5211267605633803,0.1784037558685446,-0.7089201877934272,0.2112676056338028,-0.8262910798122066,0.2347417840375587,-0.9295774647887324,-0.004694835680751174,-0.5023474178403756,-0.06572769953051644,-0.7276995305164319,-0.107981220657277,-0.8779342723004695,-0.15023474178403756,-1.0,-0.107981220657277,-0.41784037558685444,-0.15023474178403756,-0.5117370892018779,-0.07042253521126761,-0.39906103286384975,-0.018779342723004695,-0.3145539906103286,-0.18779342723004694,-0.3004694835680751,-0.18779342723004694,-0.36619718309859156,-0.11737089201877934,-0.29107981220657275,-0.06103286384976526,-0.2300469483568075
3,0.0,0.0,0.11428571428571428,-0.12380952380952381,0.11904761904761904,-0.3047619047619048,-0.009523809523809525,-0.42857142857142855,-0.12857142857142856,-0.5095238095238095,0.13333333333333333,-0.5238095238095238,0.18571428571428572,-0.7095238095238096,0.21428571428571427,-0.8285714285714286,0.23809523809523808,-0.9285714285714286,0.0,-0.5047619047619047,-0.06666666666666667,-0.7285714285714285,-0.10476190476190476,-0.8714285714285714,-0.14285714285714285,-1.0,-0.1,-0.41904761904761906,-0.14761904761904762,-0.5047619047619047,-0.07142857142857142,-0.38571428571428573,-0.01904761904761905,-0.30952380952380953,-0.18095238095238095,-0.3,-0.18571428571428572,-0.3619047619047619,-0.11904761904761904,-0.28095238095238095,-0.07142857142857142,-0.21904761904761905
3,0.0,0.0,0.1111111111111111,-0.12560386473429952,0.11594202898550725,-0.30434782608695654,-0.00966183574879227,-0.42995169082125606,-0.13043478260869565,-0.5169082125603864,0.13526570048309178,-0.5314009661835749,0.18840579710144928,-0.7198067632850241,0.21739130434782608,-0.8405797101449275,0.24154589371980675,-0.9420289855072463,0.004830917874396135,-0.5120772946859904,-0.06763285024154589,-0.7342995169082126,-0.10628019323671498,-0.8792270531400966,-0.14492753623188406,-1.0,-0.0966183574879227,-0.4251207729468599,-0.14492753623188406,-0.5024154589371981,-0.07246376811594203,-0.391304347826087,-0.024154589371980676,-0.3140096618357488,-0.178743961352657,-0.30434782608695654,-0.18357487922705315,-0.3671497584541063,-0.12077294685990338,-0.28502415458937197,-0.07729468599033816,-0.2222222222222222
3,0.0,0.0,0.10679611650485436,-0.13106796116504854,0.10679611650485436,-0.30097087378640774,-0.024271844660194174,-0.4223300970873786,-0.1407766990291262,-0.5,0.12135922330097088,-0.5242718446601942,0.1796116504854369,-0.7135922330097088,0.2087378640776699,-0.8349514563106796,0.23300970873786409,-0.9368932038834952,-0.0048543689320388345,-0.5097087378640777,-0.07766990291262135,-0.7330097087378641,-0.12135922330097088,-0.8786407766990292,-0.1650485436893204,-1.0,-0.10679611650485436,-0.4223300970873786,-0.16019417475728157,-0.49514563106796117,-0.09223300970873786,-0.3883495145631068,-0.043689320388349516,-0.3106796116504854,-0.1796116504854369,-0.3058252427184466,-0.1941747572815534,-0.3592233009708738,-0.13592233009708737,-0.2815533980582524,-0.08737864077669903,-0.21844660194174756
3,0.0,0.0,0.09852216748768473,-0.13793103448275862,0.08866995073891626,-0.3103448275862069,-0.04926108374384237,-0.43349753694581283,-0.1724137931034483,-0.5024630541871922,0.11330049261083744,-0.5369458128078818,0.1625615763546798,-0.7241379310344828,0.1921182266009852,-0.8472906403940886,0.20689655172413793,-0.9458128078817734,-0.014778325123152709,-0.5123152709359606,-0.09359605911330049,-0.7389162561576355,-0.13793103448275862,-0.8817733990147784,-0.18226600985221675,-1.0,-0.11822660098522167,-0.4236453201970443,-0.18226600985221675,-0.49261083743842365,-0.11330049261083744,-0.3891625615763547,-0.06896551724137931,-0.31527093596059114,-0.18719211822660098,-0.30049261083743845,-0.21674876847290642,-0.35960591133004927,-0.15763546798029557,-0.28078817733990147,-0.11330049261083744,-0.21674876847290642
3,0.0,0.0,0.0975609756097561,-0.13658536585365855,0.0975609756097561,-0.3073170731707317,-0.04878048780487805,-0.424390243902439,-0.17073170731707318,-0.4975609756097561,0.12195121951219512,-0.5317073170731708,0.17560975609756097,-0.7268292682926829,0.2048780487804878,-0.848780487804878,0.22439024390243903,-0.9463414634146341,-0.004878048780487805,-0.5170731707317073,-0.08292682926829269,-0.7414634146341463,-0.12195121951219512,-0.8829268292682927,-0.16097560975609757,-1.0,-0.1073170731707317,-0.4292682926829268,-0.17073170731707318,-0.48292682926829267,-0.11707317073170732,-0.375609756097561,-0.07804878048780488,-0.3024390243902439,-0.18536585365853658,-0.3121951219512195,-0.21951219512195122,-0.36097560975609755,-0.17073170731707318,-0.2780487804878049,-0.13170731707317074,-0.2097560975609756
3,0.0,0.0,0.0891089108910891,-0.13366336633663367,0.07920792079207921,-0.30198019801980197,-0.06435643564356436,-0.4158415841584158,-0.18811881188118812,-0.48514851485148514,0.11386138613861387,-0.5346534653465347,0.16336633663366337,-0.7227722772277227,0.19306930693069307,-0.8465346534653465,0.21287128712871287,-0.9504950495049505,-0.01485148514851485,-0.5148514851485149,-0.09405940594059406,-0.7425742574257426,-0.13861386138613863,-0.8811881188118812,-0.18316831683168316,-1.0,-0.11386138613861387,-0.42574257425742573,-0.19306930693069307,-0.4752475247524752,-0.14356435643564355,-0.3613861386138614,-0.09900990099009901,-0.2871287128712871,-0.18316831683168316,-0.3118811881188119,-0.2376237623762376,-0.3465346534653465,-0.19801980198019803,-0.2623762376237624,-0.15346534653465346,-0.20297029702970298
3,0.0,0.0,0.08780487804878048,-0.13658536585365855,0.07317073170731707,-0.3121951219512195,-0.06829268292682927,-0.424390243902439,-0.1951219512195122,-0.4975609756097561,0.1073170731707317,-0.5463414634146342,0.15121951219512195,-0.7365853658536585,0.18048780487804877,-0.8634146341463415,0.1951219512195122,-0.9658536585365853,-0.01951219512195122,-0.526829268292683,-0.09268292682926829,-0.7463414634146341,-0.14146341463414633,-0.8878048780487805,-0.18536585365853658,-1.0,-0.11707317073170732,-0.43902439024390244,-0.2,-0.48292682926829267,-0.14634146341463414,-0.37073170731707317,-0.1073170731707317,-0.3024390243902439,-0.18536585365853658,-0.32195121951219513,-0.23902439024390243,-0.35609756097560974,-0.2,-0.2731707317073171,-0.15609756097560976,-0.2146341463414634
3,0.0,0.0,0.08823529411764706,-0.1323529411764706,0.07352941176470588,-0.3088235294117647,-0.07352941176470588,-0.4166666666666667,-0.20588235294117646,-0.49019607843137253,0.10784313725490197,-0.5490196078431373,0.15196078431372548,-0.7352941176470589,0.18137254901960784,-0.8627450980392157,0.19607843137254902,-0.9656862745098039,-0.0196078431372549,-0.5294117647058824,-0.09803921568627451,-0.75,-0.14705882352941177,-0.8823529411764706,-0.19607843137254902,-1.0,-0.11764705882352941,-0.4362745098039216,-0.20588235294117646,-0.4803921568627451,-0.14705882352941177,-0.3627450980392157,-0.10294117647058823,-0.29411764705882354,-0.19117647058823528,-0.3137254901960784,-0.24509803921568626,-0.35294117647058826,-0.20098039215686275,-0.2647058823529412,-0.15196078431372548,-0.20588235294117646
3,0.0,0.0,0.08955223880597014,-0.12935323383084577,0.07960199004975124,-0.3034825870646766,-0.07462686567164178,-0.4079601990049751,-0.20398009950248755,-0.4626865671641791,0.08955223880597014,-0.5323383084577115,0.13930348258706468,-0.7263681592039801,0.16417910447761194,-0.8557213930348259,0.17412935323383086,-0.9601990049751243,-0.03980099502487562,-0.5124378109452736,-0.12437810945273632,-0.7412935323383084,-0.17412935323383086,-0.8805970149253731,-0.22388059701492538,-1.0,-0.13930348258706468,-0.42786069651741293,-0.19900497512437812,-0.4577114427860697,-0.13432835820895522,-0.35323383084577115,-0.08955223880597014,-0.2835820895522388,-0.208955223880597,-0.30845771144278605,-0.2537313432835821,-0.3333333333333333,-0.19900497512437812,-0.24875621890547264,-0.15422885572139303,-0.18407960199004975
3,0.0,0.0,0.10294117647058823,-0.12254901960784313,0.10294117647058823,-0.28921568627450983,-0.029411764705882353,-0.39215686274509803,-0.1568627450980392,-0.44607843137254904,0.09313725490196079,-0.5294117647058824,0.14705882352941177,-0.7254901960784313,0.17647058823529413,-0.8529411764705882,0.19117647058823528,-0.9558823529411765,-0.03431372549019608,-0.5098039215686274,-0.11764705882352941,-0.7401960784313726,-0.16666666666666666,-0.8823529411764706,-0.21568627450980393,-1.0,-0.1323529411764706,-0.4215686274509804,-0.1715686274509804,-0.46568627450980393,-0.09313725490196079,-0.35294117647058826,-0.0392156862745098,-0.2696078431372549,-0.2107843137254902,-0.30392156862745096,-0.22549019607843138,-0.3382352941176471,-0.16176470588235295,-0.2549019607843137,-0.11274509803921569,-0.18627450980392157
3,0.0,0.0,0.10849056603773585,-0.12735849056603774,0.12264150943396226,-0.3018867924528302,0.0047169811320754715,-0.4009433962264151,-0.1179245283018868,-0.44339622641509435,0.09905660377358491,-0.5330188679245284,0.1650943396226415,-0.7311320754716981,0.19339622641509435,-0.8537735849056604,0.21226415094339623,-0.9575471698113207,-0.02358490566037736,-0.5094339622641509,-0.09905660377358491,-0.7405660377358491,-0.14150943396226415,-0.8820754716981132,-0.18396226415094338,-1.0,-0.12264150943396226,-0.419811320754717,-0.14622641509433962,-0.4669811320754717,-0.0660377358490566,-0.3632075471698113,-0.018867924528301886,-0.28773584905660377,-0.19811320754716982,-0.3018867924528302,-0.18867924528301888,-0.32547169811320753,-0.1179245283018868,-0.25,-0.07547169811320754,-0.18867924528301888
3,0.0,0.0,0.1179245283018868,-0.12264150943396226,0.13679245283018868,-0.2971698113207547,0.02830188679245283,-0.39622641509433965,-0.09433962264150944,-0.4386792452830189,0.10377358490566038,-0.5283018867924528,0.1650943396226415,-0.7311320754716981,0.19339622641509435,-0.8537735849056604,0.20754716981132076,-0.9575471698113207,-0.018867924528301886,-0.5047169811320755,-0.09433962264150944,-0.7358490566037735,-0.12735849056603774,-0.8820754716981132,-0.1650943396226415,-1.0,-0.1179245283018868,-0.419811320754717,-0.12735849056603774,-0.46226415094339623,-0.04716981132075472,-0.3584905660377358,-0.0047169811320754715,-0.2830188679245283,-0.19339622641509435,-0.3018867924528302,-0.16981132075471697,-0.3113207547169811,-0.09905660377358491,-0.23113207547169812,-0.05188679245283019,-0.16981132075471697
3,0.0,0.0,0.10576923076923077,-0.1346153846153846,0.125,-0.27884615384615385,0.038461538461538464,-0.3557692307692308,-0.08173076923076923,-0.3894230769230769,0.0625,-0.5240384615384616,0.125,-0.7259615384615384,0.16346153846153846,-0.8509615384615384,0.18269230769230768,-0.9567307692307693,-0.0673076923076923,-0.5048076923076923,-0.125,-0.7259615384615384,-0.15865384615384615,-0.875,-0.1875,-1.0,-0.17307692307692307,-0.4182692307692308,-0.14423076923076922,-0.4326923076923077,-0.04326923076923077,-0.3557692307692308,0.019230769230769232,-0.28846153846153844,-0.2548076923076923,-0.2980769230769231,-0.1875,-0.25,-0.07211538461538461,-0.1778846153846154,0.009615384615384616,-0.11538461538461539
3,0.0,0.0,0.12380952380952381,-0.0761904761904762,0.1761904761904762,-0.24285714285714285,0.11904761904761904,-0.3619047619047619,-0.004761904761904762,-0.40476190476190477,0.11428571428571428,-0.5095238095238095,0.19047619047619047,-0.7142857142857143,0.23333333333333334,-0.8476190476190476,0.2619047619047619,-0.9619047619047619,-0.01904761904761905,-0.5,-0.0380952380952381,-0.7238095238095238,-0.05714285714285714,-0.8809523809523809,-0.0761904761904762,-1.0,-0.13333333333333333,-0.43333333333333335,-0.06666666666666667,-0.4142857142857143,0.004761904761904762,-0.3047619047619048,0.03333333333333333,-0.22380952380952382,-0.21904761904761905,-0.3238095238095238,-0.12380952380952381,-0.2761904761904762,-0.01904761904761905,-0.18571428571428572,0.047619047619047616,-0.10952380952380952
3,0.0,0.0,0.13744075829383887,-0.09004739336492891,0.21800947867298578,-0.24170616113744076,0.17535545023696683,-0.35545023696682465,0.052132701421800945,-0.3933649289099526,0.13744075829383887,-0.5023696682464455,0.20853080568720378,-0.7156398104265402,0.26066350710900477,-0.8436018957345972,0.2938388625592417,-0.9620853080568721,0.0,-0.5071090047393365,-0.009478672985781991,-0.7251184834123223,-0.018957345971563982,-0.8815165876777251,-0.04265402843601896,-1.0,-0.11374407582938388,-0.44549763033175355,-0.018957345971563982,-0.41232227488151657,0.052132701421800945,-0.3033175355450237,0.08530805687203792,-0.21800947867298578,-0.1990521327014218,-0.3459715639810427,-0.06635071090047394,-0.27014218009478674,0.04739336492890995,-0.17061611374407584,0.12322274881516587,-0.09004739336492891
3,0.0,0.0,0.1380952380952381,-0.0761904761904762,0.22380952380952382,-0.21904761904761905,0.20952380952380953,-0.3380952380952381,0.09523809523809523,-0.38571428571428573,0.14761904761904762,-0.49523809523809526,0.22857142857142856,-0.7095238095238096,0.2761904761904762,-0.8428571428571429,0.3047619047619048,-0.9619047619047619,0.009523809523809525,-0.5,0.0,-0.7333333333333333,0.014285714285714285,-0.8857142857142857,0.023809523809523808,-1.0,-0.10952380952380952,-0.44285714285714284,0.004761904761904762,-0.4142857142857143,0.0761904761904762,-0.3142857142857143,0.11428571428571428,-0.23809523809523808,-0.18571428571428572,-0.34285714285714286,-0.02857142857142857,-0.26666666666666666,0.1,-0.17142857142857143,0.18095238095238095,-0.09523809523809523
3,0.0,0.0,0.15422885572139303,-0.05970149253731343,0.25870646766169153,-0.20398009950248755,0.2736318407960199,-0.32338308457711445,0.17412935323383086,-0.3582089552238806,0.18407960199004975,-0.4925373134328358,0.263681592039801,-0.7213930348258707,0.31840796019900497,-0.8557213930348259,0.35323383084577115,-0.9701492537313433,0.03980099502487562,-0.5024875621890548,0.04975124378109453,-0.7412935323383084,0.07960199004975124,-0.8905472636815921,0.10945273631840796,-1.0,-0.07462686567164178,-0.44776119402985076,0.06467661691542288,-0.4129353233830846,0.14427860696517414,-0.31343283582089554,0.1791044776119403,-0.22885572139303484,-0.14925373134328357,-0.3383084577114428,0.03980099502487562,-0.24378109452736318,0.1791044776119403,-0.14427860696517414,0.263681592039801,-0.06467661691542288
3,0.0,0.0,0.15942028985507245,-0.06763285024154589,0.27053140096618356,-0.2028985507246377,0.30917874396135264,-0.32367149758454106,0.2222222222222222,-0.3526570048309179,0.178743961352657,-0.4830917874396135,0.2560386473429952,-0.7004830917874396,0.30917874396135264,-0.8357487922705314,0.34299516908212563,-0.9516908212560387,0.04830917874396135,-0.4975845410628019,0.07246376811594203,-0.7246376811594203,0.12077294685990338,-0.8792270531400966,0.15942028985507245,-1.0,-0.06280193236714976,-0.4492753623188406,0.10144927536231885,-0.3961352657004831,0.1642512077294686,-0.2753623188405797,0.18357487922705315,-0.178743961352657,-0.12560386473429952,-0.34782608695652173,0.06280193236714976,-0.25120772946859904,0.2028985507246377,-0.15458937198067632,0.2946859903381642,-0.06763285024154589
3,0.0,0.0,0.16666666666666666,-0.06666666666666667,0.28095238095238095,-0.20952380952380953,0.3142857142857143,-0.3333333333333333,0.22380952380952382,-0.36666666666666664,0.18095238095238095,-0.4857142857142857,0.2571428571428571,-0.6952380952380952,0.30952380952380953,-0.8238095238095238,0.3380952380952381,-0.9333333333333333,0.047619047619047616,-0.5,0.08095238095238096,-0.7285714285714285,0.12380952380952381,-0.8809523809523809,0.15714285714285714,-1.0,-0.05714285714285714,-0.4523809523809524,0.11428571428571428,-0.40476190476190477,0.17142857142857143,-0.2904761904761905,0.18095238095238095,-0.20476190476190476,-0.11428571428571428,-0.3523809523809524,0.08095238095238096,-0.2619047619047619,0.20952380952380953,-0.1619047619047619,0.29523809523809524,-0.08095238095238096
3,0.0,0.0,0.16587677725118483,-0.07109004739336493,0.2796208530805687,-0.20853080568720378,0.3127962085308057,-0.32701421800947866,0.24170616113744076,-0.36018957345971564,0.1895734597156398,-0.4786729857819905,0.26540284360189575,-0.6872037914691943,0.3175355450236967,-0.8056872037914692,0.35545023696682465,-0.9146919431279621,0.05687203791469194,-0.4928909952606635,0.07582938388625593,-0.7298578199052133,0.11374407582938388,-0.8815165876777251,0.15165876777251186,-1.0,-0.04739336492890995,-0.44549763033175355,0.12322274881516587,-0.41232227488151657,0.20853080568720378,-0.2985781990521327,0.24644549763033174,-0.20853080568720378,-0.10426540284360189,-0.3459715639810427,0.0995260663507109,-0.2559241706161137,0.23222748815165878,-0.15639810426540285,0.32701421800947866,-0.08056872037914692
3,0.0,0.0,0.1651376146788991,-0.09174311926605505,0.27522935779816515,-0.22018348623853212,0.3256880733944954,-0.3348623853211009,0.26605504587155965,-0.3853211009174312,0.1743119266055046,-0.4908256880733945,0.24311926605504589,-0.7018348623853211,0.2889908256880734,-0.8302752293577982,0.3119266055045872,-0.9403669724770642,0.05045871559633028,-0.5045871559633027,0.10550458715596331,-0.7247706422018348,0.16055045871559634,-0.8807339449541285,0.20642201834862386,-1.0,-0.045871559633027525,-0.4541284403669725,0.1651376146788991,-0.3944954128440367,0.22477064220183487,-0.26605504587155965,0.24311926605504589,-0.1743119266055046,-0.0871559633027523,-0.3532110091743119,0.11926605504587157,-0.27522935779816515,0.25229357798165136,-0.2018348623853211,0.3440366972477064,-0.14220183486238533
3,0.0,0.0,0.1780821917808219,-0.1004566210045662,0.2968036529680365,-0.2374429223744292,0.3515981735159817,-0.3515981735159817,0.2922374429223744,-0.4018264840182648,0.1872146118721461,-0.4977168949771689,0.2557077625570776,-0.6986301369863014,0.3013698630136986,-0.821917808219178,0.3242009132420091,-0.9315068493150684,0.0639269406392694,-0.5159817351598174,0.1278538812785388,-0.7397260273972602,0.1872146118721461,-0.8858447488584474,0.2328767123287671,-1.0,-0.0273972602739726,-0.4657534246575342,0.1735159817351598,-0.4292237442922374,0.228310502283105,-0.3105022831050228,0.2420091324200913,-0.2191780821917808,-0.0684931506849315,-0.365296803652968,0.1552511415525114,-0.2831050228310502,0.2785388127853881,-0.1963470319634703,0.3607305936073059,-0.1278538812785388
3,0.0,0.0,0.19907407407407407,-0.10185185185185185,0.3194444444444444,-0.2361111111111111,0.37962962962962965,-0.3472222222222222,0.33796296296296297,-0.4074074074074074,0.2175925925925926,-0.5092592592592593,0.2777777777777778,-0.6990740740740741,0.3148148148148148,-0.8240740740740741,0.3425925925925926,-0.9259259259259259,0.09722222222222222,-0.5231481481481481,0.1574074074074074,-0.7361111111111112,0.22685185185185186,-0.8888888888888888,0.28703703703703703,-1.0,0.009259259259259259,-0.4722222222222222,0.2175925925925926,-0.4351851851851852,0.27314814814814814,-0.3101851851851852,0.2824074074074074,-0.22685185185185186,-0.023148148148148147,-0.375,0.2037037037037037,-0.2962962962962963,0.32407407407407407,-0.2175925925925926,0.4027777777777778,-0.16203703703703703
3,0.0,0.0,0.2,-0.10697674418604651,0.3209302325581395,-0.24186046511627907,0.3813953488372093,-0.35348837209302325,0.34418604651162793,-0.4046511627906977,0.20930232558139536,-0.5116279069767442,0.2651162790697674,-0.6930232558139535,0.3023255813953488,-0.8186046511627907,0.3209302325581395,-0.9209302325581395,0.09302325581395349,-0.5209302325581395,0.15813953488372093,-0.7255813953488373,0.22790697674418606,-0.8790697674418605,0.28837209302325584,-1.0,0.009302325581395349,-0.46511627906976744,0.22790697674418606,-0.42790697674418604,0.2930232558139535,-0.3116279069767442,0.30697674418604654,-0.22790697674418606,-0.018604651162790697,-0.3674418604651163,0.21395348837209302,-0.2837209302325581,0.34418604651162793,-0.20930232558139536,0.42790697674418604,-0.15348837209302327
3,0.0,0.0,0.19090909090909092,-0.10454545454545454,0.3,-0.2409090909090909,0.35,-0.35454545454545455,0.30454545454545456,-0.41363636363636364,0.19090909090909092,-0.5,0.23636363636363636,-0.6818181818181818,0.2681818181818182,-0.8,0.2818181818181818,-0.8954545454545455,0.07272727272727272,-0.509090909090909,0.12272727272727273,-0.7227272727272728,0.18181818181818182,-0.8818181818181818,0.2318181818181818,-1.0,-0.00909090909090909,-0.4636363636363636,0.19090909090909092,-0.4409090909090909,0.2545454545454545,-0.32272727272727275,0.2727272727272727,-0.23636363636363636,-0.04090909090909091,-0.36818181818181817,0.18636363636363637,-0.3,0.3181818181818182,-0.2318181818181818,0.4090909090909091,-0.17272727272727273
3,0.0,0.0,0.18666666666666668,-0.11555555555555555,0.29333333333333333,-0.24888888888888888,0.3466666666666667,-0.36,0.29777777777777775,-0.4266666666666667,0.18666666666666668,-0.49777777777777776,0.2311111111111111,-0.6755555555555556,0.26222222222222225,-0.7911111111111111,0.28,-0.8888888888888888,0.07111111111111111,-0.5155555555555555,0.12,-0.7288888888888889,0.17333333333333334,-0.88,0.22666666666666666,-1.0,-0.017777777777777778,-0.4666666666666667,0.18666666666666668,-0.4488888888888889,0.24444444444444444,-0.3288888888888889,0.26222222222222225,-0.24444444444444444,-0.04888888888888889,-0.37333333333333335,0.17333333333333334,-0.30666666666666664,0.30666666666666664,-0.24,0.4,-0.18222222222222223
3,0.0,0.0,0.17316017316017315,-0.11255411255411256,0.27705627705627706,-0.26406926406926406,0.3203463203463203,-0.38095238095238093,0.26406926406926406,-0.4458874458874459,0.15584415584415584,-0.49783549783549785,0.2077922077922078,-0.6883116883116883,0.24242424242424243,-0.8008658008658008,0.2597402597402597,-0.8961038961038961,0.04329004329004329,-0.5108225108225108,0.07792207792207792,-0.7359307359307359,0.12121212121212122,-0.8874458874458875,0.16017316017316016,-1.0,-0.03896103896103896,-0.4675324675324675,0.15151515151515152,-0.47186147186147187,0.22077922077922077,-0.35064935064935066,0.24675324675324675,-0.2597402597402597,-0.06926406926406926,-0.38095238095238093,0.13852813852813853,-0.33766233766233766,0.2554112554112554,-0.26406926406926406,0.329004329004329,-0.2077922077922078
3,0.0,0.0,0.1581196581196581,-0.11965811965811966,0.25213675213675213,-0.2692307692307692,0.2863247863247863,-0.39316239316239315,0.2222222222222222,-0.4658119658119658,0.1282051282051282,-0.49145299145299143,0.1794871794871795,-0.6752136752136753,0.2094017094017094,-0.7863247863247863,0.21794871794871795,-0.8760683760683761,0.017094017094017096,-0.5,0.042735042735042736,-0.7393162393162394,0.07692307692307693,-0.8846153846153846,0.09829059829059829,-1.0,-0.0641025641025641,-0.45726495726495725,0.1282051282051282,-0.47435897435897434,0.20512820512820512,-0.3504273504273504,0.23076923076923078,-0.2606837606837607,-0.09829059829059829,-0.3717948717948718,0.10683760683760683,-0.34615384615384615,0.21367521367521367,-0.28205128205128205,0.28205128205128205,-0.2264957264957265
3,0.0,0.0,0.14937759336099585,-0.12033195020746888,0.23236514522821577,-0.27385892116182575,0.25311203319502074,-0.4066390041493776,0.1908713692946058,-0.4854771784232365,0.11203319502074689,-0.47717842323651455,0.16182572614107885,-0.6597510373443983,0.1991701244813278,-0.7634854771784232,0.21161825726141079,-0.8589211618257261,0.0,-0.4896265560165975,0.02074688796680498,-0.7261410788381742,0.04564315352697095,-0.8796680497925311,0.058091286307053944,-1.0,-0.08713692946058091,-0.44813278008298757,0.0954356846473029,-0.4896265560165975,0.1825726141078838,-0.36929460580912865,0.21991701244813278,-0.2821576763485477,-0.12448132780082988,-0.37344398340248963,0.07883817427385892,-0.3651452282157676,0.2074688796680498,-0.3112033195020747,0.29045643153526973,-0.25311203319502074
3,0.0,0.0,0.13524590163934427,-0.11065573770491803,0.21721311475409835,-0.27459016393442626,0.23770491803278687,-0.4139344262295082,0.1721311475409836,-0.48770491803278687,0.0942622950819672,-0.4672131147540984,0.14344262295081966,-0.6434426229508197,0.1762295081967213,-0.7459016393442623,0.1885245901639344,-0.8360655737704918,-0.012295081967213115,-0.47950819672131145,-0.00819672131147541,-0.7172131147540983,0.012295081967213115,-0.8770491803278688,0.020491803278688523,-1.0,-0.09836065573770492,-0.4385245901639344,0.06967213114754098,-0.5,0.16393442622950818,-0.38934426229508196,0.19672131147540983,-0.30327868852459017,-0.13524590163934427,-0.36885245901639346,0.05737704918032787,-0.38114754098360654,0.1721311475409836,-0.3237704918032787,0.24180327868852458,-0.27049180327868855
3,0.0,0.0,0.14227642276422764,-0.10569105691056911,0.21951219512195122,-0.2764227642276423,0.23577235772357724,-0.4186991869918699,0.15853658536585366,-0.4959349593495935,0.09349593495934959,-0.45528455284552843,0.12601626016260162,-0.6341463414634146,0.15447154471544716,-0.7357723577235772,0.16260162601626016,-0.8252032520325203,-0.02032520325203252,-0.4715447154471545,-0.02032520325203252,-0.7113821138211383,-0.0040650406504065045,-0.8699186991869918,0.0040650406504065045,-1.0,-0.10569105691056911,-0.4349593495934959,0.06504065040650407,-0.5040650406504065,0.15853658536585366,-0.3861788617886179,0.1951219512195122,-0.2967479674796748,-0.14227642276422764,-0.3699186991869919,0.056910569105691054,-0.3861788617886179,0.17886178861788618,-0.32113821138211385,0.25609756097560976,-0.2682926829268293
3,0.0,0.0,0.14342629482071714,-0.10756972111553785,0.21912350597609562,-0.2749003984063745,0.23107569721115537,-0.41434262948207173,0.1593625498007968,-0.49800796812749004,0.08764940239043825,-0.450199203187251,0.12350597609561753,-0.6294820717131474,0.14741035856573706,-0.7330677290836654,0.1553784860557769,-0.8247011952191236,-0.0199203187250996,-0.46613545816733065,-0.02390438247011952,-0.7051792828685259,-0.01195219123505976,-0.8685258964143426,-0.00796812749003984,-1.0,-0.10756972111553785,-0.4302788844621514,0.055776892430278883,-0.49800796812749004,0.1593625498007968,-0.3784860557768924,0.20318725099601595,-0.2868525896414343,-0.14342629482071714,-0.3665338645418327,0.05179282868525897,-0.3904382470119522,0.17131474103585656,-0.32669322709163345,0.24701195219123506,-0.26693227091633465
3,0.0,0.0,0.14285714285714285,-0.10317460317460317,0.21428571428571427,-0.27380952380952384,0.2222222222222222,-0.4166666666666667,0.15079365079365079,-0.5079365079365079,0.09126984126984126,-0.44047619047619047,0.13095238095238096,-0.623015873015873,0.15476190476190477,-0.7261904761904762,0.15873015873015872,-0.8174603174603174,-0.01984126984126984,-0.4603174603174603,-0.023809523809523808,-0.7063492063492064,-0.007936507936507936,-0.8690476190476191,-0.003968253968253968,-1.0,-0.10317460317460317,-0.42857142857142855,0.051587301587301584,-0.503968253968254,0.1388888888888889,-0.38492063492063494,0.1746031746031746,-0.2976190476190476,-0.14682539682539683,-0.3611111111111111,0.04365079365079365,-0.3888888888888889,0.1746031746031746,-0.3373015873015873,0.25793650793650796,-0.2896825396825397
3,0.0,0.0,0.13385826771653545,-0.11811023622047244,0.20078740157480315,-0.2874015748031496,0.20866141732283464,-0.4251968503937008,0.12992125984251968,-0.5078740157480315,0.06692913385826772,-0.4566929133858268,0.1141732283464567,-0.6299212598425197,0.14566929133858267,-0.7283464566929134,0.15748031496062992,-0.8188976377952756,-0.04330708661417323,-0.4645669291338583,-0.03937007874015748,-0.7086614173228346,-0.031496062992125984,-0.8700787401574803,-0.03543307086614173,-1.0,-0.12598425196850394,-0.4251968503937008,0.03543307086614173,-0.5039370078740157,0.13385826771653545,-0.38188976377952755,0.17716535433070865,-0.29133858267716534,-0.16929133858267717,-0.35826771653543305,0.015748031496062992,-0.39763779527559057,0.14173228346456693,-0.33858267716535434,0.2204724409448819,-0.2795275590551181
3,0.0,0.0,0.13671875,-0.109375,0.19921875,-0.2890625,0.19140625,-0.4296875,0.109375,-0.51171875,0.078125,-0.44140625,0.12890625,-0.62109375,0.1640625,-0.72265625,0.1796875,-0.81640625,-0.03125,-0.453125,-0.04296875,-0.70703125,-0.04296875,-0.8671875,-0.046875,-1.0,-0.12109375,-0.4140625,0.01953125,-0.51171875,0.109375,-0.39453125,0.14453125,-0.30078125,-0.16796875,-0.34375,0.00390625,-0.39453125,0.12890625,-0.3359375,0.20703125,-0.2734375
3,0.0,0.0,0.12790697674418605,-0.10852713178294573,0.18992248062015504,-0.28294573643410853,0.1821705426356589,-0.4263565891472868,0.10465116279069768,-0.5077519379844961,0.08527131782945736,-0.4418604651162791,0.13565891472868216,-0.627906976744186,0.17054263565891473,-0.7325581395348837,0.18604651162790697,-0.8255813953488372,-0.031007751937984496,-0.45348837209302323,-0.04263565891472868,-0.7054263565891473,-0.04263565891472868,-0.8682170542635659,-0.046511627906976744,-1.0,-0.12015503875968993,-0.41472868217054265,0.011627906976744186,-0.5116279069767442,0.10077519379844961,-0.3953488372093023,0.13178294573643412,-0.3023255813953488,-0.17054263565891473,-0.3449612403100775,-0.007751937984496124,-0.3953488372093023,0.1124031007751938,-0.3372093023255814,0.18992248062015504,-0.27906976744186046
3,0.0,0.0,0.1297709923664122,-0.09541984732824428,0.1984732824427481,-0.2900763358778626,0.18702290076335878,-0.44274809160305345,0.09923664122137404,-0.5076335877862596,0.10305343511450382,-0.4351145038167939,0.15648854961832062,-0.6297709923664122,0.1946564885496183,-0.7366412213740458,0.21374045801526717,-0.8320610687022901,-0.011450381679389313,-0.45038167938931295,-0.03816793893129771,-0.7137404580152672,-0.03816793893129771,-0.8740458015267175,-0.04961832061068702,-1.0,-0.10687022900763359,-0.4122137404580153,0.007633587786259542,-0.5152671755725191,0.10305343511450382,-0.41603053435114506,0.14122137404580154,-0.33587786259541985,-0.16412213740458015,-0.33969465648854963,-0.019083969465648856,-0.3816793893129771,0.08015267175572519,-0.3244274809160305,0.13740458015267176,-0.2748091603053435
3,0.0,0.0,0.11923076923076924,-0.11538461538461539,0.17692307692307693,-0.3,0.14615384615384616,-0.4461538461538462,0.046153846153846156,-0.5076923076923077,0.10384615384615385,-0.4461538461538462,0.14615384615384616,-0.6384615384615384,0.18461538461538463,-0.7461538461538462,0.2076923076923077,-0.8461538461538461,-0.015384615384615385,-0.45384615384615384,-0.05,-0.7153846153846154,-0.057692307692307696,-0.8730769230769231,-0.07692307692307693,-1.0,-0.11538461538461539,-0.40384615384615385,-0.026923076923076925,-0.5115384615384615,0.08846153846153847,-0.45,0.15384615384615385,-0.38846153846153847,-0.18846153846153846,-0.3230769230769231,-0.06923076923076923,-0.36538461538461536,0.03076923076923077,-0.3230769230769231,0.09230769230769231,-0.28076923076923077
3,0.0,0.0,0.14022140221402213,-0.0996309963099631,0.1992619926199262,-0.2988929889298893,0.13284132841328414,-0.44649446494464945,0.033210332103321034,-0.5239852398523985,0.0996309963099631,-0.4870848708487085,0.15129151291512916,-0.6678966789667896,0.1881918819188192,-0.7749077490774908,0.2066420664206642,-0.8634686346863468,-0.02214022140221402,-0.4907749077490775,-0.06273062730627306,-0.7306273062730627,-0.07380073800738007,-0.8819188191881919,-0.09225092250922509,-1.0,-0.12546125461254612,-0.4354243542435424,-0.06273062730627306,-0.5350553505535055,0.04428044280442804,-0.4612546125461255,0.1070110701107011,-0.39114391143911437,-0.2066420664206642,-0.34686346863468637,-0.11070110701107011,-0.3874538745387454,-0.014760147601476014,-0.33579335793357934,0.04428044280442804,-0.28413284132841327
3,0.0,0.0,0.13011152416356878,-0.10408921933085502,0.17472118959107807,-0.2788104089219331,0.11152416356877323,-0.4200743494423792,0.01486988847583643,-0.49070631970260226,0.137546468401487,-0.4721189591078067,0.20817843866171004,-0.6617100371747212,0.24907063197026022,-0.7732342007434945,0.27137546468401486,-0.8698884758364313,0.01858736059479554,-0.4795539033457249,-0.022304832713754646,-0.724907063197026,-0.05204460966542751,-0.8810408921933085,-0.08178438661710037,-1.0,-0.08550185873605948,-0.42379182156133827,-0.06319702602230483,-0.5278810408921933,0.022304832713754646,-0.43866171003717475,0.07434944237918216,-0.35687732342007433,-0.17100371747211895,-0.3345724907063197,-0.11524163568773234,-0.3680297397769517,-0.022304832713754646,-0.3159851301115242,0.048327137546468404,-0.26022304832713755
3,0.0,0.0,0.12546125461254612,-0.1033210332103321,0.15498154981549817,-0.28413284132841327,0.07011070110701106,-0.42066420664206644,-0.033210332103321034,-0.4981549815498155,0.12546125461254612,-0.4797047970479705,0.1881918819188192,-0.6642066420664207,0.23247232472324722,-0.7749077490774908,0.25830258302583026,-0.8745387453874539,0.007380073800738007,-0.4797047970479705,-0.04428044280442804,-0.7232472324723247,-0.07380073800738007,-0.8745387453874539,-0.1070110701107011,-1.0,-0.0959409594095941,-0.41697416974169743,-0.08856088560885608,-0.5202952029520295,0.0,-0.42435424354243545,0.04797047970479705,-0.34317343173431736,-0.17712177121771217,-0.3210332103321033,-0.12915129151291513,-0.36162361623616235,-0.04059040590405904,-0.2988929889298893,0.02214022140221402,-0.24354243542435425
3,0.0,0.0,0.13432835820895522,-0.1044776119402985,0.16044776119402984,-0.291044776119403,0.05223880597014925,-0.4216417910447761,-0.06343283582089553,-0.4925373134328358,0.13805970149253732,-0.48507462686567165,0.20522388059701493,-0.6716417910447762,0.2462686567164179,-0.7835820895522388,0.27238805970149255,-0.8805970149253731,0.011194029850746268,-0.48134328358208955,-0.041044776119402986,-0.7238805970149254,-0.0708955223880597,-0.8731343283582089,-0.10820895522388059,-1.0,-0.09328358208955224,-0.4141791044776119,-0.10820895522388059,-0.5111940298507462,-0.026119402985074626,-0.40298507462686567,0.022388059701492536,-0.31716417910447764,-0.17537313432835822,-0.31716417910447764,-0.13805970149253732,-0.3582089552238806,-0.05223880597014925,-0.2873134328358209,0.011194029850746268,-0.22761194029850745
3,0.0,0.0,0.1320754716981132,-0.1169811320754717,0.1471698113207547,-0.3018867924528302,0.03773584905660377,-0.4377358490566038,-0.07924528301886792,-0.5018867924528302,0.1320754716981132,-0.5018867924528302,0.2,-0.690566037735849,0.24150943396226415,-0.8,0.2679245283018868,-0.8943396226415095,0.0037735849056603774,-0.49433962264150944,-0.05660377358490566,-0.7320754716981132,-0.09433962264150944,-0.879245283018868,-0.13584905660377358,-1.0,-0.1018867924528302,-0.41509433962264153,-0.1320754716981132,-0.5169811320754717,-0.045283018867924525,-0.4,0.007547169811320755,-0.30566037735849055,-0.18490566037735848,-0.30566037735849055,-0.17358490566037735,-0.3660377358490566,-0.09433962264150944,-0.2943396226415094,-0.033962264150943396,-0.2339622641509434
3,0.0,0.0,0.12927756653992395,-0.12167300380228137,0.1444866920152091,-0.311787072243346,0.022813688212927757,-0.4448669201520912,-0.10266159695817491,-0.5095057034220533,0.12927756653992395,-0.5095057034220533,0.20152091254752852,-0.6958174904942965,0.24334600760456274,-0.8098859315589354,0.2661596958174905,-0.9049429657794676,0.0038022813688212928,-0.49429657794676807,-0.057034220532319393,-0.7300380228136882,-0.09885931558935361,-0.8783269961977186,-0.14068441064638784,-1.0,-0.09885931558935361,-0.4144486692015209,-0.13307984790874525,-0.5095057034220533,-0.045627376425855515,-0.39923954372623577,0.0076045627376425855,-0.311787072243346,-0.17870722433460076,-0.30038022813688214,-0.17110266159695817,-0.3726235741444867,-0.09505703422053231,-0.30038022813688214,-0.034220532319391636,-0.23574144486692014
3,0.0,0.0,0.11787072243346007,-0.12167300380228137,0.12927756653992395,-0.30038022813688214,0.0038022813688212928,-0.4372623574144487,-0.12167300380228137,-0.5133079847908745,0.13307984790874525,-0.5171102661596958,0.19391634980988592,-0.6996197718631179,0.23193916349809887,-0.8136882129277566,0.2585551330798479,-0.9125475285171103,0.0076045627376425855,-0.5057034220532319,-0.060836501901140684,-0.7338403041825095,-0.10266159695817491,-0.8745247148288974,-0.1444866920152091,-1.0,-0.09505703422053231,-0.42585551330798477,-0.14068441064638784,-0.5095057034220533,-0.06844106463878327,-0.39543726235741444,-0.022813688212927757,-0.3155893536121673,-0.17490494296577946,-0.3155893536121673,-0.18631178707224336,-0.38783269961977185,-0.11787072243346007,-0.311787072243346,-0.060836501901140684,-0.24714828897338403
3,0.0,0.0,0.11494252873563218,-0.12643678160919541,0.11877394636015326,-0.3065134099616858,-0.011494252873563218,-0.4367816091954023,-0.13409961685823754,-0.5172413793103449,0.13409961685823754,-0.5172413793103449,0.19540229885057472,-0.7049808429118773,0.23371647509578544,-0.8199233716475096,0.2567049808429119,-0.9195402298850575,0.007662835249042145,-0.5057471264367817,-0.06513409961685823,-0.735632183908046,-0.10727969348659004,-0.8773946360153256,-0.14942528735632185,-1.0,-0.09195402298850575,-0.42528735632183906,-0.1532567049808429,-0.5095785440613027,-0.08045977011494253,-0.39080459770114945,-0.03065134099616858,-0.31417624521072796,-0.1724137931034483,-0.31800766283524906,-0.19540229885057472,-0.39080459770114945,-0.13409961685823754,-0.3103448275862069,-0.08045977011494253,-0.24904214559386972
3,0.0,0.0,0.11538461538461539,-0.12307692307692308,0.11538461538461539,-0.3038461538461538,-0.019230769230769232,-0.4307692307692308,-0.1423076923076923,-0.5192307692307693,0.13846153846153847,-0.5192307692307693,0.19615384615384615,-0.7076923076923077,0.23846153846153847,-0.8269230769230769,0.2653846153846154,-0.926923076923077,0.011538461538461539,-0.5076923076923077,-0.06538461538461539,-0.7346153846153847,-0.11153846153846154,-0.8769230769230769,-0.1576923076923077,-1.0,-0.09230769230769231,-0.4269230769230769,-0.16153846153846155,-0.5076923076923077,-0.08846153846153847,-0.3923076923076923,-0.038461538461538464,-0.31153846153846154,-0.17307692307692307,-0.3153846153846154,-0.19615384615384615,-0.38461538461538464,-0.13846153846153847,-0.3,-0.08846153846153847,-0.23461538461538461
3,0.0,0.0,0.10424710424710425,-0.1274131274131274,0.10424710424710425,-0.305019305019305,-0.03474903474903475,-0.43243243243243246,-0.1583011583011583,-0.5212355212355212,0.13127413127413126,-0.525096525096525,0.18532818532818532,-0.7104247104247104,0.22393822393822393,-0.8262548262548263,0.2471042471042471,-0.9266409266409267,0.0,-0.5135135135135135,-0.07335907335907337,-0.7374517374517374,-0.12355212355212356,-0.8803088803088803,-0.16988416988416988,-1.0,-0.10038610038610038,-0.43243243243243246,-0.17374517374517376,-0.5096525096525096,-0.10038610038610038,-0.38996138996138996,-0.05019305019305019,-0.3088803088803089,-0.18146718146718147,-0.3127413127413127,-0.2084942084942085,-0.38223938223938225,-0.14671814671814673,-0.29343629343629346,-0.09652509652509653,-0.2277992277992278
3,0.0,0.0,0.10276679841897234,-0.1225296442687747,0.09486166007905138,-0.30039525691699603,-0.03557312252964427,-0.4308300395256917,-0.15810276679841898,-0.525691699604743,0.13438735177865613,-0.5296442687747036,0.1857707509881423,-0.7114624505928854,0.22529644268774704,-0.83399209486166,0.2490118577075099,-0.932806324110672,0.003952569169960474,-0.5177865612648221,-0.06719367588932806,-0.7391304347826086,-0.11857707509881422,-0.8774703557312253,-0.16996047430830039,-1.0,-0.09881422924901186,-0.43478260869565216,-0.17786561264822134,-0.5098814229249012,-0.11067193675889328,-0.38735177865612647,-0.05928853754940711,-0.308300395256917,-0.17391304347826086,-0.31225296442687744,-0.2134387351778656,-0.38735177865612647,-0.15810276679841898,-0.2964426877470356,-0.1067193675889328,-0.22924901185770752
3,0.0,0.0,0.10080645161290322,-0.12903225806451613,0.09274193548387097,-0.3064516129032258,-0.04032258064516129,-0.43548387096774194,-0.16532258064516128,-0.5282258064516129,0.13306451612903225,-0.5282258064516129,0.18548387096774194,-0.7137096774193549,0.2217741935483871,-0.8387096774193549,0.24596774193548387,-0.9354838709677419,0.004032258064516129,-0.5161290322580645,-0.06451612903225806,-0.7379032258064516,-0.11693548387096774,-0.8790322580645161,-0.1693548387096774,-1.0,-0.0967741935483871,-0.43548387096774194,-0.1774193548387097,-0.5080645161290323,-0.11290322580645161,-0.3870967741935484,-0.06048387096774194,-0.31048387096774194,-0.1774193548387097,-0.31451612903225806,-0.21370967741935484,-0.3870967741935484,-0.16129032258064516,-0.29435483870967744,-0.10887096774193548,-0.22983870967741934
3,0.0,0.0,0.1016949152542373,-0.13135593220338984,0.09745762711864407,-0.3177966101694915,-0.038135593220338986,-0.4449152542372881,-0.16101694915254236,-0.5296610169491526,0.13559322033898305,-0.5296610169491526,0.18220338983050846,-0.7161016949152542,0.21610169491525424,-0.8389830508474576,0.24152542372881355,-0.940677966101695,0.00847457627118644,-0.5127118644067796,-0.06779661016949153,-0.7415254237288136,-0.11864406779661017,-0.8813559322033898,-0.1652542372881356,-1.0,-0.09322033898305085,-0.4279661016949153,-0.16101694915254236,-0.5127118644067796,-0.09745762711864407,-0.3983050847457627,-0.046610169491525424,-0.3220338983050847,-0.17372881355932204,-0.3093220338983051,-0.2076271186440678,-0.3813559322033898,-0.15254237288135594,-0.2966101694915254,-0.1059322033898305,-0.2330508474576271
3,0.0,0.0,0.1038961038961039,-0.12554112554112554,0.1038961038961039,-0.30303030303030304,-0.021645021645021644,-0.4329004329004329,-0.14285714285714285,-0.5194805194805194,0.1341991341991342,-0.5281385281385281,0.18181818181818182,-0.7142857142857143,0.22077922077922077,-0.8354978354978355,0.2510822510822511,-0.935064935064935,0.008658008658008658,-0.5108225108225108,-0.06926406926406926,-0.7359307359307359,-0.11688311688311688,-0.8787878787878788,-0.16017316017316016,-1.0,-0.09090909090909091,-0.42857142857142855,-0.1645021645021645,-0.5064935064935064,-0.09523809523809523,-0.3852813852813853,-0.047619047619047616,-0.30735930735930733,-0.16883116883116883,-0.31601731601731603,-0.19913419913419914,-0.38095238095238093,-0.1471861471861472,-0.29004329004329005,-0.09956709956709957,-0.22510822510822512
3,0.0,0.0,0.0990990990990991,-0.12162162162162163,0.0945945945945946,-0.2927927927927928,-0.036036036036036036,-0.4189189189189189,-0.16216216216216217,-0.5,0.12162162162162163,-0.5315315315315315,0.16666666666666666,-0.7207207207207207,0.1981981981981982,-0.8423423423423423,0.22072072072072071,-0.9459459459459459,-0.009009009009009009,-0.5135135135135135,-0.08558558558558559,-0.7387387387387387,-0.13963963963963963,-0.8783783783783784,-0.18468468468468469,-1.0,-0.10810810810810811,-0.43243243243243246,-0.18018018018018017,-0.5,-0.11261261261261261,-0.38288288288288286,-0.05855855855855856,-0.30180180180180183,-0.18018018018018017,-0.3108108108108108,-0.21171171171171171,-0.36486486486486486,-0.16216216216216217,-0.2702702702702703,-0.11711711711711711,-0.20270270270270271
3,0.0,0.0,0.10454545454545454,-0.12272727272727273,0.09545454545454546,-0.3,-0.03636363636363636,-0.42272727272727273,-0.1590909090909091,-0.5,0.11818181818181818,-0.5363636363636364,0.16363636363636364,-0.7227272727272728,0.19545454545454546,-0.8454545454545455,0.21363636363636362,-0.95,-0.00909090909090909,-0.5181818181818182,-0.08181818181818182,-0.740909090909091,-0.13636363636363635,-0.8818181818181818,-0.18636363636363637,-1.0,-0.10909090909090909,-0.4318181818181818,-0.17727272727272728,-0.5045454545454545,-0.10454545454545454,-0.38636363636363635,-0.05454545454545454,-0.30454545454545456,-0.18181818181818182,-0.31363636363636366,-0.21363636363636362,-0.36818181818181817,-0.1590909090909091,-0.2772727272727273,-0.11363636363636363,-0.20909090909090908
3,0.0,0.0,0.0963302752293578,-0.13302752293577982,0.0871559633027523,-0.3073394495412844,-0.03669724770642202,-0.41743119266055045,-0.1651376146788991,-0.481651376146789,0.0963302752293578,-0.5275229357798165,0.14220183486238533,-0.7201834862385321,0.1743119266055046,-0.8394495412844036,0.19724770642201836,-0.944954128440367,-0.027522935779816515,-0.5137614678899083,-0.11009174311926606,-0.7385321100917431,-0.1651376146788991,-0.8807339449541285,-0.21100917431192662,-1.0,-0.12385321100917432,-0.43119266055045874,-0.17889908256880735,-0.481651376146789,-0.11009174311926606,-0.3761467889908257,-0.05963302752293578,-0.2981651376146789,-0.19724770642201836,-0.3211009174311927,-0.22018348623853212,-0.3532110091743119,-0.1651376146788991,-0.26605504587155965,-0.11926605504587157,-0.19724770642201836
3,0.0,0.0,0.102803738317757,-0.1261682242990654,0.10747663551401869,-0.3037383177570093,-0.02336448598130841,-0.411214953271028,-0.14953271028037382,-0.4672897196261682,0.09345794392523364,-0.5280373831775701,0.14953271028037382,-0.7242990654205608,0.1822429906542056,-0.8504672897196262,0.205607476635514,-0.9579439252336449,-0.028037383177570093,-0.5093457943925234,-0.12149532710280374,-0.7383177570093458,-0.16822429906542055,-0.883177570093458,-0.21495327102803738,-1.0,-0.1308411214953271,-0.4252336448598131,-0.16822429906542055,-0.4719626168224299,-0.08878504672897196,-0.3598130841121495,-0.04205607476635514,-0.2850467289719626,-0.20093457943925233,-0.3130841121495327,-0.2102803738317757,-0.3364485981308411,-0.14953271028037382,-0.2523364485981308,-0.11214953271028037,-0.19158878504672897
3,0.0,0.0,0.11374407582938388,-0.11848341232227488,0.13744075829383887,-0.2843601895734597,0.009478672985781991,-0.3791469194312796,-0.11848341232227488,-0.4265402843601896,0.0995260663507109,-0.5260663507109005,0.15639810426540285,-0.7298578199052133,0.1895734597156398,-0.8578199052132701,0.2037914691943128,-0.966824644549763,-0.02843601895734597,-0.5071090047393365,-0.10900473933649289,-0.7345971563981043,-0.16587677725118483,-0.8815165876777251,-0.21800947867298578,-1.0,-0.12796208530805686,-0.4218009478672986,-0.14218009478672985,-0.4549763033175355,-0.06635071090047394,-0.36018957345971564,-0.023696682464454975,-0.2890995260663507,-0.1990521327014218,-0.3080568720379147,-0.1943127962085308,-0.3127962085308057,-0.11848341232227488,-0.22274881516587677,-0.061611374407582936,-0.15165876777251186
3,0.0,0.0,0.10679611650485436,-0.1262135922330097,0.14563106796116504,-0.27184466019417475,0.043689320388349516,-0.3592233009708738,-0.08737864077669903,-0.3883495145631068,0.0970873786407767,-0.5339805825242718,0.1553398058252427,-0.7330097087378641,0.1941747572815534,-0.8592233009708737,0.22330097087378642,-0.9660194174757282,-0.03398058252427184,-0.5097087378640777,-0.11165048543689321,-0.7330097087378641,-0.16990291262135923,-0.8786407766990292,-0.22330097087378642,-1.0,-0.1407766990291262,-0.4174757281553398,-0.1262135922330097,-0.45145631067961167,-0.02912621359223301,-0.35436893203883496,0.02912621359223301,-0.28640776699029125,-0.21844660194174756,-0.28640776699029125,-0.2087378640776699,-0.2815533980582524,-0.12135922330097088,-0.19902912621359223,-0.04854368932038835,-0.1262135922330097
3,0.0,0.0,0.11165048543689321,-0.11650485436893204,0.14563106796116504,-0.2621359223300971,0.04854368932038835,-0.3592233009708738,-0.0825242718446602,-0.4077669902912621,0.09223300970873786,-0.529126213592233,0.1650485436893204,-0.7281553398058253,0.20388349514563106,-0.8592233009708737,0.21844660194174756,-0.9660194174757282,-0.04854368932038835,-0.5194174757281553,-0.12135922330097088,-0.7281553398058253,-0.16990291262135923,-0.8737864077669902,-0.21844660194174756,-1.0,-0.1650485436893204,-0.4368932038834951,-0.13106796116504854,-0.4174757281553398,-0.043689320388349516,-0.3155339805825243,0.0048543689320388345,-0.2524271844660194,-0.2524271844660194,-0.32038834951456313,-0.19902912621359223,-0.25728155339805825,-0.10679611650485436,-0.17475728155339806,-0.038834951456310676,-0.11650485436893204
3,0.0,0.0,0.13131313131313133,-0.06565656565656566,0.18181818181818182,-0.21717171717171718,0.10606060606060606,-0.32323232323232326,-0.025252525252525252,-0.3686868686868687,0.13131313131313133,-0.5050505050505051,0.20707070707070707,-0.7222222222222222,0.25757575757575757,-0.8585858585858586,0.2878787878787879,-0.9797979797979798,-0.015151515151515152,-0.5,-0.05555555555555555,-0.7171717171717171,-0.08585858585858586,-0.8737373737373737,-0.12121212121212122,-1.0,-0.13636363636363635,-0.42424242424242425,-0.0707070707070707,-0.3939393939393939,0.005050505050505051,-0.2777777777777778,0.04040404040404041,-0.1919191919191919,-0.22727272727272727,-0.31313131313131315,-0.13636363636363635,-0.24242424242424243,-0.030303030303030304,-0.14646464646464646,0.045454545454545456,-0.06565656565656566
3,0.0,0.0,0.13705583756345177,-0.05583756345177665,0.2233502538071066,-0.19289340101522842,0.16751269035532995,-0.2893401015228426,0.04060913705583756,-0.3147208121827411,0.14720812182741116,-0.48223350253807107,0.22842639593908629,-0.7055837563451777,0.2893401015228426,-0.8324873096446701,0.3248730964467005,-0.949238578680203,0.005076142131979695,-0.4873096446700508,-0.025380710659898477,-0.7258883248730964,-0.025380710659898477,-0.8781725888324873,-0.04060913705583756,-1.0,-0.116751269035533,-0.4213197969543147,-0.04568527918781726,-0.3756345177664975,0.030456852791878174,-0.26903553299492383,0.06091370558375635,-0.19289340101522842,-0.20304568527918782,-0.3197969543147208,-0.08121827411167512,-0.22842639593908629,0.030456852791878174,-0.1319796954314721,0.10152284263959391,-0.05583756345177665
3,0.0,0.0,0.14720812182741116,-0.03553299492385787,0.233502538071066,-0.17766497461928935,0.2182741116751269,-0.29441624365482233,0.1065989847715736,-0.34517766497461927,0.17766497461928935,-0.4720812182741117,0.25888324873096447,-0.6954314720812182,0.3147208121827411,-0.8324873096446701,0.350253807106599,-0.949238578680203,0.030456852791878174,-0.47715736040609136,0.01015228426395939,-0.7208121827411168,0.01015228426395939,-0.8781725888324873,0.005076142131979695,-1.0,-0.09137055837563451,-0.4213197969543147,-0.005076142131979695,-0.38578680203045684,0.05583756345177665,-0.28426395939086296,0.07614213197969544,-0.20812182741116753,-0.18274111675126903,-0.3147208121827411,-0.03553299492385787,-0.2233502538071066,0.08121827411167512,-0.1218274111675127,0.15228426395939088,-0.04060913705583756
3,0.0,0.0,0.1457286432160804,-0.06030150753768844,0.24623115577889448,-0.20100502512562815,0.2562814070351759,-0.3165829145728643,0.1507537688442211,-0.35678391959798994,0.17587939698492464,-0.49246231155778897,0.2663316582914573,-0.7135678391959799,0.32160804020100503,-0.8492462311557789,0.36180904522613067,-0.964824120603015,0.03015075376884422,-0.49748743718592964,0.02512562814070352,-0.7286432160804021,0.04020100502512563,-0.8844221105527639,0.04522613065326633,-1.0,-0.09547738693467336,-0.4371859296482412,0.035175879396984924,-0.39195979899497485,0.09547738693467336,-0.2814070351758794,0.11557788944723618,-0.19597989949748743,-0.1708542713567839,-0.33668341708542715,-0.005025125628140704,-0.25125628140703515,0.12060301507537688,-0.1407035175879397,0.20100502512562815,-0.05025125628140704
3,0.0,0.0,0.15048543689320387,-0.0825242718446602,0.25728155339805825,-0.22330097087378642,0.27184466019417475,-0.33980582524271846,0.16990291262135923,-0.3786407766990291,0.18932038834951456,-0.5,0.2815533980582524,-0.7087378640776699,0.33495145631067963,-0.8349514563106796,0.3737864077669903,-0.9466019417475728,0.05339805825242718,-0.5145631067961165,0.05825242718446602,-0.7330097087378641,0.07766990291262135,-0.883495145631068,0.0970873786407767,-1.0,-0.06310679611650485,-0.46116504854368934,0.06796116504854369,-0.4077669902912621,0.12135922330097088,-0.2912621359223301,0.13592233009708737,-0.2087378640776699,-0.13592233009708737,-0.3640776699029126,0.024271844660194174,-0.2766990291262136,0.13592233009708737,-0.17475728155339806,0.20388349514563106,-0.09223300970873786
3,0.0,0.0,0.14883720930232558,-0.07906976744186046,0.2651162790697674,-0.2186046511627907,0.2837209302325581,-0.35348837209302325,0.1813953488372093,-0.4,0.2,-0.48372093023255813,0.27906976744186046,-0.6930232558139535,0.3302325581395349,-0.8186046511627907,0.3674418604651163,-0.9255813953488372,0.06976744186046512,-0.5069767441860465,0.07441860465116279,-0.7302325581395349,0.10697674418604651,-0.8790697674418605,0.13488372093023257,-1.0,-0.037209302325581395,-0.46511627906976744,0.11162790697674418,-0.40930232558139534,0.16744186046511628,-0.2744186046511628,0.1813953488372093,-0.18604651162790697,-0.09767441860465116,-0.3767441860465116,0.05581395348837209,-0.2930232558139535,0.15813953488372093,-0.2,0.22325581395348837,-0.12558139534883722
3,0.0,0.0,0.14798206278026907,-0.08071748878923767,0.2556053811659193,-0.21973094170403587,0.273542600896861,-0.3542600896860987,0.18385650224215247,-0.4125560538116592,0.19730941704035873,-0.48878923766816146,0.2825112107623318,-0.6905829596412556,0.33183856502242154,-0.8071748878923767,0.3632286995515695,-0.905829596412556,0.07174887892376682,-0.5112107623318386,0.08968609865470852,-0.7354260089686099,0.11210762331838565,-0.8834080717488789,0.12556053811659193,-1.0,-0.03139013452914798,-0.4618834080717489,0.1031390134529148,-0.4260089686098655,0.15246636771300448,-0.30493273542600896,0.15695067264573992,-0.21973094170403587,-0.09865470852017937,-0.36771300448430494,0.04484304932735426,-0.3004484304932735,0.15695067264573992,-0.2242152466367713,0.22869955156950672,-0.16143497757847533
3,0.0,0.0,0.1511111111111111,-0.10222222222222223,0.25333333333333335,-0.24888888888888888,0.26666666666666666,-0.38666666666666666,0.17777777777777778,-0.4577777777777778,0.19555555555555557,-0.5022222222222222,0.28,-0.7111111111111111,0.3333333333333333,-0.8266666666666667,0.3688888888888889,-0.9333333333333333,0.06666666666666667,-0.52,0.08,-0.7466666666666667,0.09777777777777778,-0.8888888888888888,0.10666666666666667,-1.0,-0.04,-0.48,0.08888888888888889,-0.4577777777777778,0.13777777777777778,-0.3466666666666667,0.14666666666666667,-0.26222222222222225,-0.10666666666666667,-0.38666666666666666,0.04,-0.3333333333333333,0.14222222222222222,-0.25333333333333335,0.2088888888888889,-0.18666666666666668
3,0.0,0.0,0.1471861471861472,-0.09523809523809523,0.23376623376623376,-0.24242424242424243,0.22510822510822512,-0.37662337662337664,0.1341991341991342,-0.45021645021645024,0.18614718614718614,-0.48484848484848486,0.2683982683982684,-0.683982683982684,0.3203463203463203,-0.7965367965367965,0.35064935064935066,-0.9004329004329005,0.05194805194805195,-0.5064935064935064,0.04329004329004329,-0.7359307359307359,0.05627705627705628,-0.8831168831168831,0.06493506493506493,-1.0,-0.06060606060606061,-0.4588744588744589,0.04329004329004329,-0.4675324675324675,0.12554112554112554,-0.3593073593073593,0.1645021645021645,-0.27705627705627706,-0.13852813852813853,-0.3722943722943723,-0.004329004329004329,-0.3203463203463203,0.09956709956709957,-0.23809523809523808,0.1645021645021645,-0.1774891774891775
3,0.0,0.0,0.1459227467811159,-0.09871244635193133,0.23605150214592274,-0.2317596566523605,0.21888412017167383,-0.33047210300429186,0.1759656652360515,-0.39914163090128757,0.1630901287553648,-0.49356223175965663,0.22746781115879827,-0.6866952789699571,0.27467811158798283,-0.7982832618025751,0.30472103004291845,-0.8841201716738197,0.04291845493562232,-0.48497854077253216,0.008583690987124463,-0.721030042918455,0.0,-0.8755364806866953,-0.012875536480686695,-1.0,-0.06437768240343347,-0.41630901287553645,-0.030042918454935622,-0.5107296137339056,0.08583690987124463,-0.45064377682403434,0.15879828326180256,-0.38626609442060084,-0.15021459227467812,-0.30472103004291845,-0.09012875536480687,-0.34763948497854075,0.008583690987124463,-0.27896995708154504,0.0815450643776824,-0.21030042918454936
3,0.0,0.0,0.12658227848101267,-0.10126582278481013,0.16877637130801687,-0.25316455696202533,0.10548523206751055,-0.3670886075949367,0.008438818565400843,-0.4345991561181435,0.15611814345991562,-0.47257383966244726,0.21940928270042195,-0.6708860759493671,0.2616033755274262,-0.7932489451476793,0.2911392405063291,-0.8987341772151899,0.02531645569620253,-0.47257383966244726,-0.02531645569620253,-0.7130801687763713,-0.05907172995780591,-0.869198312236287,-0.08860759493670886,-1.0,-0.08860759493670886,-0.4050632911392405,-0.07172995780590717,-0.4810126582278481,0.02109704641350211,-0.3924050632911392,0.08016877637130802,-0.31645569620253167,-0.18565400843881857,-0.3037974683544304,-0.1350210970464135,-0.31645569620253167,-0.05063291139240506,-0.24472573839662448,0.004219409282700422,-0.18143459915611815
3,0.0,0.0,0.11983471074380166,-0.11570247933884298,0.12396694214876033,-0.2809917355371901,0.012396694214876033,-0.39669421487603307,-0.09917355371900827,-0.4669421487603306,0.1322314049586777,-0.5165289256198347,0.19834710743801653,-0.6983471074380165,0.24380165289256198,-0.8181818181818182,0.26859504132231404,-0.9173553719008265,0.008264462809917356,-0.5,-0.06198347107438017,-0.7272727272727273,-0.09917355371900827,-0.871900826446281,-0.1446280991735537,-1.0,-0.09504132231404959,-0.41735537190082644,-0.1446280991735537,-0.49173553719008267,-0.06611570247933884,-0.384297520661157,-0.008264462809917356,-0.30578512396694213,-0.17355371900826447,-0.30165289256198347,-0.1859504132231405,-0.3512396694214876,-0.11983471074380166,-0.2727272727272727,-0.06198347107438017,-0.2190082644628099
3,0.0,0.0,0.12033195020746888,-0.12033195020746888,0.12448132780082988,-0.29045643153526973,0.012448132780082987,-0.4107883817427386,-0.0995850622406639,-0.4896265560165975,0.13692946058091288,-0.5228215767634855,0.1991701244813278,-0.7053941908713693,0.23651452282157676,-0.8215767634854771,0.2572614107883817,-0.921161825726141,0.008298755186721992,-0.5062240663900415,-0.05394190871369295,-0.7261410788381742,-0.0995850622406639,-0.8713692946058091,-0.14522821576763487,-1.0,-0.0912863070539419,-0.42323651452282157,-0.13692946058091288,-0.4896265560165975,-0.06224066390041494,-0.3775933609958506,-0.012448132780082987,-0.2987551867219917,-0.17012448132780084,-0.3070539419087137,-0.17842323651452283,-0.35269709543568467,-0.11203319502074689,-0.2697095435684647,-0.06224066390041494,-0.21161825726141079
3,0.0,0.0,0.1072961373390558,-0.12446351931330472,0.10300429184549356,-0.2875536480686695,-0.02575107296137339,-0.41201716738197425,-0.1459227467811159,-0.49356223175965663,0.12875536480686695,-0.5236051502145923,0.18025751072961374,-0.7124463519313304,0.2145922746781116,-0.8283261802575107,0.24034334763948498,-0.927038626609442,-0.004291845493562232,-0.5107296137339056,-0.07296137339055794,-0.7381974248927039,-0.12875536480686695,-0.8755364806866953,-0.1759656652360515,-1.0,-0.10300429184549356,-0.4291845493562232,-0.1759656652360515,-0.4978540772532189,-0.1072961373390558,-0.38197424892703863,-0.05150214592274678,-0.30042918454935624,-0.1759656652360515,-0.3090128755364807,-0.21030042918454936,-0.3562231759656652,-0.15450643776824036,-0.27467811158798283,-0.10300429184549356,-0.21030042918454936
3,0.0,0.0,0.10526315789473684,-0.12280701754385964,0.10087719298245613,-0.2850877192982456,-0.03070175438596491,-0.40789473684210525,-0.15350877192982457,-0.4868421052631579,0.12280701754385964,-0.5175438596491229,0.17543859649122806,-0.706140350877193,0.21052631578947367,-0.8245614035087719,0.2412280701754386,-0.9298245614035088,-0.0043859649122807015,-0.5087719298245614,-0.07894736842105263,-0.7368421052631579,-0.12719298245614036,-0.8771929824561403,-0.17543859649122806,-1.0,-0.10526315789473684,-0.42543859649122806,-0.17982456140350878,-0.49122807017543857,-0.10964912280701754,-0.37719298245614036,-0.05701754385964912,-0.29385964912280704,-0.17982456140350878,-0.30701754385964913,-0.2149122807017544,-0.35964912280701755,-0.15789473684210525,-0.2719298245614035,-0.10964912280701754,-0.20614035087719298
3,0.0,0.0,0.10762331838565023,-0.1210762331838565,0.10762331838565023,-0.28699551569506726,-0.02242152466367713,-0.4080717488789238,-0.14798206278026907,-0.48878923766816146,0.12556053811659193,-0.5291479820627802,0.17937219730941703,-0.7174887892376681,0.21076233183856502,-0.8430493273542601,0.23318385650224216,-0.9461883408071748,0.0,-0.515695067264574,-0.07174887892376682,-0.7399103139013453,-0.13004484304932734,-0.8789237668161435,-0.17937219730941703,-1.0,-0.09865470852017937,-0.4349775784753363,-0.17040358744394618,-0.4977578475336323,-0.1031390134529148,-0.3721973094170404,-0.053811659192825115,-0.2914798206278027,-0.17040358744394618,-0.3183856502242152,-0.2062780269058296,-0.35874439461883406,-0.15246636771300448,-0.2645739910313901,-0.1031390134529148,-0.20179372197309417
3,0.0,0.0,0.10222222222222223,-0.1288888888888889,0.09333333333333334,-0.3022222222222222,-0.035555555555555556,-0.4222222222222222,-0.16,-0.49333333333333335,0.1111111111111111,-0.5377777777777778,0.16,-0.7244444444444444,0.19111111111111112,-0.8444444444444444,0.21333333333333335,-0.9422222222222222,-0.013333333333333334,-0.5244444444444445,-0.08888888888888889,-0.7466666666666667,-0.14222222222222222,-0.8844444444444445,-0.19555555555555557,-1.0,-0.10666666666666667,-0.44,-0.18222222222222223,-0.49777777777777776,-0.11555555555555555,-0.37777777777777777,-0.06222222222222222,-0.3022222222222222,-0.17777777777777778,-0.32,-0.21777777777777776,-0.3688888888888889,-0.16444444444444445,-0.27555555555555555,-0.1111111111111111,-0.2088888888888889
3,0.0,0.0,0.0963302752293578,-0.11467889908256881,0.0963302752293578,-0.28440366972477066,-0.03211009174311927,-0.4036697247706422,-0.16055045871559634,-0.4724770642201835,0.0963302752293578,-0.5275229357798165,0.15137614678899083,-0.7201834862385321,0.1834862385321101,-0.8486238532110092,0.2018348623853211,-0.9541284403669725,-0.027522935779816515,-0.5137614678899083,-0.11009174311926606,-0.7431192660550459,-0.1651376146788991,-0.8853211009174312,-0.21559633027522937,-1.0,-0.12844036697247707,-0.43577981651376146,-0.17889908256880735,-0.47706422018348627,-0.11009174311926606,-0.3669724770642202,-0.05963302752293578,-0.28440366972477066,-0.19724770642201836,-0.3211009174311927,-0.22018348623853212,-0.3532110091743119,-0.16055045871559634,-0.26146788990825687,-0.11467889908256881,-0.18807339449541285
3,0.0,0.0,0.0963302752293578,-0.11926605504587157,0.10091743119266056,-0.2889908256880734,-0.027522935779816515,-0.39908256880733944,-0.16055045871559634,-0.463302752293578,0.10091743119266056,-0.5275229357798165,0.15137614678899083,-0.7247706422018348,0.18807339449541285,-0.8486238532110092,0.21100917431192662,-0.9541284403669725,-0.022935779816513763,-0.5137614678899083,-0.11009174311926606,-0.7385321100917431,-0.16055045871559634,-0.8807339449541285,-0.21100917431192662,-1.0,-0.12385321100917432,-0.43119266055045874,-0.1743119266055046,-0.463302752293578,-0.10091743119266056,-0.3440366972477064,-0.05045871559633028,-0.26605504587155965,-0.1926605504587156,-0.3165137614678899,-0.21100917431192662,-0.3486238532110092,-0.14678899082568808,-0.25688073394495414,-0.10550458715596331,-0.1834862385321101
3,0.0,0.0,0.10047846889952153,-0.09569377990430622,0.12440191387559808,-0.2631578947368421,-0.009569377990430622,-0.36363636363636365,-0.14354066985645933,-0.41626794258373206,0.10526315789473684,-0.5167464114832536,0.1674641148325359,-0.7177033492822966,0.20095693779904306,-0.84688995215311,0.22488038277511962,-0.9521531100478469,-0.028708133971291867,-0.49760765550239233,-0.11004784688995216,-0.7320574162679426,-0.16267942583732056,-0.8803827751196173,-0.215311004784689,-1.0,-0.1339712918660287,-0.41626794258373206,-0.15789473684210525,-0.4354066985645933,-0.0861244019138756,-0.3157894736842105,-0.03827751196172249,-0.23444976076555024,-0.20574162679425836,-0.3062200956937799,-0.21052631578947367,-0.3157894736842105,-0.13875598086124402,-0.22488038277511962,-0.0861244019138756,-0.15311004784688995
3,0.0,0.0,0.11386138613861387,-0.0891089108910891,0.14356435643564355,-0.24257425742574257,0.01485148514851485,-0.3415841584158416,-0.1188118811881188,-0.38613861386138615,0.1188118811881188,-0.5099009900990099,0.18316831683168316,-0.7128712871287128,0.21287128712871287,-0.8465346534653465,0.2376237623762376,-0.9554455445544554,-0.019801980198019802,-0.4900990099009901,-0.10891089108910891,-0.7227722772277227,-0.16336633663366337,-0.8762376237623762,-0.21782178217821782,-1.0,-0.13366336633663367,-0.400990099009901,-0.14356435643564355,-0.41089108910891087,-0.06930693069306931,-0.297029702970297,-0.024752475247524754,-0.22277227722772278,-0.21287128712871287,-0.28217821782178215,-0.2079207920792079,-0.26732673267326734,-0.13366336633663367,-0.1782178217821782,-0.07425742574257425,-0.10891089108910891
3,0.0,0.0,0.1218274111675127,-0.09137055837563451,0.17766497461928935,-0.233502538071066,0.07614213197969544,-0.3197969543147208,-0.050761421319796954,-0.3553299492385787,0.14213197969543148,-0.5076142131979695,0.2233502538071066,-0.7258883248730964,0.26903553299492383,-0.8578680203045685,0.29441624365482233,-0.9695431472081218,-0.005076142131979695,-0.5025380710659898,-0.08121827411167512,-0.7258883248730964,-0.1319796954314721,-0.8730964467005076,-0.18274111675126903,-1.0,-0.12690355329949238,-0.4213197969543147,-0.09644670050761421,-0.39593908629441626,-0.01015228426395939,-0.28426395939086296,0.03553299492385787,-0.2233502538071066,-0.2182741116751269,-0.30456852791878175,-0.16243654822335024,-0.23857868020304568,-0.07106598984771574,-0.14720812182741116,-0.02030456852791878,-0.09644670050761421
3,0.0,0.0,0.11616161616161616,-0.08585858585858586,0.18181818181818182,-0.21212121212121213,0.08585858585858586,-0.29292929292929293,-0.04040404040404041,-0.3333333333333333,0.12626262626262627,-0.5,0.21717171717171718,-0.7070707070707071,0.2676767676767677,-0.8383838383838383,0.29292929292929293,-0.9494949494949495,-0.030303030303030304,-0.494949494949495,-0.08585858585858586,-0.7121212121212122,-0.12121212121212122,-0.8535353535353535,-0.1717171717171717,-1.0,-0.15656565656565657,-0.41414141414141414,-0.08585858585858586,-0.35353535353535354,0.010101010101010102,-0.24242424242424243,0.045454545454545456,-0.19696969696969696,-0.25252525252525254,-0.29292929292929293,-0.14646464646464646,-0.18181818181818182,-0.04040404040404041,-0.10101010101010101,0.010101010101010102,-0.0707070707070707
3,0.0,0.0,0.15384615384615385,-0.03076923076923077,0.2564102564102564,-0.1641025641025641,0.18461538461538463,-0.26666666666666666,0.046153846153846156,-0.3128205128205128,0.2,-0.47692307692307695,0.2923076923076923,-0.7076923076923077,0.358974358974359,-0.841025641025641,0.4,-0.9641025641025641,0.041025641025641026,-0.48205128205128206,0.0,-0.7128205128205128,-0.015384615384615385,-0.8666666666666667,-0.035897435897435895,-1.0,-0.09230769230769231,-0.4153846153846154,-0.015384615384615385,-0.3384615384615385,0.07179487179487179,-0.2153846153846154,0.1076923076923077,-0.14358974358974358,-0.19487179487179487,-0.3076923076923077,-0.08205128205128205,-0.19487179487179487,0.015384615384615385,-0.09743589743589744,0.06666666666666667,-0.046153846153846156
3,0.0,0.0,0.15311004784688995,-0.06220095693779904,0.24880382775119617,-0.18181818181818182,0.215311004784689,-0.2822966507177033,0.10047846889952153,-0.33014354066985646,0.19617224880382775,-0.47368421052631576,0.2966507177033493,-0.69377990430622,0.3684210526315789,-0.8229665071770335,0.41148325358851673,-0.9330143540669856,0.05263157894736842,-0.48325358851674644,0.03827751196172249,-0.722488038277512,0.05263157894736842,-0.8755980861244019,0.0430622009569378,-1.0,-0.06698564593301436,-0.4354066985645933,0.023923444976076555,-0.37799043062200954,0.09569377990430622,-0.2535885167464115,0.11483253588516747,-0.18181818181818182,-0.15311004784688995,-0.3444976076555024,-0.028708133971291867,-0.24401913875598086,0.05741626794258373,-0.14354066985645933,0.09569377990430622,-0.0861244019138756
3,0.0,0.0,0.13574660633484162,-0.08144796380090498,0.23076923076923078,-0.2171945701357466,0.21266968325791855,-0.3257918552036199,0.10407239819004525,-0.37104072398190047,0.18552036199095023,-0.497737556561086,0.28054298642533937,-0.7013574660633484,0.34841628959276016,-0.8190045248868778,0.3891402714932127,-0.9276018099547512,0.04524886877828054,-0.5113122171945701,0.04072398190045249,-0.7330316742081447,0.05429864253393665,-0.8778280542986425,0.05429864253393665,-1.0,-0.07692307692307693,-0.46153846153846156,0.01809954751131222,-0.416289592760181,0.07692307692307693,-0.3031674208144796,0.09954751131221719,-0.22624434389140272,-0.16289592760180996,-0.3665158371040724,-0.02262443438914027,-0.2669683257918552,0.08144796380090498,-0.1583710407239819,0.14027149321266968,-0.08144796380090498
3,0.0,0.0,0.13617021276595745,-0.08085106382978724,0.2297872340425532,-0.2127659574468085,0.22127659574468084,-0.33191489361702126,0.13617021276595745,-0.39148936170212767,0.2,-0.4765957446808511,0.28936170212765955,-0.6723404255319149,0.3446808510638298,-0.7914893617021277,0.37872340425531914,-0.8978723404255319,0.059574468085106386,-0.49361702127659574,0.0425531914893617,-0.7276595744680852,0.05106382978723404,-0.8765957446808511,0.05106382978723404,-1.0,-0.06382978723404255,-0.451063829787234,0.03829787234042553,-0.42127659574468085,0.10212765957446808,-0.3191489361702128,0.12340425531914893,-0.24680851063829787,-0.14468085106382977,-0.3574468085106383,-0.01276595744680851,-0.28936170212765955,0.0851063829787234,-0.2,0.14042553191489363,-0.13191489361702127
3,0.0,0.0,0.14285714285714285,-0.08163265306122448,0.22448979591836735,-0.21224489795918366,0.2,-0.3346938775510204,0.11428571428571428,-0.40408163265306124,0.19183673469387755,-0.45714285714285713,0.27755102040816326,-0.6612244897959184,0.3346938775510204,-0.7795918367346939,0.3795918367346939,-0.8816326530612245,0.0653061224489796,-0.46938775510204084,0.04081632653061224,-0.710204081632653,0.04081632653061224,-0.8693877551020408,0.04081632653061224,-1.0,-0.04897959183673469,-0.4204081632653061,0.012244897959183673,-0.45714285714285713,0.08571428571428572,-0.3510204081632653,0.12244897959183673,-0.2653061224489796,-0.1346938775510204,-0.32653061224489793,-0.044897959183673466,-0.3142857142857143,0.04897959183673469,-0.24081632653061225,0.11020408163265306,-0.17142857142857143
3,0.0,0.0,0.1245136186770428,-0.07003891050583658,0.19455252918287938,-0.22568093385214008,0.1517509727626459,-0.3657587548638132,0.042801556420233464,-0.4396887159533074,0.17898832684824903,-0.4669260700389105,0.2490272373540856,-0.669260700389105,0.30739299610894943,-0.7821011673151751,0.3424124513618677,-0.8832684824902723,0.05058365758754864,-0.47470817120622566,0.023346303501945526,-0.7237354085603113,0.01556420233463035,-0.8793774319066148,-0.007782101167315175,-1.0,-0.0622568093385214,-0.42023346303501946,-0.019455252918287938,-0.4591439688715953,0.054474708171206226,-0.3540856031128405,0.08560311284046693,-0.2723735408560311,-0.1556420233463035,-0.33073929961089493,-0.07003891050583658,-0.311284046692607,0.019455252918287938,-0.22568093385214008,0.06614785992217899,-0.16342412451361868
3,0.0,0.0,0.14391143911439114,-0.07380073800738007,0.2140221402214022,-0.23616236162361623,0.16974169741697417,-0.36531365313653136,0.07749077490774908,-0.43911439114391143,0.1918819188191882,-0.4797047970479705,0.2693726937269373,-0.6642066420664207,0.3210332103321033,-0.7712177121771218,0.34686346863468637,-0.8671586715867159,0.06642066420664207,-0.4870848708487085,0.03690036900369004,-0.7269372693726938,0.025830258302583026,-0.8782287822878229,0.0036900369003690036,-1.0,-0.04428044280442804,-0.4280442804428044,-0.01845018450184502,-0.5018450184501845,0.06642066420664207,-0.3948339483394834,0.1070110701107011,-0.30996309963099633,-0.13653136531365315,-0.33579335793357934,-0.07011070110701106,-0.3505535055350554,0.01107011070110701,-0.2730627306273063,0.05904059040590406,-0.2066420664206642
3,0.0,0.0,0.13588850174216027,-0.07317073170731707,0.1951219512195122,-0.23693379790940766,0.13937282229965156,-0.37630662020905925,0.05226480836236934,-0.4738675958188153,0.1916376306620209,-0.47038327526132406,0.2787456445993031,-0.6515679442508711,0.3344947735191638,-0.759581881533101,0.36585365853658536,-0.8536585365853658,0.06620209059233449,-0.4843205574912892,0.03832752613240418,-0.7317073170731707,0.027874564459930314,-0.8780487804878049,0.010452961672473868,-1.0,-0.041811846689895474,-0.42857142857142855,-0.024390243902439025,-0.49825783972125437,0.04529616724738676,-0.3832752613240418,0.07665505226480836,-0.29965156794425085,-0.1289198606271777,-0.33797909407665505,-0.07665505226480836,-0.3588850174216028,0.003484320557491289,-0.27526132404181186,0.04878048780487805,-0.20905923344947736
3,0.0,0.0,0.13043478260869565,-0.07692307692307693,0.17725752508361203,-0.23745819397993312,0.13043478260869565,-0.3779264214046823,0.04013377926421405,-0.47157190635451507,0.18394648829431437,-0.45484949832775917,0.2709030100334448,-0.6321070234113713,0.32441471571906355,-0.7324414715719063,0.35451505016722407,-0.8260869565217391,0.06354515050167224,-0.4682274247491639,0.030100334448160536,-0.725752508361204,0.026755852842809364,-0.8762541806020067,0.020066889632107024,-1.0,-0.046822742474916385,-0.4180602006688963,-0.03678929765886288,-0.4983277591973244,0.033444816053511704,-0.38127090301003347,0.07023411371237458,-0.29431438127090304,-0.13377926421404682,-0.33444816053511706,-0.0802675585284281,-0.34782608695652173,0.0,-0.26755852842809363,0.05016722408026756,-0.2040133779264214
3,0.0,0.0,0.13851351351351351,-0.08783783783783784,0.18243243243243243,-0.2635135135135135,0.11824324324324324,-0.39864864864864863,0.016891891891891893,-0.4797297297297297,0.1858108108108108,-0.47635135135135137,0.27702702702702703,-0.6554054054054054,0.3310810810810811,-0.7601351351351351,0.36486486486486486,-0.8547297297297297,0.060810810810810814,-0.4831081081081081,0.02364864864864865,-0.7364864864864865,0.016891891891891893,-0.8851351351351351,0.006756756756756757,-1.0,-0.05067567567567568,-0.42567567567567566,-0.05067567567567568,-0.5135135135135135,0.02364864864864865,-0.3918918918918919,0.06418918918918919,-0.30067567567567566,-0.13851351351351351,-0.33783783783783783,-0.09121621621621621,-0.35135135135135137,-0.013513513513513514,-0.2668918918918919,0.030405405405405407,-0.20270270270270271
3,0.0,0.0,0.13851351351351351,-0.08445945945945946,0.17567567567567569,-0.2533783783783784,0.09797297297297297,-0.3918918918918919,-0.0033783783783783786,-0.47297297297297297,0.1891891891891892,-0.46959459459459457,0.27364864864864863,-0.6452702702702703,0.32432432432432434,-0.75,0.3614864864864865,-0.8445945945945946,0.060810810810810814,-0.47635135135135137,0.02364864864864865,-0.7297297297297297,0.013513513513513514,-0.8783783783783784,0.0033783783783783786,-1.0,-0.0472972972972973,-0.4155405405405405,-0.060810810810810814,-0.4966216216216216,0.013513513513513514,-0.375,0.05405405405405406,-0.28378378378378377,-0.13175675675675674,-0.32432432432432434,-0.10135135135135136,-0.34121621621621623,-0.030405405405405407,-0.25675675675675674,0.016891891891891893,-0.19594594594594594
3,0.0,0.0,0.13732394366197184,-0.0880281690140845,0.18309859154929578,-0.2535211267605634,0.11267605633802817,-0.3873239436619718,0.02112676056338028,-0.4788732394366197,0.18661971830985916,-0.49295774647887325,0.2746478873239437,-0.6690140845070423,0.3274647887323944,-0.7711267605633803,0.3626760563380282,-0.8626760563380281,0.06338028169014084,-0.4964788732394366,0.028169014084507043,-0.7359154929577465,0.0035211267605633804,-0.8802816901408451,-0.02464788732394366,-1.0,-0.045774647887323945,-0.4295774647887324,-0.0528169014084507,-0.5035211267605634,0.014084507042253521,-0.3873239436619718,0.056338028169014086,-0.3028169014084507,-0.13028169014084506,-0.3345070422535211,-0.10211267605633803,-0.3626760563380282,-0.035211267605633804,-0.2746478873239437,0.01056338028169014,-0.20774647887323944
3,0.0,0.0,0.1386861313868613,-0.08394160583941605,0.18613138686131386,-0.25547445255474455,0.09854014598540146,-0.3905109489051095,-0.0036496350364963502,-0.4744525547445255,0.18613138686131386,-0.48175182481751827,0.27007299270072993,-0.6605839416058394,0.32116788321167883,-0.7664233576642335,0.354014598540146,-0.8576642335766423,0.058394160583941604,-0.48175182481751827,0.01824817518248175,-0.7262773722627737,-0.0036496350364963502,-0.8759124087591241,-0.025547445255474453,-1.0,-0.05474452554744526,-0.41605839416058393,-0.072992700729927,-0.5036496350364964,0.0,-0.38321167883211676,0.043795620437956206,-0.291970802919708,-0.14233576642335766,-0.32116788321167883,-0.11313868613138686,-0.3467153284671533,-0.040145985401459854,-0.25547445255474455,0.0072992700729927005,-0.1897810218978102
3,0.0,0.0,0.13584905660377358,-0.09811320754716982,0.16981132075471697,-0.27169811320754716,0.07547169811320754,-0.4037735849056604,-0.026415094339622643,-0.4679245283018868,0.16981132075471697,-0.49056603773584906,0.2528301886792453,-0.6679245283018868,0.3018867924528302,-0.7735849056603774,0.33584905660377357,-0.8641509433962264,0.04905660377358491,-0.49056603773584906,0.007547169811320755,-0.7283018867924528,-0.018867924528301886,-0.8754716981132076,-0.04905660377358491,-1.0,-0.05660377358490566,-0.4226415094339623,-0.07924528301886792,-0.49433962264150944,-0.011320754716981131,-0.38113207547169814,0.03018867924528302,-0.2981132075471698,-0.13962264150943396,-0.32452830188679244,-0.12452830188679245,-0.35094339622641507,-0.06037735849056604,-0.2679245283018868,-0.01509433962264151,-0.2037735849056604
3,0.0,0.0,0.12941176470588237,-0.10588235294117647,0.15294117647058825,-0.27450980392156865,0.03529411764705882,-0.4,-0.07450980392156863,-0.47843137254901963,0.1607843137254902,-0.49411764705882355,0.23529411764705882,-0.6745098039215687,0.2823529411764706,-0.7843137254901961,0.30980392156862746,-0.8784313725490196,0.03529411764705882,-0.48627450980392156,-0.0196078431372549,-0.7215686274509804,-0.050980392156862744,-0.8705882352941177,-0.08235294117647059,-1.0,-0.07058823529411765,-0.41568627450980394,-0.10980392156862745,-0.48627450980392156,-0.0392156862745098,-0.3686274509803922,0.011764705882352941,-0.28627450980392155,-0.1568627450980392,-0.30980392156862746,-0.15294117647058825,-0.34901960784313724,-0.08627450980392157,-0.2627450980392157,-0.03529411764705882,-0.19607843137254902
3,0.0,0.0,0.12096774193548387,-0.10887096774193548,0.13709677419354838,-0.2782258064516129,0.028225806451612902,-0.40725806451612906,-0.08064516129032258,-0.4879032258064516,0.1532258064516129,-0.5,0.22580645161290322,-0.6854838709677419,0.2701612903225806,-0.7983870967741935,0.3024193548387097,-0.8951612903225806,0.028225806451612902,-0.4959677419354839,-0.028225806451612902,-0.7298387096774194,-0.06048387096774194,-0.8790322580645161,-0.09274193548387097,-1.0,-0.07661290322580645,-0.42338709677419356,-0.11693548387096774,-0.49193548387096775,-0.04838709677419355,-0.375,-0.004032258064516129,-0.29435483870967744,-0.1532258064516129,-0.3185483870967742,-0.15725806451612903,-0.3548387096774194,-0.0967741935483871,-0.2701612903225806,-0.05241935483870968,-0.2056451612903226
3,0.0,0.0,0.11864406779661017,-0.13135593220338984,0.1271186440677966,-0.3050847457627119,0.012711864406779662,-0.4322033898305085,-0.1016949152542373,-0.5084745762711864,0.15677966101694915,-0.5211864406779662,0.22033898305084745,-0.7033898305084746,0.2627118644067797,-0.8177966101694916,0.288135593220339,-0.9152542372881356,0.029661016949152543,-0.5127118644067796,-0.029661016949152543,-0.7372881355932204,-0.08050847457627118,-0.8813559322033898,-0.1271186440677966,-1.0,-0.07627118644067797,-0.4322033898305085,-0.1271186440677966,-0.4957627118644068,-0.06779661016949153,-0.3813559322033898,-0.0211864406779661,-0.3050847457627119,-0.15677966101694915,-0.3220338983050847,-0.17372881355932204,-0.3686440677966102,-0.11864406779661017,-0.2838983050847458,-0.07203389830508475,-0.22033898305084745
3,0.0,0.0,0.10869565217391304,-0.12608695652173912,0.10434782608695652,-0.29130434782608694,-0.013043478260869565,-0.40869565217391307,-0.12608695652173912,-0.48695652173913045,0.13043478260869565,-0.5173913043478261,0.2,-0.7043478260869566,0.2391304347826087,-0.8173913043478261,0.26521739130434785,-0.9173913043478261,0.008695652173913044,-0.5043478260869565,-0.06086956521739131,-0.7347826086956522,-0.10869565217391304,-0.8782608695652174,-0.1565217391304348,-1.0,-0.09565217391304348,-0.4217391304347826,-0.1565217391304348,-0.4782608695652174,-0.09130434782608696,-0.3695652173913043,-0.043478260869565216,-0.2956521739130435,-0.16956521739130434,-0.30869565217391304,-0.1956521739130435,-0.34782608695652173,-0.1391304347826087,-0.26521739130434785,-0.09130434782608696,-0.20434782608695654
3,0.0,0.0,0.09777777777777778,-0.11555555555555555,0.09333333333333334,-0.28,-0.03111111111111111,-0.40444444444444444,-0.1511111111111111,-0.48444444444444446,0.12444444444444444,-0.5155555555555555,0.18666666666666668,-0.7022222222222222,0.2222222222222222,-0.8266666666666667,0.24444444444444444,-0.9288888888888889,-0.0044444444444444444,-0.5066666666666667,-0.07555555555555556,-0.7377777777777778,-0.12444444444444444,-0.88,-0.17333333333333334,-1.0,-0.10666666666666667,-0.4266666666666667,-0.17777777777777778,-0.48,-0.11555555555555555,-0.36,-0.06222222222222222,-0.28444444444444444,-0.17777777777777778,-0.3111111111111111,-0.21333333333333335,-0.35555555555555557,-0.15555555555555556,-0.26222222222222225,-0.10666666666666667,-0.2
3,0.0,0.0,0.10762331838565023,-0.13004484304932734,0.10762331838565023,-0.30493273542600896,-0.017937219730941704,-0.4170403587443946,-0.13901345291479822,-0.484304932735426,0.13004484304932734,-0.5291479820627802,0.17937219730941703,-0.7219730941704036,0.21076233183856502,-0.8475336322869955,0.23318385650224216,-0.9461883408071748,0.004484304932735426,-0.515695067264574,-0.07623318385650224,-0.7399103139013453,-0.13004484304932734,-0.8834080717488789,-0.18385650224215247,-1.0,-0.09417040358744394,-0.4304932735426009,-0.15695067264573992,-0.4798206278026906,-0.08520179372197309,-0.3721973094170404,-0.04035874439461883,-0.3094170403587444,-0.17040358744394618,-0.31390134529147984,-0.20179372197309417,-0.35874439461883406,-0.14349775784753363,-0.26905829596412556,-0.09865470852017937,-0.2062780269058296
3,0.0,0.0,0.11363636363636363,-0.11818181818181818,0.11818181818181818,-0.2818181818181818,-0.00909090909090909,-0.39545454545454545,-0.1318181818181818,-0.4590909090909091,0.10909090909090909,-0.5227272727272727,0.1590909090909091,-0.7090909090909091,0.19090909090909092,-0.8363636363636363,0.21363636363636362,-0.9454545454545454,-0.01818181818181818,-0.509090909090909,-0.1,-0.7318181818181818,-0.1590909090909091,-0.8772727272727273,-0.20909090909090908,-1.0,-0.11363636363636363,-0.42272727272727273,-0.16363636363636364,-0.4681818181818182,-0.09090909090909091,-0.35909090909090907,-0.04090909090909091,-0.2909090909090909,-0.18636363636363637,-0.3090909090909091,-0.21363636363636362,-0.33636363636363636,-0.15,-0.25,-0.1,-0.18636363636363637
3,0.0,0.0,0.11682242990654206,-0.14018691588785046,0.13551401869158877,-0.29906542056074764,0.018691588785046728,-0.3878504672897196,-0.102803738317757,-0.4252336448598131,0.10747663551401869,-0.5233644859813084,0.16822429906542055,-0.7242990654205608,0.205607476635514,-0.8551401869158879,0.22429906542056074,-0.9579439252336449,-0.02336448598130841,-0.5,-0.10747663551401869,-0.7336448598130841,-0.16355140186915887,-0.883177570093458,-0.21495327102803738,-1.0,-0.1261682242990654,-0.411214953271028,-0.13551401869158877,-0.4439252336448598,-0.04672897196261682,-0.35514018691588783,0.009345794392523364,-0.2850467289719626,-0.20093457943925233,-0.29906542056074764,-0.18691588785046728,-0.3037383177570093,-0.11214953271028037,-0.2336448598130841,-0.06074766355140187,-0.17289719626168223
3,0.0,0.0,0.12857142857142856,-0.12857142857142856,0.1761904761904762,-0.2761904761904762,0.09523809523809523,-0.37142857142857144,-0.02857142857142857,-0.4095238095238095,0.13333333333333333,-0.5333333333333333,0.2,-0.7380952380952381,0.23333333333333334,-0.8714285714285714,0.2523809523809524,-0.9857142857142858,-0.014285714285714285,-0.5095238095238095,-0.08095238095238096,-0.7380952380952381,-0.10952380952380952,-0.8809523809523809,-0.1380952380952381,-1.0,-0.13333333333333333,-0.4238095238095238,-0.09523809523809523,-0.41904761904761906,-0.004761904761904762,-0.32857142857142857,0.04285714285714286,-0.2714285714285714,-0.21904761904761905,-0.3,-0.14285714285714285,-0.2523809523809524,-0.047619047619047616,-0.1761904761904762,0.009523809523809525,-0.12380952380952381
3,0.0,0.0,0.14414414414414414,-0.0945945945945946,0.22972972972972974,-0.22972972972972974,0.17567567567567569,-0.34684684684684686,0.05855855855855856,-0.4009009009009009,0.18468468468468469,-0.5135135135135135,0.25225225225225223,-0.7207207207207207,0.3063063063063063,-0.8333333333333334,0.35585585585585583,-0.9324324324324325,0.04054054054054054,-0.5225225225225225,0.02702702702702703,-0.7567567567567568,0.036036036036036036,-0.8963963963963963,0.04504504504504504,-1.0,-0.08558558558558559,-0.46396396396396394,-0.0045045045045045045,-0.4369369369369369,0.06756756756756757,-0.32882882882882886,0.0990990990990991,-0.24774774774774774,-0.18018018018018017,-0.36486486486486486,-0.05855855855855856,-0.28378378378378377,0.04954954954954955,-0.18468468468468469,0.11711711711711711,-0.10810810810810811
3,0.0,0.0,0.1552511415525114,-0.0776255707762557,0.2557077625570776,-0.2100456621004566,0.2465753424657534,-0.319634703196347,0.1461187214611872,-0.3744292237442922,0.2054794520547945,-0.502283105022831,0.2922374429223744,-0.7077625570776256,0.3470319634703196,-0.8310502283105022,0.3926940639269406,-0.9315068493150684,0.0593607305936073,-0.5159817351598174,0.045662100456621,-0.7397260273972602,0.0547945205479452,-0.8858447488584474,0.0684931506849315,-1.0,-0.0639269406392694,-0.4611872146118721,0.0410958904109589,-0.4292237442922374,0.1187214611872146,-0.319634703196347,0.1552511415525114,-0.2328767123287671,-0.1461187214611872,-0.365296803652968,-0.0091324200913242,-0.2785388127853881,0.1004566210045662,-0.182648401826484,0.1735159817351598,-0.1004566210045662
3,0.0,0.0,0.1552511415525114,-0.091324200913242,0.2694063926940639,-0.228310502283105,0.2648401826484018,-0.3515981735159817,0.1552511415525114,-0.3881278538812785,0.2009132420091324,-0.4977168949771689,0.2876712328767123,-0.7168949771689498,0.3424657534246575,-0.8356164383561644,0.3789954337899543,-0.9452054794520548,0.0639269406392694,-0.5159817351598174,0.0684931506849315,-0.7351598173515982,0.0821917808219178,-0.8858447488584474,0.0867579908675799,-1.0,-0.0547945205479452,-0.4657534246575342,0.0502283105022831,-0.4246575342465753,0.1232876712328767,-0.3150684931506849,0.1461187214611872,-0.2328767123287671,-0.1324200913242009,-0.3698630136986301,0.0091324200913242,-0.2876712328767123,0.1187214611872146,-0.1917808219178082,0.182648401826484,-0.1095890410958904
3,0.0,0.0,0.15350877192982457,-0.09210526315789473,0.2543859649122807,-0.2236842105263158,0.2631578947368421,-0.35526315789473684,0.16228070175438597,-0.40789473684210525,0.19298245614035087,-0.49122807017543857,0.2719298245614035,-0.6929824561403509,0.3201754385964912,-0.8114035087719298,0.3508771929824561,-0.9210526315789473,0.06140350877192982,-0.5131578947368421,0.05263157894736842,-0.7368421052631579,0.06140350877192982,-0.881578947368421,0.06578947368421052,-1.0,-0.04824561403508772,-0.4649122807017544,0.07456140350877193,-0.41228070175438597,0.13157894736842105,-0.2850877192982456,0.15350877192982457,-0.19298245614035087,-0.11842105263157894,-0.3684210526315789,0.017543859649122806,-0.2982456140350877,0.13157894736842105,-0.20614035087719298,0.21052631578947367,-0.12280701754385964
3,0.0,0.0,0.15151515151515152,-0.08658008658008658,0.2597402597402597,-0.22077922077922077,0.2683982683982684,-0.354978354978355,0.16883116883116883,-0.41125541125541126,0.19913419913419914,-0.48484848484848486,0.2857142857142857,-0.6883116883116883,0.3333333333333333,-0.8008658008658008,0.36363636363636365,-0.9090909090909091,0.06493506493506493,-0.5108225108225108,0.06926406926406926,-0.7359307359307359,0.07792207792207792,-0.8831168831168831,0.08658008658008658,-1.0,-0.047619047619047616,-0.4675324675324675,0.08225108225108226,-0.4155844155844156,0.13852813852813853,-0.2857142857142857,0.1471861471861472,-0.19047619047619047,-0.11688311688311688,-0.38095238095238093,0.025974025974025976,-0.30303030303030304,0.14285714285714285,-0.21212121212121213,0.22510822510822512,-0.12987012987012986
3,0.0,0.0,0.1375,-0.08333333333333333,0.2375,-0.23333333333333334,0.24583333333333332,-0.37083333333333335,0.1625,-0.42916666666666664,0.17083333333333334,-0.49166666666666664,0.25416666666666665,-0.6916666666666667,0.3,-0.8083333333333333,0.32916666666666666,-0.9083333333333333,0.041666666666666664,-0.5125,0.03333333333333333,-0.7416666666666667,0.05,-0.8875,0.0625,-1.0,-0.058333333333333334,-0.4666666666666667,0.07083333333333333,-0.45416666666666666,0.12083333333333333,-0.3416666666666667,0.125,-0.2625,-0.12083333333333333,-0.37916666666666665,0.025,-0.325,0.125,-0.24583333333333332,0.18333333333333332,-0.17916666666666667
3,0.0,0.0,0.15447154471544716,-0.0975609756097561,0.25609756097560976,-0.24390243902439024,0.27235772357723576,-0.37398373983739835,0.1991869918699187,-0.44308943089430897,0.1910569105691057,-0.491869918699187,0.2682926829268293,-0.6829268292682927,0.3089430894308943,-0.7967479674796748,0.34146341463414637,-0.8943089430894309,0.06910569105691057,-0.508130081300813,0.06097560975609756,-0.7439024390243902,0.07723577235772358,-0.8902439024390244,0.08536585365853659,-1.0,-0.032520325203252036,-0.4634146341463415,0.1016260162601626,-0.4715447154471545,0.17073170731707318,-0.35772357723577236,0.1910569105691057,-0.2764227642276423,-0.08943089430894309,-0.3821138211382114,0.06097560975609756,-0.34959349593495936,0.15853658536585366,-0.2764227642276423,0.21544715447154472,-0.21544715447154472
3,0.0,0.0,0.145748987854251,-0.09716599190283401,0.23481781376518218,-0.25101214574898784,0.242914979757085,-0.3805668016194332,0.1862348178137652,-0.47368421052631576,0.15789473684210525,-0.48582995951417,0.22672064777327935,-0.6761133603238867,0.26720647773279355,-0.7854251012145749,0.29554655870445345,-0.8785425101214575,0.04048582995951417,-0.4979757085020243,0.032388663967611336,-0.7408906882591093,0.044534412955465584,-0.8866396761133604,0.05263157894736842,-1.0,-0.06072874493927125,-0.4534412955465587,0.05668016194331984,-0.4898785425101215,0.1214574898785425,-0.38461538461538464,0.1417004048582996,-0.30364372469635625,-0.12550607287449392,-0.3724696356275304,0.016194331983805668,-0.3603238866396761,0.1214574898785425,-0.29554655870445345,0.1862348178137652,-0.23481781376518218
3,0.0,0.0,0.1383399209486166,-0.09881422924901186,0.22134387351778656,-0.26877470355731226,0.233201581027668,-0.40711462450592883,0.15810276679841898,-0.48616600790513836,0.1422924901185771,-0.4782608695652174,0.2134387351778656,-0.6640316205533597,0.25296442687747034,-0.7747035573122529,0.28063241106719367,-0.8695652173913043,0.023715415019762844,-0.49407114624505927,0.023715415019762844,-0.7351778656126482,0.03557312252964427,-0.8814229249011858,0.039525691699604744,-1.0,-0.07114624505928854,-0.4505928853754941,0.05533596837944664,-0.4980237154150198,0.11462450592885376,-0.383399209486166,0.11857707509881422,-0.30039525691699603,-0.13043478260869565,-0.37549407114624506,0.023715415019762844,-0.3715415019762846,0.13043478260869565,-0.30434782608695654,0.19367588932806323,-0.2490118577075099
3,0.0,0.0,0.12549019607843137,-0.10196078431372549,0.20392156862745098,-0.2627450980392157,0.21176470588235294,-0.40784313725490196,0.12549019607843137,-0.47843137254901963,0.12549019607843137,-0.4745098039215686,0.18823529411764706,-0.6627450980392157,0.23137254901960785,-0.7686274509803922,0.2549019607843137,-0.8627450980392157,0.00392156862745098,-0.4980392156862745,-0.00392156862745098,-0.7294117647058823,0.011764705882352941,-0.8784313725490196,0.0196078431372549,-1.0,-0.09411764705882353,-0.4549019607843137,0.043137254901960784,-0.4627450980392157,0.09411764705882353,-0.3411764705882353,0.10196078431372549,-0.2549019607843137,-0.1450980392156863,-0.3764705882352941,0.01568627450980392,-0.3411764705882353,0.13725490196078433,-0.2823529411764706,0.2196078431372549,-0.23529411764705882
3,0.0,0.0,0.13545816733067728,-0.09561752988047809,0.22310756972111553,-0.2589641434262948,0.2350597609561753,-0.4103585657370518,0.14342629482071714,-0.47808764940239046,0.1394422310756972,-0.47808764940239046,0.199203187250996,-0.6772908366533864,0.24302788844621515,-0.7808764940239044,0.26693227091633465,-0.8804780876494024,0.01593625498007968,-0.50199203187251,0.01593625498007968,-0.7370517928286853,0.03187250996015936,-0.8844621513944223,0.043824701195219126,-1.0,-0.08366533864541832,-0.46215139442231074,0.05179282868525897,-0.47808764940239046,0.09561752988047809,-0.35856573705179284,0.099601593625498,-0.27091633466135456,-0.1394422310756972,-0.38247011952191234,0.01593625498007968,-0.3466135458167331,0.13147410358565736,-0.28286852589641437,0.2151394422310757,-0.23107569721115537
3,0.0,0.0,0.14814814814814814,-0.09053497942386832,0.25102880658436216,-0.2551440329218107,0.26337448559670784,-0.40329218106995884,0.16872427983539096,-0.46502057613168724,0.1522633744855967,-0.5020576131687243,0.2222222222222222,-0.6954732510288066,0.26337448559670784,-0.8024691358024691,0.2880658436213992,-0.9012345679012346,0.03292181069958848,-0.5185185185185185,0.037037037037037035,-0.7489711934156379,0.053497942386831275,-0.8888888888888888,0.06172839506172839,-1.0,-0.06584362139917696,-0.4691358024691358,0.05761316872427984,-0.49794238683127573,0.11522633744855967,-0.3950617283950617,0.12345679012345678,-0.30864197530864196,-0.12757201646090535,-0.3786008230452675,0.02880658436213992,-0.3497942386831276,0.12345679012345678,-0.2716049382716049,0.17695473251028807,-0.20164609053497942
3,0.0,0.0,0.14583333333333334,-0.0875,0.25416666666666665,-0.22916666666666666,0.25416666666666665,-0.35833333333333334,0.16666666666666666,-0.4125,0.18333333333333332,-0.49583333333333335,0.25,-0.7041666666666667,0.29583333333333334,-0.8166666666666667,0.32083333333333336,-0.9166666666666666,0.058333333333333334,-0.5041666666666667,0.04583333333333333,-0.75,0.06666666666666667,-0.8916666666666667,0.075,-1.0,-0.0375,-0.45416666666666666,0.075,-0.45416666666666666,0.14583333333333334,-0.3625,0.16666666666666666,-0.29583333333333334,-0.1,-0.36666666666666664,0.05,-0.30833333333333335,0.15,-0.225,0.2,-0.15416666666666667
3,0.0,0.0,0.1608695652173913,-0.09565217391304348,0.26956521739130435,-0.2391304347826087,0.27391304347826084,-0.36086956521739133,0.16956521739130434,-0.4043478260869565,0.20869565217391303,-0.508695652173913,0.2826086956521739,-0.7217391304347827,0.3347826086956522,-0.8391304347826087,0.3652173913043478,-0.9478260869565217,0.06956521739130435,-0.5217391304347826,0.06956521739130435,-0.7521739130434782,0.09130434782608696,-0.8913043478260869,0.10434782608695652,-1.0,-0.0391304347826087,-0.47391304347826085,0.09565217391304348,-0.43478260869565216,0.1608695652173913,-0.33043478260869563,0.1782608695652174,-0.26521739130434785,-0.10434782608695652,-0.3739130434782609,0.06956521739130435,-0.27391304347826084,0.15217391304347827,-0.1782608695652174,0.18695652173913044,-0.12173913043478261
3,0.0,0.0,0.14485981308411214,-0.102803738317757,0.22897196261682243,-0.21962616822429906,0.2102803738317757,-0.3177570093457944,0.13551401869158877,-0.3691588785046729,0.14485981308411214,-0.5280373831775701,0.22897196261682243,-0.7383177570093458,0.2850467289719626,-0.8598130841121495,0.32710280373831774,-0.9626168224299065,0.0,-0.5233644859813084,-0.014018691588785047,-0.7570093457943925,0.0,-0.8925233644859814,0.014018691588785047,-1.0,-0.12149532710280374,-0.45794392523364486,-0.018691588785046728,-0.4392523364485981,0.09813084112149532,-0.37850467289719625,0.16822429906542055,-0.32710280373831774,-0.205607476635514,-0.35046728971962615,-0.07476635514018691,-0.27102803738317754,0.03271028037383177,-0.18691588785046728,0.102803738317757,-0.11682242990654206
3,0.0,0.0,0.09722222222222222,-0.11574074074074074,0.12037037037037036,-0.2638888888888889,0.05092592592592592,-0.36574074074074076,-0.06481481481481481,-0.4027777777777778,0.09259259259259259,-0.5138888888888888,0.1527777777777778,-0.7222222222222222,0.18981481481481483,-0.8472222222222222,0.21296296296296297,-0.9537037037037037,-0.037037037037037035,-0.5046296296296297,-0.08796296296296297,-0.7314814814814815,-0.11574074074074074,-0.8796296296296297,-0.1527777777777778,-1.0,-0.14814814814814814,-0.4305555555555556,-0.09722222222222222,-0.4398148148148148,-0.009259259259259259,-0.3472222222222222,0.032407407407407406,-0.27314814814814814,-0.23148148148148148,-0.3194444444444444,-0.16203703703703703,-0.3055555555555556,-0.08333333333333333,-0.2361111111111111,-0.037037037037037035,-0.1712962962962963
3,0.0,0.0,0.10599078341013825,-0.11059907834101383,0.12442396313364056,-0.2764976958525346,0.004608294930875576,-0.37327188940092165,-0.12903225806451613,-0.41935483870967744,0.059907834101382486,-0.5345622119815668,0.12442396313364056,-0.7419354838709677,0.15668202764976957,-0.8709677419354839,0.17511520737327188,-0.9769585253456221,-0.07373271889400922,-0.5207373271889401,-0.1382488479262673,-0.7419354838709677,-0.17050691244239632,-0.880184331797235,-0.20276497695852536,-1.0,-0.17511520737327188,-0.4423963133640553,-0.16589861751152074,-0.4377880184331797,-0.08755760368663594,-0.3225806451612903,-0.05069124423963134,-0.25806451612903225,-0.2534562211981567,-0.33640552995391704,-0.21658986175115208,-0.31336405529953915,-0.1382488479262673,-0.2350230414746544,-0.08755760368663594,-0.18433179723502305
3,0.0,0.0,0.11386138613861387,-0.12376237623762376,0.14356435643564355,-0.29207920792079206,0.024752475247524754,-0.38613861386138615,-0.10891089108910891,-0.43564356435643564,0.10891089108910891,-0.5396039603960396,0.16831683168316833,-0.7376237623762376,0.20297029702970298,-0.8613861386138614,0.22277227722772278,-0.9603960396039604,-0.024752475247524754,-0.5148514851485149,-0.09900990099009901,-0.7475247524752475,-0.13366336633663367,-0.8861386138613861,-0.16831683168316833,-1.0,-0.12871287128712872,-0.42574257425742573,-0.12376237623762376,-0.45544554455445546,-0.039603960396039604,-0.35148514851485146,0.0,-0.28217821782178215,-0.20297029702970298,-0.3118811881188119,-0.16336633663366337,-0.3118811881188119,-0.0891089108910891,-0.2376237623762376,-0.04950495049504951,-0.18316831683168316
3,0.0,0.0,0.1116751269035533,-0.116751269035533,0.1319796954314721,-0.28426395939086296,0.02030456852791878,-0.38578680203045684,-0.1065989847715736,-0.4517766497461929,0.1116751269035533,-0.5380710659898477,0.17258883248730963,-0.7360406091370558,0.20304568527918782,-0.8578680203045685,0.2182741116751269,-0.9593908629441624,-0.015228426395939087,-0.5177664974619289,-0.09137055837563451,-0.7411167512690355,-0.13705583756345177,-0.883248730964467,-0.17766497461928935,-1.0,-0.1116751269035533,-0.4263959390862944,-0.13705583756345177,-0.4720812182741117,-0.06091370558375635,-0.3604060913705584,-0.01015228426395939,-0.28426395939086296,-0.18781725888324874,-0.3096446700507614,-0.17766497461928935,-0.3248730964467005,-0.1116751269035533,-0.23857868020304568,-0.06091370558375635,-0.17258883248730963
3,0.0,0.0,0.10638297872340426,-0.12234042553191489,0.11170212765957446,-0.2925531914893617,-0.010638297872340425,-0.39361702127659576,-0.13297872340425532,-0.4627659574468085,0.09574468085106383,-0.5425531914893617,0.14893617021276595,-0.7340425531914894,0.18617021276595744,-0.8617021276595744,0.20212765957446807,-0.9627659574468085,-0.026595744680851064,-0.5212765957446809,-0.11170212765957446,-0.7446808510638298,-0.15425531914893617,-0.8829787234042553,-0.19680851063829788,-1.0,-0.1276595744680851,-0.43617021276595747,-0.1595744680851064,-0.48404255319148937,-0.0797872340425532,-0.3670212765957447,-0.031914893617021274,-0.2925531914893617,-0.19680851063829788,-0.324468085106383,-0.19680851063829788,-0.34574468085106386,-0.13297872340425532,-0.26063829787234044,-0.0851063829787234,-0.19680851063829788
3,0.0,0.0,0.10382513661202186,-0.13114754098360656,0.1092896174863388,-0.29508196721311475,0.0,-0.3989071038251366,-0.12021857923497267,-0.4644808743169399,0.09289617486338798,-0.5355191256830601,0.15300546448087432,-0.73224043715847,0.18579234972677597,-0.8524590163934426,0.20218579234972678,-0.9562841530054644,-0.0273224043715847,-0.5191256830601093,-0.10382513661202186,-0.7431693989071039,-0.15300546448087432,-0.8797814207650273,-0.1912568306010929,-1.0,-0.12568306010928962,-0.4371584699453552,-0.15846994535519127,-0.48633879781420764,-0.07650273224043716,-0.3770491803278688,-0.0273224043715847,-0.3005464480874317,-0.1912568306010929,-0.3224043715846995,-0.19672131147540983,-0.34972677595628415,-0.13114754098360656,-0.2677595628415301,-0.08743169398907104,-0.20765027322404372
3,0.0,0.0,0.12,-0.12571428571428572,0.12571428571428572,-0.2857142857142857,0.011428571428571429,-0.38857142857142857,-0.10857142857142857,-0.4514285714285714,0.10285714285714286,-0.5428571428571428,0.15428571428571428,-0.7428571428571429,0.18285714285714286,-0.8685714285714285,0.19428571428571428,-0.9714285714285714,-0.022857142857142857,-0.5257142857142857,-0.10857142857142857,-0.7428571428571429,-0.16,-0.8857142857142857,-0.2057142857142857,-1.0,-0.12,-0.4342857142857143,-0.15428571428571428,-0.48,-0.07428571428571429,-0.37714285714285717,-0.022857142857142857,-0.3028571428571429,-0.18857142857142858,-0.32,-0.19428571428571428,-0.34285714285714286,-0.12571428571428572,-0.26857142857142857,-0.07428571428571429,-0.2057142857142857
3,0.0,0.0,0.11046511627906977,-0.12209302325581395,0.11627906976744186,-0.28488372093023256,0.0,-0.3953488372093023,-0.12209302325581395,-0.45930232558139533,0.09883720930232558,-0.5406976744186046,0.14534883720930233,-0.7383720930232558,0.1744186046511628,-0.8604651162790697,0.19186046511627908,-0.9651162790697675,-0.029069767441860465,-0.5232558139534884,-0.11627906976744186,-0.7441860465116279,-0.16279069767441862,-0.877906976744186,-0.20930232558139536,-1.0,-0.12209302325581395,-0.43023255813953487,-0.1686046511627907,-0.48255813953488375,-0.08139534883720931,-0.37209302325581395,-0.029069767441860465,-0.29651162790697677,-0.19186046511627908,-0.313953488372093,-0.20348837209302326,-0.3372093023255814,-0.13372093023255813,-0.2558139534883721,-0.0872093023255814,-0.19767441860465115
3,0.0,0.0,0.1130952380952381,-0.13095238095238096,0.1130952380952381,-0.2916666666666667,0.005952380952380952,-0.39880952380952384,-0.10714285714285714,-0.4583333333333333,0.10119047619047619,-0.5357142857142857,0.15476190476190477,-0.7261904761904762,0.19047619047619047,-0.8511904761904762,0.20238095238095238,-0.9583333333333334,-0.017857142857142856,-0.5178571428571429,-0.09523809523809523,-0.7380952380952381,-0.14285714285714285,-0.8809523809523809,-0.18452380952380953,-1.0,-0.11904761904761904,-0.43452380952380953,-0.16071428571428573,-0.4880952380952381,-0.07738095238095238,-0.3869047619047619,-0.023809523809523808,-0.30952380952380953,-0.18452380952380953,-0.31547619047619047,-0.20238095238095238,-0.34523809523809523,-0.14285714285714285,-0.27380952380952384,-0.09523809523809523,-0.20833333333333334
3,0.0,0.0,0.12138728323699421,-0.12716763005780346,0.12716763005780346,-0.2947976878612717,0.005780346820809248,-0.4046242774566474,-0.10982658959537572,-0.4682080924855491,0.11560693641618497,-0.5260115606936416,0.17341040462427745,-0.7167630057803468,0.20809248554913296,-0.8439306358381503,0.23121387283236994,-0.9479768786127167,-0.005780346820809248,-0.5086705202312138,-0.06936416184971098,-0.7341040462427746,-0.10982658959537572,-0.8786127167630058,-0.14450867052023122,-1.0,-0.10404624277456648,-0.43352601156069365,-0.14450867052023122,-0.49710982658959535,-0.07514450867052024,-0.3872832369942196,-0.028901734104046242,-0.3063583815028902,-0.18497109826589594,-0.3236994219653179,-0.19653179190751446,-0.36416184971098264,-0.1329479768786127,-0.2832369942196532,-0.08092485549132948,-0.2138728323699422
3,0.0,0.0,0.11494252873563218,-0.1206896551724138,0.12643678160919541,-0.29310344827586204,0.017241379310344827,-0.39655172413793105,-0.10344827586206896,-0.46551724137931033,0.1206896551724138,-0.5229885057471264,0.1781609195402299,-0.7183908045977011,0.21264367816091953,-0.8390804597701149,0.22988505747126436,-0.9425287356321839,-0.005747126436781609,-0.5114942528735632,-0.06896551724137931,-0.735632183908046,-0.10344827586206896,-0.8793103448275862,-0.14367816091954022,-1.0,-0.10344827586206896,-0.43103448275862066,-0.14367816091954022,-0.4942528735632184,-0.06896551724137931,-0.3735632183908046,-0.017241379310344827,-0.29310344827586204,-0.1781609195402299,-0.3218390804597701,-0.1896551724137931,-0.3563218390804598,-0.12643678160919541,-0.27586206896551724,-0.08620689655172414,-0.20689655172413793
3,0.0,0.0,0.11797752808988764,-0.11235955056179775,0.1404494382022472,-0.28651685393258425,0.028089887640449437,-0.398876404494382,-0.0898876404494382,-0.46629213483146065,0.1348314606741573,-0.5112359550561798,0.20224719101123595,-0.7078651685393258,0.23595505617977527,-0.8258426966292135,0.25842696629213485,-0.9325842696629213,0.011235955056179775,-0.5056179775280899,-0.03932584269662921,-0.7303370786516854,-0.06741573033707865,-0.8764044943820225,-0.0898876404494382,-1.0,-0.09550561797752809,-0.42696629213483145,-0.11797752808988764,-0.48314606741573035,-0.05056179775280899,-0.3707865168539326,-0.0056179775280898875,-0.28651685393258425,-0.17415730337078653,-0.3202247191011236,-0.1797752808988764,-0.3539325842696629,-0.11235955056179775,-0.2696629213483146,-0.06179775280898876,-0.20786516853932585
3,0.0,0.0,0.12087912087912088,-0.11538461538461539,0.14835164835164835,-0.29120879120879123,0.038461538461538464,-0.4065934065934066,-0.08241758241758242,-0.4725274725274725,0.14285714285714285,-0.5164835164835165,0.2032967032967033,-0.7087912087912088,0.24175824175824176,-0.8296703296703297,0.25824175824175827,-0.9285714285714286,0.02197802197802198,-0.5054945054945055,-0.027472527472527472,-0.7307692307692307,-0.054945054945054944,-0.8736263736263736,-0.08241758241758242,-1.0,-0.08241758241758242,-0.4340659340659341,-0.11538461538461539,-0.4945054945054945,-0.04395604395604396,-0.37362637362637363,0.0,-0.2857142857142857,-0.16483516483516483,-0.3241758241758242,-0.17032967032967034,-0.3626373626373626,-0.1043956043956044,-0.27472527472527475,-0.06043956043956044,-0.2087912087912088
3,0.0,0.0,0.125,-0.10326086956521739,0.16304347826086957,-0.2717391304347826,0.06521739130434782,-0.3804347826086957,-0.059782608695652176,-0.45108695652173914,0.16847826086956522,-0.5108695652173914,0.23369565217391305,-0.7065217391304348,0.2717391304347826,-0.8260869565217391,0.29347826086956524,-0.9293478260869565,0.04891304347826087,-0.5163043478260869,0.021739130434782608,-0.7391304347826086,0.010869565217391304,-0.8804347826086957,0.005434782608695652,-1.0,-0.059782608695652176,-0.45108695652173914,-0.08695652173913043,-0.5217391304347826,-0.02717391304347826,-0.40217391304347827,0.010869565217391304,-0.31521739130434784,-0.14673913043478262,-0.34782608695652173,-0.14130434782608695,-0.3695652173913043,-0.08152173913043478,-0.27717391304347827,-0.03804347826086957,-0.21195652173913043
3,0.0,0.0,0.12568306010928962,-0.08743169398907104,0.16393442622950818,-0.2568306010928962,0.04371584699453552,-0.3551912568306011,-0.08196721311475409,-0.4207650273224044,0.18579234972677597,-0.5136612021857924,0.2459016393442623,-0.7103825136612022,0.2786885245901639,-0.8360655737704918,0.29508196721311475,-0.9453551912568307,0.060109289617486336,-0.5409836065573771,0.07103825136612021,-0.7486338797814208,0.08196721311475409,-0.8852459016393442,0.07103825136612021,-1.0,-0.04918032786885246,-0.4918032786885246,-0.1092896174863388,-0.6338797814207651,-0.08196721311475409,-0.5628415300546448,-0.060109289617486336,-0.5027322404371585,-0.1366120218579235,-0.3989071038251366,-0.13114754098360656,-0.4098360655737705,-0.08196721311475409,-0.32786885245901637,-0.04371584699453552,-0.26229508196721313
3,0.0,0.0,0.12169312169312169,-0.08465608465608465,0.15343915343915343,-0.24867724867724866,0.037037037037037035,-0.3386243386243386,-0.08994708994708994,-0.3968253968253968,0.1746031746031746,-0.4973544973544973,0.2328042328042328,-0.6878306878306878,0.26455026455026454,-0.8042328042328042,0.2804232804232804,-0.91005291005291,0.047619047619047616,-0.5185185185185185,0.06349206349206349,-0.7354497354497355,0.06878306878306878,-0.8783068783068783,0.06878306878306878,-1.0,-0.05291005291005291,-0.4708994708994709,-0.1164021164021164,-0.6031746031746031,-0.08994708994708994,-0.5396825396825397,-0.07407407407407407,-0.48677248677248675,-0.13227513227513227,-0.38095238095238093,-0.13227513227513227,-0.3915343915343915,-0.07936507936507936,-0.31216931216931215,-0.037037037037037035,-0.24867724867724866
3,0.0,0.0,0.12105263157894737,-0.08421052631578947,0.15263157894736842,-0.25263157894736843,0.031578947368421054,-0.34210526315789475,-0.09473684210526316,-0.4,0.1736842105263158,-0.5,0.23157894736842105,-0.6894736842105263,0.26842105263157895,-0.8105263157894737,0.28421052631578947,-0.9157894736842105,0.05263157894736842,-0.5210526315789473,0.06315789473684211,-0.7368421052631579,0.06842105263157895,-0.8789473684210526,0.06842105263157895,-1.0,-0.05263157894736842,-0.47368421052631576,-0.11052631578947368,-0.6105263157894737,-0.09473684210526316,-0.5526315789473685,-0.08421052631578947,-0.49473684210526314,-0.13157894736842105,-0.38421052631578945,-0.13157894736842105,-0.39473684210526316,-0.08421052631578947,-0.3105263157894737,-0.042105263157894736,-0.24210526315789474
3,0.0,0.0,0.12371134020618557,-0.08762886597938144,0.15463917525773196,-0.24742268041237114,0.041237113402061855,-0.33505154639175255,-0.08247422680412371,-0.3917525773195876,0.17525773195876287,-0.4948453608247423,0.23195876288659795,-0.6804123711340206,0.26288659793814434,-0.7989690721649485,0.27835051546391754,-0.9020618556701031,0.05154639175257732,-0.5154639175257731,0.061855670103092786,-0.7319587628865979,0.07216494845360824,-0.8762886597938144,0.06701030927835051,-1.0,-0.04639175257731959,-0.4690721649484536,-0.1134020618556701,-0.5979381443298969,-0.09278350515463918,-0.5412371134020618,-0.08247422680412371,-0.4896907216494845,-0.12371134020618557,-0.37628865979381443,-0.12371134020618557,-0.3865979381443299,-0.07731958762886598,-0.31443298969072164,-0.03608247422680412,-0.25257731958762886
3,0.0,0.0,0.11917098445595854,-0.08290155440414508,0.15544041450777202,-0.23834196891191708,0.031088082901554404,-0.32642487046632124,-0.09326424870466321,-0.38860103626943004,0.17098445595854922,-0.49222797927461137,0.22797927461139897,-0.6735751295336787,0.26424870466321243,-0.7927461139896373,0.27979274611398963,-0.9015544041450777,0.05181347150259067,-0.5129533678756477,0.06217616580310881,-0.7305699481865285,0.06735751295336788,-0.8756476683937824,0.06735751295336788,-1.0,-0.05181347150259067,-0.46632124352331605,-0.11398963730569948,-0.5906735751295337,-0.10362694300518134,-0.538860103626943,-0.09326424870466321,-0.48704663212435234,-0.12953367875647667,-0.37305699481865284,-0.13471502590673576,-0.38341968911917096,-0.08290155440414508,-0.30569948186528495,-0.046632124352331605,-0.24352331606217617
3,0.0,0.0,0.11917098445595854,-0.07772020725388601,0.15544041450777202,-0.23316062176165803,0.025906735751295335,-0.32642487046632124,-0.10362694300518134,-0.38860103626943004,0.16580310880829016,-0.49222797927461137,0.22797927461139897,-0.6735751295336787,0.25906735751295334,-0.7927461139896373,0.27979274611398963,-0.8963730569948186,0.046632124352331605,-0.5129533678756477,0.05699481865284974,-0.7305699481865285,0.06217616580310881,-0.8704663212435233,0.06217616580310881,-1.0,-0.05699481865284974,-0.46113989637305697,-0.11917098445595854,-0.5906735751295337,-0.10362694300518134,-0.5233160621761658,-0.09326424870466321,-0.46632124352331605,-0.13471502590673576,-0.36787564766839376,-0.13471502590673576,-0.38860103626943004,-0.08290155440414508,-0.31088082901554404,-0.04145077720207254,-0.24870466321243523
3,0.0,0.0,0.11917098445595854,-0.07772020725388601,0.15025906735751296,-0.23316062176165803,0.025906735751295335,-0.32642487046632124,-0.10362694300518134,-0.38341968911917096,0.16062176165803108,-0.48704663212435234,0.22279792746113988,-0.6735751295336787,0.25906735751295334,-0.7927461139896373,0.27461139896373055,-0.8963730569948186,0.04145077720207254,-0.5077720207253886,0.05181347150259067,-0.7305699481865285,0.06217616580310881,-0.8756476683937824,0.05699481865284974,-1.0,-0.05699481865284974,-0.46113989637305697,-0.12435233160621761,-0.5854922279792746,-0.10880829015544041,-0.5233160621761658,-0.09326424870466321,-0.46113989637305697,-0.13471502590673576,-0.36787564766839376,-0.13989637305699482,-0.38860103626943004,-0.08290155440414508,-0.31088082901554404,-0.03626943005181347,-0.24870466321243523
3,0.0,0.0,0.11458333333333333,-0.08854166666666667,0.14583333333333334,-0.23958333333333334,0.015625,-0.328125,-0.109375,-0.3854166666666667,0.15625,-0.4947916666666667,0.21354166666666666,-0.6822916666666666,0.24479166666666666,-0.8020833333333334,0.265625,-0.90625,0.03125,-0.5104166666666666,0.041666666666666664,-0.7291666666666666,0.046875,-0.875,0.041666666666666664,-1.0,-0.06770833333333333,-0.4583333333333333,-0.13541666666666666,-0.5833333333333334,-0.11979166666666667,-0.515625,-0.109375,-0.453125,-0.140625,-0.359375,-0.15104166666666666,-0.375,-0.09895833333333333,-0.296875,-0.057291666666666664,-0.234375
3,0.0,0.0,0.109375,-0.08333333333333333,0.13541666666666666,-0.22916666666666666,0.010416666666666666,-0.3125,-0.11458333333333333,-0.3697916666666667,0.13541666666666666,-0.4947916666666667,0.19270833333333334,-0.6875,0.21875,-0.8072916666666666,0.234375,-0.9114583333333334,0.015625,-0.5104166666666666,0.015625,-0.7291666666666666,0.015625,-0.875,0.010416666666666666,-1.0,-0.078125,-0.453125,-0.15625,-0.578125,-0.140625,-0.515625,-0.125,-0.453125,-0.15104166666666666,-0.3541666666666667,-0.171875,-0.375,-0.11979166666666667,-0.296875,-0.07291666666666667,-0.22916666666666666
3,0.0,0.0,0.11398963730569948,-0.08808290155440414,0.12953367875647667,-0.23834196891191708,0.0,-0.32124352331606215,-0.12953367875647667,-0.37305699481865284,0.12953367875647667,-0.49740932642487046,0.17616580310880828,-0.689119170984456,0.20207253886010362,-0.8082901554404145,0.21761658031088082,-0.9119170984455959,0.010362694300518135,-0.5077720207253886,0.0,-0.7305699481865285,-0.0051813471502590676,-0.8756476683937824,-0.010362694300518135,-1.0,-0.08808290155440414,-0.45077720207253885,-0.16580310880829016,-0.5751295336787565,-0.15544041450777202,-0.5181347150259067,-0.13989637305699482,-0.46632124352331605,-0.15544041450777202,-0.35233160621761656,-0.17098445595854922,-0.37305699481865284,-0.11917098445595854,-0.29533678756476683,-0.06735751295336788,-0.23316062176165803
3,0.0,0.0,0.11702127659574468,-0.0851063829787234,0.13297872340425532,-0.24468085106382978,0.0,-0.3351063829787234,-0.13297872340425532,-0.3882978723404255,0.13829787234042554,-0.5,0.18617021276595744,-0.6914893617021277,0.2127659574468085,-0.8138297872340425,0.22340425531914893,-0.9202127659574468,0.010638297872340425,-0.5159574468085106,0.005319148936170213,-0.7340425531914894,0.0,-0.8776595744680851,-0.005319148936170213,-1.0,-0.0851063829787234,-0.4627659574468085,-0.16489361702127658,-0.5797872340425532,-0.15425531914893617,-0.5319148936170213,-0.13829787234042554,-0.4946808510638298,-0.15425531914893617,-0.3670212765957447,-0.17553191489361702,-0.3776595744680851,-0.1276595744680851,-0.30851063829787234,-0.0797872340425532,-0.2553191489361702
3,0.0,0.0,0.10752688172043011,-0.08064516129032258,0.12903225806451613,-0.23118279569892472,-0.005376344086021506,-0.3225806451612903,-0.13440860215053763,-0.3870967741935484,0.13440860215053763,-0.5053763440860215,0.1827956989247312,-0.6935483870967742,0.21505376344086022,-0.8118279569892473,0.22580645161290322,-0.9193548387096774,0.010752688172043012,-0.5161290322580645,0.005376344086021506,-0.7419354838709677,0.0,-0.8817204301075269,-0.005376344086021506,-1.0,-0.08602150537634409,-0.45698924731182794,-0.16666666666666666,-0.5860215053763441,-0.16129032258064516,-0.532258064516129,-0.15053763440860216,-0.489247311827957,-0.15053763440860216,-0.3602150537634409,-0.17204301075268819,-0.3817204301075269,-0.12365591397849462,-0.3064516129032258,-0.08064516129032258,-0.24193548387096775
3,0.0,0.0,0.11052631578947368,-0.08421052631578947,0.1368421052631579,-0.24736842105263157,0.0,-0.3368421052631579,-0.12631578947368421,-0.39473684210526316,0.14210526315789473,-0.5,0.19473684210526315,-0.6842105263157895,0.22631578947368422,-0.8052631578947368,0.23684210526315788,-0.9105263157894737,0.021052631578947368,-0.5157894736842106,0.021052631578947368,-0.7368421052631579,0.021052631578947368,-0.8736842105263158,0.015789473684210527,-1.0,-0.07894736842105263,-0.45789473684210524,-0.14736842105263157,-0.5947368421052631,-0.1368421052631579,-0.531578947368421,-0.12631578947368421,-0.4789473684210526,-0.14736842105263157,-0.3631578947368421,-0.15789473684210525,-0.3894736842105263,-0.11052631578947368,-0.3105263157894737,-0.07368421052631578,-0.25263157894736843
3,0.0,0.0,0.10471204188481675,-0.08376963350785341,0.13089005235602094,-0.23036649214659685,0.005235602094240838,-0.32460732984293195,-0.11518324607329843,-0.387434554973822,0.14136125654450263,-0.49214659685863876,0.19895287958115182,-0.680628272251309,0.23036649214659685,-0.8010471204188482,0.24607329842931938,-0.9057591623036649,0.02617801047120419,-0.5130890052356021,0.02617801047120419,-0.7329842931937173,0.02617801047120419,-0.8743455497382199,0.02617801047120419,-1.0,-0.07329842931937172,-0.45549738219895286,-0.14136125654450263,-0.5863874345549738,-0.13089005235602094,-0.5235602094240838,-0.1256544502617801,-0.4607329842931937,-0.14136125654450263,-0.3612565445026178,-0.16753926701570682,-0.38219895287958117,-0.12041884816753927,-0.3036649214659686,-0.08376963350785341,-0.24083769633507854
3,0.0,0.0,0.12105263157894737,-0.06315789473684211,0.1736842105263158,-0.2,0.05263157894736842,-0.28421052631578947,-0.08421052631578947,-0.34210526315789475,0.1736842105263158,-0.49473684210526314,0.23157894736842105,-0.6894736842105263,0.2631578947368421,-0.8052631578947368,0.2789473684210526,-0.9157894736842105,0.042105263157894736,-0.5105263157894737,0.04736842105263158,-0.7368421052631579,0.05263157894736842,-0.8789473684210526,0.05263157894736842,-1.0,-0.06842105263157895,-0.4473684210526316,-0.11052631578947368,-0.5684210526315789,-0.08421052631578947,-0.47368421052631576,-0.06842105263157895,-0.4,-0.14736842105263157,-0.34210526315789475,-0.1368421052631579,-0.33157894736842103,-0.08421052631578947,-0.24736842105263157,-0.042105263157894736,-0.18421052631578946
3,0.0,0.0,0.12299465240641712,-0.0374331550802139,0.1711229946524064,-0.18181818181818182,0.0427807486631016,-0.26737967914438504,-0.10160427807486631,-0.3315508021390374,0.1711229946524064,-0.47058823529411764,0.22994652406417113,-0.6684491978609626,0.2620320855614973,-0.7914438502673797,0.27807486631016043,-0.9037433155080213,0.0374331550802139,-0.48663101604278075,0.03208556149732621,-0.7165775401069518,0.0374331550802139,-0.8663101604278075,0.0374331550802139,-1.0,-0.0748663101604278,-0.43315508021390375,-0.12834224598930483,-0.5508021390374331,-0.0962566844919786,-0.42245989304812837,-0.0748663101604278,-0.32085561497326204,-0.15508021390374332,-0.3315508021390374,-0.15508021390374332,-0.32085561497326204,-0.10160427807486631,-0.21390374331550802,-0.06417112299465241,-0.13903743315508021
3,0.0,0.0,0.12903225806451613,-0.03225806451612903,0.1827956989247312,-0.1774193548387097,0.04838709677419355,-0.25806451612903225,-0.0967741935483871,-0.3172043010752688,0.17204301075268819,-0.46774193548387094,0.23655913978494625,-0.6666666666666666,0.26881720430107525,-0.7903225806451613,0.2849462365591398,-0.9032258064516129,0.03763440860215054,-0.4838709677419355,0.03763440860215054,-0.7204301075268817,0.043010752688172046,-0.8709677419354839,0.043010752688172046,-1.0,-0.06989247311827956,-0.43010752688172044,-0.12365591397849462,-0.5483870967741935,-0.0913978494623656,-0.41935483870967744,-0.06989247311827956,-0.3172043010752688,-0.15053763440860216,-0.3333333333333333,-0.14516129032258066,-0.3279569892473118,-0.0913978494623656,-0.22043010752688172,-0.05913978494623656,-0.13978494623655913
3,0.0,0.0,0.12021857923497267,-0.0273224043715847,0.15300546448087432,-0.15846994535519127,0.01639344262295082,-0.21311475409836064,-0.13114754098360656,-0.25136612021857924,0.14754098360655737,-0.4644808743169399,0.20765027322404372,-0.6666666666666666,0.23497267759562843,-0.7978142076502732,0.25136612021857924,-0.912568306010929,0.01092896174863388,-0.46994535519125685,0.0,-0.7103825136612022,0.0,-0.8633879781420765,-0.01092896174863388,-1.0,-0.09836065573770492,-0.4098360655737705,-0.18032786885245902,-0.5245901639344263,-0.16393442622950818,-0.4262295081967213,-0.14754098360655737,-0.34972677595628415,-0.16939890710382513,-0.3005464480874317,-0.1912568306010929,-0.28415300546448086,-0.14207650273224043,-0.1912568306010929,-0.09836065573770492,-0.12021857923497267
3,0.0,0.0,0.11956521739130435,-0.021739130434782608,0.1358695652173913,-0.16847826086956522,-0.021739130434782608,-0.21739130434782608,-0.17391304347826086,-0.25,0.13043478260869565,-0.45108695652173914,0.1956521739130435,-0.657608695652174,0.22826086956521738,-0.7880434782608695,0.25,-0.9021739130434783,-0.005434782608695652,-0.46195652173913043,-0.021739130434782608,-0.7010869565217391,-0.02717391304347826,-0.8586956521739131,-0.03260869565217391,-1.0,-0.10869565217391304,-0.3967391304347826,-0.19021739130434784,-0.5,-0.16304347826086957,-0.391304347826087,-0.14130434782608695,-0.30978260869565216,-0.18478260869565216,-0.29347826086956524,-0.1956521739130435,-0.27717391304347827,-0.14673913043478262,-0.18478260869565216,-0.10869565217391304,-0.125
3,0.0,0.0,0.11413043478260869,-0.005434782608695652,0.14673913043478262,-0.14130434782608695,0.010869565217391304,-0.1956521739130435,-0.13043478260869565,-0.2391304347826087,0.14130434782608695,-0.44565217391304346,0.20652173913043478,-0.6521739130434783,0.24456521739130435,-0.782608695652174,0.266304347826087,-0.8967391304347826,0.005434782608695652,-0.45652173913043476,-0.016304347826086956,-0.6956521739130435,-0.02717391304347826,-0.8586956521739131,-0.03804347826086957,-1.0,-0.10326086956521739,-0.3967391304347826,-0.1956521739130435,-0.4945652173913043,-0.1793478260869565,-0.4076086956521739,-0.16847826086956522,-0.33695652173913043,-0.1793478260869565,-0.2826086956521739,-0.20652173913043478,-0.266304347826087,-0.16304347826086957,-0.16847826086956522,-0.125,-0.09239130434782608
3,0.0,0.0,0.1366120218579235,0.0,0.20765027322404372,-0.1092896174863388,0.07650273224043716,-0.17486338797814208,-0.07103825136612021,-0.2185792349726776,0.1912568306010929,-0.4262295081967213,0.2677595628415301,-0.639344262295082,0.3114754098360656,-0.7704918032786885,0.3333333333333333,-0.8797814207650273,0.04371584699453552,-0.44808743169398907,0.0273224043715847,-0.6994535519125683,0.01639344262295082,-0.8633879781420765,0.0,-1.0,-0.07650273224043716,-0.3879781420765027,-0.14754098360655737,-0.4918032786885246,-0.1366120218579235,-0.39344262295081966,-0.12568306010928962,-0.30601092896174864,-0.15846994535519127,-0.273224043715847,-0.16393442622950818,-0.23497267759562843,-0.09836065573770492,-0.12568306010928962,-0.04918032786885246,-0.04371584699453552
3,0.0,0.0,0.14210526315789473,0.0,0.22631578947368422,-0.11052631578947368,0.10526315789473684,-0.2,-0.04736842105263158,-0.25263157894736843,0.2,-0.43157894736842106,0.2894736842105263,-0.6368421052631579,0.3473684210526316,-0.7631578947368421,0.38421052631578945,-0.8736842105263158,0.05263157894736842,-0.45263157894736844,0.02631578947368421,-0.7052631578947368,0.015789473684210527,-0.868421052631579,0.0,-1.0,-0.06842105263157895,-0.3894736842105263,-0.11578947368421053,-0.4842105263157895,-0.06842105263157895,-0.3368421052631579,-0.042105263157894736,-0.22631578947368422,-0.15789473684210525,-0.2736842105263158,-0.14736842105263157,-0.2578947368421053,-0.07894736842105263,-0.14736842105263157,-0.02631578947368421,-0.05789473684210526
3,0.0,0.0,0.12254901960784313,-0.029411764705882353,0.1715686274509804,-0.18137254901960784,0.05392156862745098,-0.25980392156862747,-0.08823529411764706,-0.29901960784313725,0.1568627450980392,-0.45098039215686275,0.24509803921568626,-0.6519607843137255,0.29901960784313725,-0.7745098039215687,0.3333333333333333,-0.8823529411764706,0.0196078431372549,-0.46568627450980393,0.0,-0.7156862745098039,-0.00980392156862745,-0.8676470588235294,-0.03431372549019608,-1.0,-0.08823529411764706,-0.4019607843137255,-0.14705882352941177,-0.5343137254901961,-0.10294117647058823,-0.4068627450980392,-0.07352941176470588,-0.30392156862745096,-0.16666666666666666,-0.29411764705882354,-0.16176470588235295,-0.29901960784313725,-0.09803921568627451,-0.20098039215686275,-0.05392156862745098,-0.12254901960784313
3,0.0,0.0,0.12053571428571429,-0.08035714285714286,0.16964285714285715,-0.22767857142857142,0.04017857142857143,-0.3125,-0.10267857142857142,-0.36607142857142855,0.16071428571428573,-0.48660714285714285,0.22321428571428573,-0.6830357142857143,0.26339285714285715,-0.7991071428571429,0.29017857142857145,-0.90625,0.022321428571428572,-0.5,-0.004464285714285714,-0.7321428571428571,-0.008928571428571428,-0.8794642857142857,-0.026785714285714284,-1.0,-0.08482142857142858,-0.4375,-0.15178571428571427,-0.5580357142857143,-0.12053571428571429,-0.4732142857142857,-0.10267857142857142,-0.4017857142857143,-0.16071428571428573,-0.33035714285714285,-0.13392857142857142,-0.32142857142857145,-0.05803571428571429,-0.23660714285714285,-0.013392857142857142,-0.17410714285714285
3,0.0,0.0,0.11440677966101695,-0.08898305084745763,0.13983050847457626,-0.2457627118644068,-0.00847457627118644,-0.3177966101694915,-0.1483050847457627,-0.3771186440677966,0.13135593220338984,-0.4957627118644068,0.19915254237288135,-0.6779661016949152,0.24152542372881355,-0.7966101694915254,0.2627118644067797,-0.8983050847457628,0.0,-0.5042372881355932,-0.029661016949152543,-0.7330508474576272,-0.0423728813559322,-0.8771186440677966,-0.0635593220338983,-1.0,-0.1016949152542373,-0.4364406779661017,-0.17796610169491525,-0.5466101694915254,-0.15677966101694915,-0.5,-0.15254237288135594,-0.4533898305084746,-0.1694915254237288,-0.3305084745762712,-0.15254237288135594,-0.3347457627118644,-0.08050847457627118,-0.2627118644067797,-0.038135593220338986,-0.2033898305084746
3,0.0,0.0,0.11475409836065574,-0.09836065573770492,0.13114754098360656,-0.2540983606557377,-0.028688524590163935,-0.319672131147541,-0.1762295081967213,-0.3524590163934426,0.10655737704918032,-0.5,0.1680327868852459,-0.6885245901639344,0.20491803278688525,-0.8114754098360656,0.22131147540983606,-0.9180327868852459,-0.028688524590163935,-0.5040983606557377,-0.05737704918032787,-0.7254098360655737,-0.0778688524590164,-0.8729508196721312,-0.10245901639344263,-1.0,-0.12704918032786885,-0.4385245901639344,-0.22131147540983606,-0.5450819672131147,-0.20081967213114754,-0.4918032786885246,-0.18442622950819673,-0.45081967213114754,-0.18442622950819673,-0.3319672131147541,-0.20491803278688525,-0.3360655737704918,-0.14344262295081966,-0.26639344262295084,-0.09016393442622951,-0.20901639344262296
3,0.0,0.0,0.108,-0.08,0.124,-0.236,-0.036,-0.304,-0.188,-0.352,0.096,-0.492,0.152,-0.688,0.184,-0.812,0.2,-0.924,-0.04,-0.496,-0.068,-0.724,-0.092,-0.868,-0.112,-1.0,-0.136,-0.432,-0.236,-0.552,-0.208,-0.464,-0.184,-0.396,-0.196,-0.328,-0.228,-0.34,-0.172,-0.256,-0.124,-0.196
3,0.0,0.0,0.10424710424710425,-0.09266409266409266,0.11583011583011583,-0.2471042471042471,-0.03474903474903475,-0.3166023166023166,-0.1776061776061776,-0.36293436293436293,0.09266409266409266,-0.5019305019305019,0.14285714285714285,-0.6911196911196911,0.17374517374517376,-0.8108108108108109,0.1891891891891892,-0.918918918918919,-0.03861003861003861,-0.5057915057915058,-0.0694980694980695,-0.7258687258687259,-0.09266409266409266,-0.8687258687258688,-0.11583011583011583,-1.0,-0.13127413127413126,-0.44015444015444016,-0.23552123552123552,-0.555984555984556,-0.23166023166023167,-0.5096525096525096,-0.22007722007722008,-0.4826254826254826,-0.19305019305019305,-0.3359073359073359,-0.22393822393822393,-0.3359073359073359,-0.17374517374517376,-0.26640926640926643,-0.1274131274131274,-0.21235521235521235
3,0.0,0.0,0.1044776119402985,-0.08582089552238806,0.1044776119402985,-0.25,-0.055970149253731345,-0.3208955223880597,-0.19402985074626866,-0.3694029850746269,0.08955223880597014,-0.5,0.13805970149253732,-0.6902985074626866,0.16417910447761194,-0.8097014925373134,0.1791044776119403,-0.917910447761194,-0.041044776119402986,-0.5074626865671642,-0.07462686567164178,-0.7276119402985075,-0.10074626865671642,-0.8694029850746269,-0.12313432835820895,-1.0,-0.13432835820895522,-0.44776119402985076,-0.24253731343283583,-0.5671641791044776,-0.22388059701492538,-0.4925373134328358,-0.20149253731343283,-0.43656716417910446,-0.19402985074626866,-0.34328358208955223,-0.23507462686567165,-0.34328358208955223,-0.1865671641791045,-0.26119402985074625,-0.1417910447761194,-0.20522388059701493
3,0.0,0.0,0.10108303249097472,-0.09025270758122744,0.10469314079422383,-0.2490974729241877,-0.036101083032490974,-0.3249097472924188,-0.1588447653429603,-0.37545126353790614,0.10469314079422383,-0.5018050541516246,0.1588447653429603,-0.6895306859205776,0.19133574007220217,-0.8086642599277978,0.20577617328519857,-0.9133574007220217,-0.021660649819494584,-0.5090252707581228,-0.05776173285198556,-0.7292418772563177,-0.07942238267148015,-0.8700361010830325,-0.10469314079422383,-1.0,-0.11913357400722022,-0.44765342960288806,-0.22382671480144403,-0.5631768953068592,-0.20577617328519857,-0.49458483754512633,-0.18050541516245489,-0.44765342960288806,-0.18050541516245489,-0.34657039711191334,-0.22021660649819494,-0.34296028880866425,-0.17689530685920576,-0.27075812274368233,-0.1263537906137184,-0.22021660649819494
3,0.0,0.0,0.10774410774410774,-0.08080808080808081,0.1111111111111111,-0.2356902356902357,-0.026936026936026935,-0.31313131313131315,-0.16161616161616163,-0.367003367003367,0.10774410774410774,-0.494949494949495,0.15488215488215487,-0.6835016835016835,0.18855218855218855,-0.8047138047138047,0.2053872053872054,-0.9124579124579124,-0.02356902356902357,-0.5050505050505051,-0.050505050505050504,-0.7272727272727273,-0.0707070707070707,-0.8686868686868687,-0.09427609427609428,-1.0,-0.11784511784511785,-0.4478114478114478,-0.2255892255892256,-0.569023569023569,-0.2053872053872054,-0.5016835016835017,-0.17845117845117844,-0.4511784511784512,-0.17845117845117844,-0.3468013468013468,-0.21548821548821548,-0.3468013468013468,-0.16498316498316498,-0.26936026936026936,-0.10774410774410774,-0.21548821548821548
3,0.0,0.0,0.10932475884244373,-0.07717041800643087,0.1189710610932476,-0.22186495176848875,-0.01929260450160772,-0.2990353697749196,-0.15755627009646303,-0.3504823151125402,0.10610932475884244,-0.4919614147909968,0.15755627009646303,-0.6816720257234726,0.18971061093247588,-0.8006430868167203,0.2057877813504823,-0.9067524115755627,-0.01929260450160772,-0.5048231511254019,-0.04180064308681672,-0.7266881028938906,-0.06752411575562701,-0.8681672025723473,-0.0932475884244373,-1.0,-0.11254019292604502,-0.4437299035369775,-0.21864951768488747,-0.5627009646302251,-0.2057877813504823,-0.4919614147909968,-0.18006430868167203,-0.4405144694533762,-0.17363344051446947,-0.3408360128617363,-0.2315112540192926,-0.3504823151125402,-0.19292604501607716,-0.2765273311897106,-0.14469453376205788,-0.21864951768488747
3,0.0,0.0,0.11076923076923077,-0.07692307692307693,0.12307692307692308,-0.22153846153846155,-0.018461538461538463,-0.2953846153846154,-0.16,-0.3446153846153846,0.11076923076923077,-0.48615384615384616,0.16615384615384615,-0.6738461538461539,0.19692307692307692,-0.7938461538461539,0.2123076923076923,-0.9046153846153846,-0.015384615384615385,-0.49538461538461537,-0.04,-0.72,-0.06153846153846154,-0.8646153846153846,-0.09230769230769231,-1.0,-0.1076923076923077,-0.4369230769230769,-0.2153846153846154,-0.556923076923077,-0.19384615384615383,-0.47692307692307695,-0.16307692307692306,-0.41846153846153844,-0.16923076923076924,-0.3323076923076923,-0.22153846153846155,-0.3415384615384615,-0.17846153846153845,-0.26153846153846155,-0.12615384615384614,-0.20307692307692307
3,0.0,0.0,0.11077844311377245,-0.0718562874251497,0.12574850299401197,-0.2155688622754491,-0.017964071856287425,-0.2904191616766467,-0.16167664670658682,-0.3413173652694611,0.11676646706586827,-0.48502994011976047,0.16766467065868262,-0.6736526946107785,0.19760479041916168,-0.7934131736526946,0.2125748502994012,-0.9041916167664671,-0.011976047904191617,-0.49700598802395207,-0.03293413173652695,-0.7215568862275449,-0.05389221556886228,-0.8622754491017964,-0.08083832335329341,-1.0,-0.10479041916167664,-0.437125748502994,-0.20658682634730538,-0.562874251497006,-0.17964071856287425,-0.46107784431137727,-0.1437125748502994,-0.38323353293413176,-0.16766467065868262,-0.3323353293413174,-0.2215568862275449,-0.344311377245509,-0.17365269461077845,-0.26047904191616766,-0.11976047904191617,-0.19760479041916168
3,0.0,0.0,0.10703363914373089,-0.07033639143730887,0.12538226299694188,-0.21712538226299694,-0.024464831804281346,-0.290519877675841,-0.1712538226299694,-0.3394495412844037,0.11009174311926606,-0.48623853211009177,0.1651376146788991,-0.6758409785932722,0.19571865443425077,-0.7951070336391437,0.20795107033639143,-0.9051987767584098,-0.01834862385321101,-0.4954128440366973,-0.03669724770642202,-0.7247706422018348,-0.06116207951070336,-0.8654434250764526,-0.08868501529051988,-1.0,-0.11314984709480122,-0.43730886850152906,-0.22018348623853212,-0.5565749235474006,-0.1926605504587156,-0.45565749235474007,-0.15902140672782875,-0.382262996941896,-0.1743119266055046,-0.3302752293577982,-0.2324159021406728,-0.3363914373088685,-0.1834862385321101,-0.24770642201834864,-0.12844036697247707,-0.18654434250764526
3,0.0,0.0,0.10580204778156997,-0.07508532423208192,0.13651877133105803,-0.21160409556313994,0.0034129692832764505,-0.2832764505119454,-0.13993174061433447,-0.3310580204778157,0.1296928327645051,-0.4812286689419795,0.18088737201365188,-0.6757679180887372,0.2150170648464164,-0.7986348122866894,0.23208191126279865,-0.9112627986348123,-0.0034129692832764505,-0.49146757679180886,-0.030716723549488054,-0.726962457337884,-0.051194539249146756,-0.8703071672354948,-0.07167235494880546,-1.0,-0.10238907849829351,-0.4334470989761092,-0.19795221843003413,-0.5597269624573379,-0.16723549488054607,-0.4641638225255973,-0.13651877133105803,-0.3924914675767918,-0.16723549488054607,-0.32764505119453924,-0.18771331058020477,-0.3310580204778157,-0.1296928327645051,-0.24232081911262798,-0.06825938566552901,-0.17747440273037543
3,0.0,0.0,0.10810810810810811,-0.07335907335907337,0.14671814671814673,-0.21621621621621623,0.003861003861003861,-0.29343629343629346,-0.14285714285714285,-0.3474903474903475,0.1274131274131274,-0.49034749034749037,0.18532818532818532,-0.6833976833976834,0.22007722007722008,-0.803088803088803,0.23552123552123552,-0.915057915057915,-0.007722007722007722,-0.4980694980694981,-0.03088803088803089,-0.7297297297297297,-0.04247104247104247,-0.8725868725868726,-0.06563706563706563,-1.0,-0.10810810810810811,-0.4362934362934363,-0.1969111969111969,-0.5637065637065637,-0.16988416988416988,-0.4826254826254826,-0.14671814671814673,-0.41312741312741313,-0.17374517374517376,-0.3281853281853282,-0.1891891891891892,-0.33204633204633205,-0.1274131274131274,-0.2471042471042471,-0.07335907335907337,-0.18146718146718147
3,0.0,0.0,0.1125,-0.08333333333333333,0.15,-0.22916666666666666,0.0125,-0.3,-0.12083333333333333,-0.3375,0.125,-0.49166666666666664,0.1875,-0.6833333333333333,0.21666666666666667,-0.8041666666666667,0.23333333333333334,-0.9125,0.0,-0.5,-0.025,-0.7291666666666666,-0.0375,-0.8708333333333333,-0.05416666666666667,-1.0,-0.1,-0.4375,-0.18333333333333332,-0.5583333333333333,-0.15833333333333333,-0.49166666666666664,-0.1375,-0.43333333333333335,-0.1625,-0.3333333333333333,-0.175,-0.3416666666666667,-0.11666666666666667,-0.2625,-0.06666666666666667,-0.19583333333333333
3,0.0,0.0,0.13020833333333334,-0.09375,0.16145833333333334,-0.23958333333333334,0.046875,-0.3333333333333333,-0.078125,-0.4010416666666667,0.15625,-0.5,0.21875,-0.6927083333333334,0.24479166666666666,-0.8125,0.2552083333333333,-0.9166666666666666,0.03125,-0.515625,0.010416666666666666,-0.7395833333333334,0.0,-0.875,-0.015625,-1.0,-0.078125,-0.453125,-0.13541666666666666,-0.5677083333333334,-0.10416666666666667,-0.4947916666666667,-0.08333333333333333,-0.4375,-0.15104166666666666,-0.3489583333333333,-0.14583333333333334,-0.3541666666666667,-0.08854166666666667,-0.2916666666666667,-0.036458333333333336,-0.23958333333333334
3,0.0,0.0,0.12432432432432433,-0.0918918918918919,0.15135135135135136,-0.24324324324324326,0.03783783783783784,-0.33513513513513515,-0.08648648648648649,-0.3945945945945946,0.15135135135135136,-0.5027027027027027,0.21081081081081082,-0.6918918918918919,0.23783783783783785,-0.8108108108108109,0.24864864864864866,-0.918918918918919,0.021621621621621623,-0.5135135135135135,0.005405405405405406,-0.7297297297297297,-0.005405405405405406,-0.8756756756756757,-0.021621621621621623,-1.0,-0.08108108108108109,-0.4486486486486487,-0.14594594594594595,-0.572972972972973,-0.11351351351351352,-0.4864864864864865,-0.08648648648648649,-0.42162162162162165,-0.15675675675675677,-0.34054054054054056,-0.16756756756756758,-0.3621621621621622,-0.10810810810810811,-0.2972972972972973,-0.05945945945945946,-0.24324324324324326
3,0.0,0.0,0.11560693641618497,-0.09826589595375723,0.14450867052023122,-0.24277456647398843,0.028901734104046242,-0.3352601156069364,-0.09248554913294797,-0.3988439306358382,0.14450867052023122,-0.5028901734104047,0.2023121387283237,-0.6878612716763006,0.23121387283236994,-0.8034682080924855,0.24277456647398843,-0.9132947976878613,0.017341040462427744,-0.5086705202312138,0.0,-0.7283236994219653,-0.011560693641618497,-0.8728323699421965,-0.028901734104046242,-1.0,-0.08670520231213873,-0.4508670520231214,-0.15028901734104047,-0.5722543352601156,-0.12716763005780346,-0.5086705202312138,-0.10982658959537572,-0.4624277456647399,-0.15606936416184972,-0.3468208092485549,-0.1676300578034682,-0.3699421965317919,-0.10982658959537572,-0.31213872832369943,-0.05202312138728324,-0.26011560693641617
3,0.0,0.0,0.11904761904761904,-0.09523809523809523,0.14285714285714285,-0.25,0.02976190476190476,-0.34523809523809523,-0.09523809523809523,-0.4107142857142857,0.1488095238095238,-0.5,0.20238095238095238,-0.6904761904761905,0.23214285714285715,-0.8095238095238095,0.25,-0.9107142857142857,0.017857142857142856,-0.5119047619047619,0.0,-0.7321428571428571,-0.011904761904761904,-0.875,-0.02976190476190476,-1.0,-0.08333333333333333,-0.4523809523809524,-0.1488095238095238,-0.5773809523809523,-0.125,-0.5178571428571429,-0.10119047619047619,-0.4642857142857143,-0.16071428571428573,-0.35119047619047616,-0.16071428571428573,-0.375,-0.10119047619047619,-0.32142857142857145,-0.041666666666666664,-0.27380952380952384
3,0.0,0.0,0.12352941176470589,-0.1,0.1411764705882353,-0.24705882352941178,0.023529411764705882,-0.3411764705882353,-0.09411764705882353,-0.4,0.1411764705882353,-0.5058823529411764,0.2,-0.6882352941176471,0.2235294117647059,-0.8117647058823529,0.23529411764705882,-0.9176470588235294,0.01764705882352941,-0.5117647058823529,0.0,-0.7294117647058823,-0.01764705882352941,-0.8764705882352941,-0.03529411764705882,-1.0,-0.08235294117647059,-0.4470588235294118,-0.14705882352941177,-0.5705882352941176,-0.13529411764705881,-0.5411764705882353,-0.11764705882352941,-0.5058823529411764,-0.1588235294117647,-0.3411764705882353,-0.17647058823529413,-0.38235294117647056,-0.11764705882352941,-0.3352941176470588,-0.052941176470588235,-0.28823529411764703
3,0.0,0.0,0.11834319526627218,-0.10650887573964497,0.14201183431952663,-0.2603550295857988,0.029585798816568046,-0.34911242603550297,-0.08875739644970414,-0.40236686390532544,0.13609467455621302,-0.514792899408284,0.1893491124260355,-0.7041420118343196,0.21893491124260356,-0.8224852071005917,0.22485207100591717,-0.9289940828402367,0.011834319526627219,-0.5207100591715976,-0.005917159763313609,-0.7337278106508875,-0.029585798816568046,-0.8757396449704142,-0.047337278106508875,-1.0,-0.08875739644970414,-0.4556213017751479,-0.15976331360946747,-0.5739644970414202,-0.14792899408284024,-0.5502958579881657,-0.1301775147928994,-0.5266272189349113,-0.16568047337278108,-0.34911242603550297,-0.17751479289940827,-0.378698224852071,-0.11834319526627218,-0.33136094674556216,-0.05325443786982249,-0.28994082840236685
